student,session,frame_id,time_s,trigger,pixel_change_pct,speaker_role,primary_behavior,secondary_behavior,screen_context,deepen_phase,confidence
Amy,codap_21apr,frame_0001,216.6,motion_threshold_exceeded,15.7461,teacher,OFF_TASK,,MENU,IDLE,HIGH
Amy,codap_21apr,frame_0002,349.9,codap_static_gap_fill,,unknown,IDLE_THINKING,,TREE,IDLE,MEDIUM
Amy,codap_21apr,frame_0003,361.2,motion_threshold_exceeded,2.5802,teacher,OFF_TASK,,MIXED,IDLE,MEDIUM
Amy,codap_21apr,frame_0004,362.1,speech_anchor_midpoint,,classmate,OFF_TASK,,MIXED,IDLE,HIGH
Amy,codap_21apr,frame_0005,369.2,motion_threshold_exceeded,2.4763,student,IDLE_THINKING,,TREE,IDLE,MEDIUM
Amy,codap_21apr,frame_0006,370.4,motion_threshold_exceeded,14.3382,student,OFF_TASK,,MENU,IDLE,HIGH
Amy,codap_21apr,frame_0007,373.9,motion_threshold_exceeded,1.216,classmate,IDLE_THINKING,,MIXED,IDLE,MEDIUM
Amy,codap_21apr,frame_0008,374.1,speech_anchor_midpoint,,classmate,EXPLORE_DATA,,MIXED,SETUP,HIGH
Amy,codap_21apr,frame_0009,375.7,motion_threshold_exceeded,1.3173,classmate,EXPLORE_DATA,,CODAP,SETUP,HIGH
Amy,codap_21apr,frame_0010,376.1,speech_anchor_midpoint,,classmate,EXPLORE_DATA,,MIXED,SETUP,HIGH
Amy,codap_21apr,frame_0011,382.5,motion_threshold_exceeded,4.7496,teacher,EXPLORE_DATA,,MIXED,SETUP,HIGH
Amy,codap_21apr,frame_0012,384.3,motion_threshold_exceeded,4.6532,teacher,EXPLORE_DATA,,MIXED,SETUP,HIGH
Amy,codap_21apr,frame_0013,387.7,speech_anchor_midpoint,,classmate,EXPLORE_DATA,,CODAP,SETUP,HIGH
Amy,codap_21apr,frame_0014,443.7,motion_threshold_exceeded,1.3509,teacher,EXPLORE_DATA,,CODAP,SETUP,HIGH
Amy,codap_21apr,frame_0015,533.7,codap_static_gap_fill,,unknown,EXPLORE_DATA,,CODAP,SETUP,HIGH
Amy,codap_21apr,frame_0016,615.7,motion_threshold_exceeded,1.287,teacher,EXPLORE_DATA,,MIXED,SETUP,MEDIUM
Amy,codap_21apr,frame_0017,616.1,speech_anchor_midpoint,,classmate,EXPLORE_DATA,,MIXED,SETUP,HIGH
Amy,codap_21apr,frame_0018,619.4,motion_threshold_exceeded,3.1613,teacher,EXPLORE_DATA,,MIXED,SETUP,MEDIUM
Amy,codap_21apr,frame_0019,626.1,speech_anchor_midpoint,,classmate,EXPLORE_DATA,,MIXED,SETUP,HIGH
Amy,codap_21apr,frame_0020,649.4,motion_threshold_exceeded,1.6468,teacher,EXPLORE_DATA,,MIXED,SETUP,MEDIUM
Amy,codap_21apr,frame_0021,651.7,motion_threshold_exceeded,1.4666,student,EXPLORE_DATA,,MIXED,SETUP,MEDIUM
Amy,codap_21apr,frame_0022,657.1,motion_threshold_exceeded,6.6568,student,EXPLORE_DATA,,MIXED,SETUP,HIGH
Amy,codap_21apr,frame_0023,658.1,speech_anchor_midpoint,,student,EXPLORE_DATA,,MIXED,SETUP,HIGH
Amy,codap_21apr,frame_0024,659.7,motion_threshold_exceeded,6.6568,teacher,EXPLORE_DATA,,MIXED,SETUP,MEDIUM
Amy,codap_21apr,frame_0025,660.1,speech_anchor_midpoint,,student,EXPLORE_DATA,,MIXED,SETUP,HIGH
Amy,codap_21apr,frame_0026,677.2,motion_threshold_exceeded,6.4823,teacher,EXPLORE_DATA,,MIXED,SETUP,HIGH
Amy,codap_21apr,frame_0027,768.1,codap_static_gap_fill,,unknown,EXPLORE_DATA,,MIXED,SETUP,HIGH
Amy,codap_21apr,frame_0028,772.5,motion_threshold_exceeded,2.587,teacher,EXPLORE_DATA,,MIXED,SETUP,MEDIUM
Amy,codap_21apr,frame_0029,775.1,speech_anchor_midpoint,,teacher,EXPLORE_DATA,,MIXED,SETUP,MEDIUM
Amy,codap_21apr,frame_0030,785.3,motion_threshold_exceeded,1.2973,teacher,EXPLORE_DATA,,MIXED,SETUP,MEDIUM
Amy,codap_21apr,frame_0031,786.4,motion_threshold_exceeded,6.6534,teacher,EXPLORE_DATA,,MIXED,SETUP,MEDIUM
Amy,codap_21apr,frame_0032,787.5,motion_threshold_exceeded,6.651,teacher,EXPLORE_DATA,,MIXED,SETUP,HIGH
Amy,codap_21apr,frame_0033,790.2,motion_threshold_exceeded,6.0702,teacher,EXPLORE_DATA,,MIXED,SETUP,HIGH
Amy,codap_21apr,frame_0034,796.1,speech_anchor_midpoint,,teacher,EXPLORE_DATA,,MIXED,SETUP,HIGH
Amy,codap_21apr,frame_0035,812.1,speech_anchor_midpoint,,student,EXPLORE_DATA,SELECT_TARGET,MIXED,SETUP,MEDIUM
Amy,codap_21apr,frame_0036,839.6,motion_threshold_exceeded,7.097,classmate,EXPLORE_DATA,,MIXED,SETUP,MEDIUM
Amy,codap_21apr,frame_0037,842.1,speech_anchor_midpoint,,teacher,EXPLORE_DATA,,MIXED,SETUP,MEDIUM
Amy,codap_21apr,frame_0038,846.8,motion_threshold_exceeded,7.0795,classmate,EXPLORE_DATA,,MIXED,SETUP,MEDIUM
Amy,codap_21apr,frame_0039,848.1,speech_anchor_midpoint,,classmate,EXPLORE_DATA,,MIXED,SETUP,MEDIUM
Amy,codap_21apr,frame_0040,861.2,motion_threshold_exceeded,7.0089,teacher,EXPLORE_DATA,,MIXED,SETUP,MEDIUM
Amy,codap_21apr,frame_0041,864.1,speech_anchor_midpoint,,teacher,EXPLORE_DATA,,MIXED,SETUP,HIGH
Amy,codap_21apr,frame_0042,901.1,motion_threshold_exceeded,7.0446,teacher,EXPLORE_DATA,,MIXED,SETUP,MEDIUM
Amy,codap_21apr,frame_0043,902.2,speech_anchor_midpoint,,teacher,EXPLORE_DATA,,MIXED,SETUP,HIGH
Amy,codap_21apr,frame_0044,919.9,motion_threshold_exceeded,7.0694,,EXPLORE_DATA,,MIXED,SETUP,MEDIUM
Amy,codap_21apr,frame_0045,922.1,speech_anchor_midpoint,,student,EXPLORE_DATA,,MIXED,SETUP,MEDIUM
Amy,codap_21apr,frame_0046,932.0,motion_threshold_exceeded,7.039,classmate,EXPLORE_DATA,,MIXED,SETUP,MEDIUM
Amy,codap_21apr,frame_0047,933.9,speech_anchor_midpoint,,teacher,EXPLORE_DATA,,MIXED,SETUP,HIGH
Amy,codap_21apr,frame_0048,978.8,motion_threshold_exceeded,2.0577,teacher,EXPLORE_DATA,,MIXED,SETUP,MEDIUM
Amy,codap_21apr,frame_0049,981.0,motion_threshold_exceeded,1.2986,teacher,EXPLORE_DATA,,MIXED,SETUP,MEDIUM
Amy,codap_21apr,frame_0050,982.7,speech_anchor_midpoint,,classmate,EXPLORE_DATA,,MIXED,SETUP,HIGH
Amy,codap_21apr,frame_0051,984.7,speech_anchor_midpoint,,student,EXPLORE_DATA,,MIXED,SETUP,HIGH
Amy,codap_21apr,frame_0052,1042.1,motion_threshold_exceeded,7.0316,teacher,EXPLORE_DATA,,MIXED,SETUP,MEDIUM
Amy,codap_21apr,frame_0053,1044.0,speech_anchor_midpoint,,classmate,EXPLORE_DATA,,MIXED,SETUP,HIGH
Amy,codap_21apr,frame_0054,1085.2,motion_threshold_exceeded,7.0675,classmate,EXPLORE_DATA,,MIXED,SETUP,MEDIUM
Amy,codap_21apr,frame_0055,1087.5,speech_anchor_midpoint,,classmate,EXPLORE_DATA,,MIXED,SETUP,MEDIUM
Amy,codap_21apr,frame_0056,1095.9,motion_threshold_exceeded,7.162,,EXPLORE_DATA,,MIXED,SETUP,MEDIUM
Amy,codap_21apr,frame_0057,1102.9,motion_threshold_exceeded,2.1385,,EXPLORE_DATA,,MIXED,SETUP,MEDIUM
Amy,codap_21apr,frame_0058,1193.0,codap_static_gap_fill,,unknown,EXPLORE_DATA,,MIXED,SETUP,HIGH
Amy,codap_21apr,frame_0059,1283.1,codap_static_gap_fill,,unknown,EXPLORE_DATA,,MIXED,SETUP,HIGH
Amy,codap_21apr,frame_0060,1373.1,codap_static_gap_fill,,unknown,EXPLORE_DATA,,MIXED,SETUP,MEDIUM
Amy,codap_21apr,frame_0061,1384.2,motion_threshold_exceeded,2.3835,student,EXPLORE_DATA,,MIXED,SETUP,MEDIUM
Amy,codap_21apr,frame_0062,1386.1,motion_threshold_exceeded,2.8829,student,EXPLORE_DATA,,MIXED,SETUP,MEDIUM
Amy,codap_21apr,frame_0063,1388.5,motion_threshold_exceeded,1.2809,,EXPLORE_DATA,,MIXED,SETUP,MEDIUM
Amy,codap_21apr,frame_0064,1390.0,motion_threshold_exceeded,1.2058,,EXPLORE_DATA,,MIXED,SETUP,MEDIUM
Amy,codap_21apr,frame_0065,1392.1,motion_threshold_exceeded,1.3781,,EXPLORE_DATA,,MIXED,SETUP,MEDIUM
Amy,codap_21apr,frame_0066,1395.4,motion_threshold_exceeded,1.956,,EXPLORE_DATA,,MIXED,SETUP,MEDIUM
Amy,codap_21apr,frame_0067,1397.4,motion_threshold_exceeded,1.8113,,EXPLORE_DATA,,MIXED,SETUP,MEDIUM
Amy,codap_21apr,frame_0068,1402.2,motion_threshold_exceeded,1.2105,,EXPLORE_DATA,,MIXED,SETUP,MEDIUM
Amy,codap_21apr,frame_0069,1409.8,motion_threshold_exceeded,1.3407,,EXPLORE_DATA,,MIXED,SETUP,HIGH
Amy,codap_21apr,frame_0070,1500.4,codap_static_gap_fill,,unknown,EXPLORE_DATA,,MIXED,SETUP,MEDIUM
Amy,codap_21apr,frame_0071,1576.2,motion_threshold_exceeded,2.43,teacher,EXPLORE_DATA,,MIXED,SETUP,MEDIUM
Amy,codap_21apr,frame_0072,1584.8,motion_threshold_exceeded,5.6732,,EXPLORE_DATA,,MIXED,SETUP,MEDIUM
Amy,codap_21apr,frame_0073,1604.2,motion_threshold_exceeded,1.2404,,EXPLORE_DATA,,MIXED,SETUP,MEDIUM
Amy,codap_21apr,frame_0074,1605.9,motion_threshold_exceeded,2.2301,,EXPLORE_DATA,,MIXED,SETUP,MEDIUM
Amy,codap_21apr,frame_0075,1622.2,motion_threshold_exceeded,1.3881,,EXPLORE_DATA,,MIXED,SETUP,MEDIUM
Amy,codap_21apr,frame_0076,1623.2,motion_threshold_exceeded,1.3474,student,EXPLORE_DATA,,MIXED,SETUP,MEDIUM
Amy,codap_21apr,frame_0077,1624.3,motion_threshold_exceeded,1.7737,student,EXPLORE_DATA,,MIXED,SETUP,MEDIUM
Amy,codap_21apr,frame_0078,1624.9,speech_anchor_midpoint,,teacher,EXPLORE_DATA,EXPLORE_DATA,MIXED,SETUP,MEDIUM
Amy,codap_21apr,frame_0079,1625.9,motion_threshold_exceeded,1.821,student,EXPLORE_DATA,,MIXED,SETUP,MEDIUM
Amy,codap_21apr,frame_0080,1627.5,motion_threshold_exceeded,1.3922,teacher,EXPLORE_DATA,,MIXED,SETUP,MEDIUM
Amy,codap_21apr,frame_0081,1628.2,speech_anchor_midpoint,,classmate,EXPLORE_DATA,,MIXED,SETUP,MEDIUM
Amy,codap_21apr,frame_0082,1629.3,motion_threshold_exceeded,3.4724,teacher,EXPLORE_DATA,,MIXED,SETUP,MEDIUM
Amy,codap_21apr,frame_0083,1636.7,motion_threshold_exceeded,1.7959,,EXPLORE_DATA,,MIXED,SETUP,MEDIUM
Amy,codap_21apr,frame_0084,1647.2,motion_threshold_exceeded,1.4599,,EXPLORE_DATA,,MIXED,SETUP,MEDIUM
Amy,codap_21apr,frame_0085,1687.7,motion_threshold_exceeded,2.8679,student,EXPLORE_DATA,,MIXED,SETUP,MEDIUM
Amy,codap_21apr,frame_0086,1688.4,speech_anchor_midpoint,,teacher,EXPLORE_DATA,,MIXED,SETUP,MEDIUM
Amy,codap_21apr,frame_0087,1692.3,speech_anchor_midpoint,,teacher,EXPLORE_DATA,,MIXED,SETUP,MEDIUM
Amy,codap_21apr,frame_0088,1697.4,speech_anchor_midpoint,,classmate,EXPLORE_DATA,,MIXED,SETUP,MEDIUM
Amy,codap_21apr,frame_0089,1700.7,motion_threshold_exceeded,2.5673,teacher,EXPLORE_DATA,,MIXED,SETUP,MEDIUM
Amy,codap_21apr,frame_0090,1702.8,motion_threshold_exceeded,1.4371,teacher,EXPLORE_DATA,,MIXED,SETUP,HIGH
Amy,codap_21apr,frame_0091,1704.3,motion_threshold_exceeded,2.9431,,EXPLORE_DATA,,MIXED,SETUP,MEDIUM
Amy,codap_21apr,frame_0092,1724.5,motion_threshold_exceeded,13.8362,teacher,EXPLORE_DATA,,MIXED,SETUP,MEDIUM
Amy,codap_21apr,frame_0093,1725.6,motion_threshold_exceeded,6.1084,teacher,EXPLORE_DATA,,MIXED,SETUP,MEDIUM
Amy,codap_21apr,frame_0094,1746.8,motion_threshold_exceeded,4.7309,teacher,EXPLORE_DATA,,MIXED,SETUP,MEDIUM
Amy,codap_21apr,frame_0095,1753.9,motion_threshold_exceeded,5.544,teacher,EXPLORE_DATA,,MIXED,SETUP,MEDIUM
Amy,codap_21apr,frame_0096,1807.4,motion_threshold_exceeded,2.1319,,EXPLORE_DATA,,MIXED,SETUP,MEDIUM
Amy,codap_21apr,frame_0097,1817.6,motion_threshold_exceeded,6.2733,student,EXPLORE_DATA,,MIXED,SETUP,MEDIUM
Amy,codap_21apr,frame_0098,1818.8,speech_anchor_midpoint,,student,EXPLORE_DATA,,MIXED,SETUP,MEDIUM
Amy,codap_21apr,frame_0099,1820.8,motion_threshold_exceeded,5.2517,student,EXPLORE_DATA,,MIXED,SETUP,MEDIUM
Amy,codap_21apr,frame_0100,1825.0,speech_anchor_midpoint,,student,EXPLORE_DATA,,MIXED,SETUP,HIGH
Amy,codap_21apr,frame_0101,1839.5,speech_anchor_midpoint,,classmate,EXPLORE_DATA,,MIXED,SETUP,MEDIUM
Amy,codap_21apr,frame_0102,1909.7,motion_threshold_exceeded,6.7531,teacher,EXPLORE_DATA,,MIXED,SETUP,MEDIUM
Amy,codap_21apr,frame_0103,1914.5,motion_threshold_exceeded,6.4383,teacher,EXPLORE_DATA,,MIXED,SETUP,MEDIUM
Amy,codap_21apr,frame_0104,1918.8,motion_threshold_exceeded,5.7357,teacher,EXPLORE_DATA,,MIXED,SETUP,MEDIUM
Amy,codap_21apr,frame_0105,1919.9,motion_threshold_exceeded,7.3337,teacher,EXPLORE_DATA,,MIXED,SETUP,MEDIUM
Amy,codap_21apr,frame_0106,1921.1,motion_threshold_exceeded,6.8482,teacher,EXPLORE_DATA,,MIXED,SETUP,MEDIUM
Amy,codap_21apr,frame_0107,1923.2,motion_threshold_exceeded,1.8436,teacher,EXPLORE_DATA,,MIXED,SETUP,MEDIUM
Amy,codap_21apr,frame_0108,1925.2,speech_anchor_midpoint,,student,EXPLORE_DATA,,MIXED,SETUP,MEDIUM
Amy,codap_21apr,frame_0109,1931.2,motion_threshold_exceeded,3.1244,,EXPLORE_DATA,,MIXED,SETUP,MEDIUM
Amy,codap_21apr,frame_0110,1934.7,motion_threshold_exceeded,8.5131,,EXPLORE_DATA,,MIXED,SETUP,MEDIUM
Amy,codap_21apr,frame_0111,1936.1,motion_threshold_exceeded,2.3777,,EXPLORE_DATA,,MIXED,SETUP,MEDIUM
Amy,codap_21apr,frame_0112,1938.7,motion_threshold_exceeded,17.4369,teacher,EXPLORE_DATA,,MIXED,SETUP,MEDIUM
Amy,codap_21apr,frame_0113,1939.9,motion_threshold_exceeded,7.6427,teacher,EXPLORE_DATA,,MIXED,SETUP,MEDIUM
Amy,codap_21apr,frame_0114,1941.5,motion_threshold_exceeded,15.6726,,EXPLORE_DATA,,MIXED,SETUP,MEDIUM
Amy,codap_21apr,frame_0115,1977.4,motion_threshold_exceeded,18.0145,,EXPLORE_DATA,,MIXED,SETUP,MEDIUM
Amy,codap_21apr,frame_0116,1978.5,motion_threshold_exceeded,2.8281,teacher,EXPLORE_DATA,,MIXED,SETUP,MEDIUM
Amy,codap_21apr,frame_0117,1979.3,motion_threshold_exceeded,5.021,,EXPLORE_DATA,,MIXED,SETUP,MEDIUM
Amy,codap_21apr,frame_0118,1980.0,speech_anchor_midpoint,,teacher,EXPLORE_DATA,,MIXED,SETUP,MEDIUM
Amy,codap_21apr,frame_0119,1989.2,speech_anchor_midpoint,,classmate,EXPLORE_DATA,EXPLORE_DATA,MIXED,SETUP,MEDIUM
Amy,codap_21apr,frame_0120,1996.0,speech_anchor_midpoint,,classmate,EXPLORE_DATA,,MIXED,SETUP,MEDIUM
Amy,codap_21apr,frame_0121,2001.2,speech_anchor_midpoint,,classmate,EXPLORE_DATA,,MIXED,SETUP,MEDIUM
Amy,codap_21apr,frame_0122,2008.0,motion_threshold_exceeded,4.0023,teacher,EXPLORE_DATA,,MIXED,SETUP,MEDIUM
Amy,codap_21apr,frame_0123,2012.7,motion_threshold_exceeded,18.2164,teacher,EXPLORE_DATA,,MIXED,SETUP,MEDIUM
Amy,codap_21apr,frame_0124,2026.8,motion_threshold_exceeded,3.1364,,EXPLORE_DATA,,MIXED,SETUP,MEDIUM
Amy,codap_21apr,frame_0125,2029.8,motion_threshold_exceeded,10.7344,classmate,EXPLORE_DATA,,MIXED,SETUP,MEDIUM
Amy,codap_21apr,frame_0126,2035.3,speech_anchor_midpoint,,classmate,EXPLORE_DATA,,MIXED,SETUP,MEDIUM
Amy,codap_21apr,frame_0127,2043.3,motion_threshold_exceeded,18.0673,,EXPLORE_DATA,,MIXED,SETUP,MEDIUM
Amy,codap_21apr,frame_0128,2046.8,motion_threshold_exceeded,5.7149,teacher,EXPLORE_DATA,,MIXED,SETUP,MEDIUM
Amy,codap_21apr,frame_0129,2049.2,speech_anchor_midpoint,,teacher,EXPLORE_DATA,,MIXED,SETUP,MEDIUM
Amy,codap_21apr,frame_0130,2054.1,motion_threshold_exceeded,4.8715,teacher,EXPLORE_DATA,,MIXED,SETUP,MEDIUM
Amy,codap_21apr,frame_0131,2054.7,motion_threshold_exceeded,5.0598,teacher,EXPLORE_DATA,,MIXED,SETUP,MEDIUM
Amy,codap_21apr,frame_0132,2061.8,motion_threshold_exceeded,2.1526,teacher,EXPLORE_DATA,,MIXED,SETUP,MEDIUM
Amy,codap_21apr,frame_0133,2063.2,speech_anchor_midpoint,,teacher,EXPLORE_DATA,,MIXED,SETUP,MEDIUM
Amy,codap_21apr,frame_0134,2136.7,speech_anchor_midpoint,,teacher,EXPLORE_DATA,,CODAP,SETUP,MEDIUM
Amy,codap_21apr,frame_0135,2141.2,speech_anchor_midpoint,,classmate,EXPLORE_DATA,,MIXED,SETUP,MEDIUM
Amy,codap_21apr,frame_0136,2159.7,motion_threshold_exceeded,5.9203,teacher,EXPLORE_DATA,,MIXED,SETUP,MEDIUM
Amy,codap_21apr,frame_0137,2166.2,motion_threshold_exceeded,4.1277,teacher,EXPLORE_DATA,,MIXED,SETUP,HIGH
Amy,codap_21apr,frame_0138,2172.5,motion_threshold_exceeded,6.5704,teacher,EVALUATE_MODEL,,MIXED,EVALUATING,MEDIUM
Amy,codap_21apr,frame_0139,2176.0,motion_threshold_exceeded,5.3027,teacher,EXPLORE_DATA,EVALUATE_MODEL,MIXED,SETUP,MEDIUM
Amy,codap_21apr,frame_0140,2177.1,motion_threshold_exceeded,3.4606,teacher,EXPLORE_DATA,EVALUATE_MODEL,MIXED,SETUP,MEDIUM
Amy,codap_21apr,frame_0141,2177.7,speech_anchor_midpoint,,teacher,EXPLORE_DATA,EVALUATE_MODEL,MIXED,SETUP,MEDIUM
Amy,codap_21apr,frame_0142,2178.7,motion_threshold_exceeded,3.398,teacher,EXPLORE_DATA,,MIXED,SETUP,MEDIUM
Amy,codap_21apr,frame_0143,2179.2,speech_anchor_midpoint,,classmate,EXPLORE_DATA,EVALUATE_MODEL,MIXED,SETUP,MEDIUM
Amy,codap_21apr,frame_0144,2180.7,speech_anchor_midpoint,,classmate,EXPLORE_DATA,,MIXED,SETUP,MEDIUM
Amy,codap_21apr,frame_0145,2184.4,motion_threshold_exceeded,4.1572,teacher,EXPLORE_DATA,EVALUATE_MODEL,MIXED,SETUP,MEDIUM
Amy,codap_21apr,frame_0146,2184.7,motion_threshold_exceeded,2.5644,teacher,EXPLORE_DATA,,MIXED,SETUP,MEDIUM
Amy,codap_21apr,frame_0147,2186.4,motion_threshold_exceeded,2.566,teacher,EVALUATE_MODEL,,MIXED,EVALUATING,MEDIUM
Amy,codap_21apr,frame_0148,2187.2,speech_anchor_midpoint,,classmate,EVALUATE_MODEL,,MIXED,EVALUATING,HIGH
Amy,codap_21apr,frame_0149,2198.5,motion_threshold_exceeded,2.6262,student,EXPLORE_DATA,,MIXED,SETUP,MEDIUM
Amy,codap_21apr,frame_0150,2209.1,motion_threshold_exceeded,1.3293,teacher,EVALUATE_MODEL,,MIXED,EVALUATING,MEDIUM
Amy,codap_21apr,frame_0151,2209.7,speech_anchor_midpoint,,classmate,EVALUATE_MODEL,EXPLORE_DATA,MIXED,EVALUATING,MEDIUM
Amy,codap_21apr,frame_0152,2211.1,motion_threshold_exceeded,7.0828,teacher,EVALUATE_MODEL,,MIXED,EVALUATING,MEDIUM
Amy,codap_21apr,frame_0153,2211.8,speech_anchor_midpoint,,teacher,EVALUATE_MODEL,,MIXED,EVALUATING,HIGH
Amy,codap_21apr,frame_0154,2213.6,motion_threshold_exceeded,7.3532,teacher,EVALUATE_MODEL,,MIXED,EVALUATING,MEDIUM
Amy,codap_21apr,frame_0155,2216.2,speech_anchor_midpoint,,teacher,EVALUATE_MODEL,,MIXED,EVALUATING,MEDIUM
Amy,codap_21apr,frame_0156,2224.8,motion_threshold_exceeded,1.8154,teacher,EVALUATE_MODEL,,MIXED,EVALUATING,MEDIUM
Amy,codap_21apr,frame_0157,2227.5,motion_threshold_exceeded,1.5326,student,EVALUATE_MODEL,,MIXED,EVALUATING,MEDIUM
Amy,codap_21apr,frame_0158,2230.6,motion_threshold_exceeded,1.3021,,EVALUATE_MODEL,,MIXED,EVALUATING,MEDIUM
Amy,codap_21apr,frame_0159,2248.4,speech_anchor_midpoint,,classmate,EVALUATE_MODEL,,MIXED,EVALUATING,MEDIUM
Amy,codap_21apr,frame_0160,2249.5,motion_threshold_exceeded,3.5563,teacher,BUILD_TREE,EVALUATE_MODEL,MIXED,BUILDING,MEDIUM
Amy,codap_21apr,frame_0161,2285.5,speech_anchor_midpoint,,classmate,EVALUATE_MODEL,,MIXED,EVALUATING,HIGH
Amy,codap_21apr,frame_0162,2286.6,speech_anchor_midpoint,,classmate,EVALUATE_MODEL,,MIXED,EVALUATING,HIGH
Amy,codap_21apr,frame_0163,2289.6,speech_anchor_midpoint,,classmate,EVALUATE_MODEL,,MIXED,EVALUATING,HIGH
Amy,codap_21apr,frame_0164,2291.6,speech_anchor_midpoint,,classmate,EVALUATE_MODEL,,MIXED,EVALUATING,MEDIUM
Amy,codap_21apr,frame_0165,2336.7,speech_anchor_midpoint,,classmate,EVALUATE_MODEL,,MIXED,EVALUATING,HIGH
Amy,codap_21apr,frame_0166,2383.9,motion_threshold_exceeded,1.4093,classmate,EVALUATE_MODEL,INTERPRET_RESULTS,MIXED,EVALUATING,HIGH
Amy,codap_21apr,frame_0167,2384.9,motion_threshold_exceeded,1.4097,classmate,EVALUATE_MODEL,,MIXED,EVALUATING,HIGH
Amy,codap_21apr,frame_0168,2475.6,codap_static_gap_fill,,unknown,EVALUATE_MODEL,EXPLORE_DATA,MIXED,EVALUATING,HIGH
Amy,codap_21apr,frame_0169,2566.3,codap_static_gap_fill,,unknown,EVALUATE_MODEL,,MIXED,EVALUATING,HIGH
Amy,codap_21apr,frame_0170,2607.0,motion_threshold_exceeded,1.4049,student,EVALUATE_MODEL,EXPLORE_DATA,MIXED,EVALUATING,MEDIUM
Amy,codap_21apr,frame_0171,2609.9,motion_threshold_exceeded,8.9441,,EVALUATE_MODEL,EXPLORE_DATA,MIXED,EVALUATING,MEDIUM
Amy,codap_21apr,frame_0172,2613.7,speech_anchor_midpoint,,classmate,EVALUATE_MODEL,EXPLORE_DATA,MIXED,EVALUATING,HIGH
Amy,codap_21apr,frame_0173,2617.1,motion_threshold_exceeded,2.2527,classmate,EVALUATE_MODEL,EXPLORE_DATA,MIXED,EVALUATING,MEDIUM
Amy,codap_21apr,frame_0174,2618.1,speech_anchor_midpoint,,classmate,EVALUATE_MODEL,EXPLORE_DATA,MIXED,EVALUATING,MEDIUM
Amy,codap_21apr,frame_0175,2631.6,speech_anchor_midpoint,,teacher,EVALUATE_MODEL,INTERPRET_RESULTS,MIXED,EVALUATING,HIGH
Amy,codap_21apr,frame_0176,2696.5,motion_threshold_exceeded,3.0635,teacher,EVALUATE_MODEL,EXPLORE_DATA,MIXED,EVALUATING,MEDIUM
Amy,codap_21apr,frame_0177,2699.5,speech_anchor_midpoint,,classmate,EVALUATE_MODEL,INTERPRET_RESULTS,MIXED,EVALUATING,HIGH
Amy,codap_21apr,frame_0178,2704.8,motion_threshold_exceeded,1.533,teacher,EVALUATE_MODEL,INTERPRET_RESULTS,MIXED,EVALUATING,HIGH
Amy,codap_21apr,frame_0179,2706.9,speech_anchor_midpoint,,classmate,EVALUATE_MODEL,INTERPRET_RESULTS,MIXED,EVALUATING,HIGH
Amy,codap_21apr,frame_0180,2711.4,motion_threshold_exceeded,2.3785,teacher,EVALUATE_MODEL,,MIXED,EVALUATING,HIGH
Amy,codap_21apr,frame_0181,2712.5,speech_anchor_midpoint,,classmate,EVALUATE_MODEL,INTERPRET_RESULTS,MIXED,EVALUATING,HIGH
Amy,codap_21apr,frame_0182,2713.7,motion_threshold_exceeded,1.3395,teacher,EVALUATE_MODEL,EXPLORE_DATA,MIXED,EVALUATING,MEDIUM
Amy,codap_21apr,frame_0183,2714.5,motion_threshold_exceeded,1.2454,teacher,EVALUATE_MODEL,,MIXED,EVALUATING,MEDIUM
Amy,codap_21apr,frame_0184,2718.1,speech_anchor_midpoint,,teacher,EVALUATE_MODEL,EXPLORE_DATA,MIXED,EVALUATING,HIGH
Amy,codap_21apr,frame_0185,2722.0,motion_threshold_exceeded,1.5802,teacher,EVALUATE_MODEL,INTERPRET_RESULTS,MIXED,EVALUATING,HIGH
Amy,codap_21apr,frame_0186,2728.1,speech_anchor_midpoint,,teacher,EVALUATE_MODEL,INTERPRET_RESULTS,MIXED,EVALUATING,HIGH
Amy,codap_21apr,frame_0187,2772.2,speech_anchor_midpoint,,teacher,EVALUATE_MODEL,INTERPRET_RESULTS,MIXED,EVALUATING,HIGH
Amy,codap_21apr,frame_0188,2811.9,speech_anchor_midpoint,,classmate,EVALUATE_MODEL,INTERPRET_RESULTS,MIXED,EVALUATING,HIGH
Amy,codap_21apr,frame_0189,2901.9,codap_static_gap_fill,,unknown,EVALUATE_MODEL,INTERPRET_RESULTS,MIXED,EVALUATING,HIGH
Amy,codap_21apr,frame_0190,2903.0,motion_threshold_exceeded,2.7089,teacher,EVALUATE_MODEL,,MIXED,EVALUATING,MEDIUM
Amy,codap_21apr,frame_0191,2904.3,motion_threshold_exceeded,2.5671,teacher,EVALUATE_MODEL,,MIXED,EVALUATING,MEDIUM
Amy,codap_21apr,frame_0192,2906.4,speech_anchor_midpoint,,classmate,EVALUATE_MODEL,,MIXED,EVALUATING,HIGH
Amy,codap_21apr,frame_0193,2908.2,motion_threshold_exceeded,2.5756,teacher,EVALUATE_MODEL,EXPLORE_DATA,MIXED,EVALUATING,MEDIUM
Amy,codap_21apr,frame_0194,2912.1,speech_anchor_midpoint,,classmate,EVALUATE_MODEL,INTERPRET_RESULTS,MIXED,EVALUATING,HIGH
Amy,codap_21apr,frame_0195,3002.2,codap_static_gap_fill,,unknown,EVALUATE_MODEL,INTERPRET_RESULTS,MIXED,EVALUATING,HIGH
Amy,codap_21apr,frame_0196,3032.4,speech_anchor_midpoint,,student,EVALUATE_MODEL,INTERPRET_RESULTS,MIXED,EVALUATING,HIGH
Amy,codap_21apr,frame_0197,3033.8,speech_anchor_midpoint,,teacher,EVALUATE_MODEL,INTERPRET_RESULTS,MIXED,EVALUATING,HIGH
Amy,codap_21apr,frame_0198,3040.9,speech_anchor_midpoint,,teacher,EVALUATE_MODEL,INTERPRET_RESULTS,MIXED,EVALUATING,HIGH
Amy,codap_21apr,frame_0199,3042.2,speech_anchor_midpoint,,teacher,EVALUATE_MODEL,INTERPRET_RESULTS,MIXED,EVALUATING,HIGH
Amy,codap_21apr,frame_0200,3044.6,motion_threshold_exceeded,1.2299,teacher,EVALUATE_MODEL,INTERPRET_RESULTS,MIXED,EVALUATING,HIGH
Amy,codap_21apr,frame_0201,3045.8,speech_anchor_midpoint,,teacher,EVALUATE_MODEL,INTERPRET_RESULTS,MIXED,EVALUATING,HIGH
Amy,codap_21apr,frame_0202,3052.7,motion_threshold_exceeded,11.512,teacher,EVALUATE_MODEL,INTERPRET_RESULTS,MIXED,EVALUATING,HIGH
Amy,codap_21apr,frame_0203,3072.5,motion_threshold_exceeded,1.218,,EVALUATE_MODEL,,MIXED,EVALUATING,HIGH
Amy,codap_21apr,frame_0204,3076.8,motion_threshold_exceeded,1.44,,EVALUATE_MODEL,,MIXED,EVALUATING,MEDIUM
Amy,codap_21apr,frame_0205,3083.1,motion_threshold_exceeded,3.2018,,EVALUATE_MODEL,,MIXED,EVALUATING,HIGH
Amy,codap_21apr,frame_0206,3085.1,motion_threshold_exceeded,1.8071,,COMPARE_MODELS,COMPARE_MODELS,MIXED,EVALUATING,HIGH
Amy,codap_21apr,frame_0207,3087.0,motion_threshold_exceeded,2.2328,,COMPARE_MODELS,COMPARE_MODELS,MIXED,EVALUATING,HIGH
Amy,codap_21apr,frame_0208,3094.1,motion_threshold_exceeded,1.5586,,EVALUATE_MODEL,COMPARE_MODELS,MIXED,EVALUATING,HIGH
Amy,codap_21apr,frame_0209,3100.2,speech_anchor_midpoint,,classmate,COMPARE_MODELS,COMPARE_MODELS,MIXED,EVALUATING,HIGH
Amy,codap_21apr,frame_0210,3102.2,speech_anchor_midpoint,,teacher,COMPARE_MODELS,EVALUATE_MODEL,MIXED,EVALUATING,HIGH
Amy,codap_21apr,frame_0211,3129.7,motion_threshold_exceeded,1.4396,classmate,INTERPRET_RESULTS,EVALUATE_MODEL,MIXED,EVALUATING,HIGH
Amy,codap_21apr,frame_0212,3147.6,motion_threshold_exceeded,1.4396,teacher,COMPARE_MODELS,COMPARE_MODELS,MIXED,EVALUATING,HIGH
Amy,codap_21apr,frame_0213,3164.2,speech_anchor_midpoint,,teacher,EVALUATE_MODEL,EXPLORE_DATA,MIXED,EVALUATING,MEDIUM
Amy,codap_21apr,frame_0214,3165.4,motion_threshold_exceeded,1.9597,teacher,COMPARE_MODELS,COMPARE_MODELS,MIXED,EVALUATING,HIGH
Amy,codap_21apr,frame_0215,3210.5,speech_anchor_midpoint,,classmate,EVALUATE_MODEL,INTERPRET_RESULTS,MIXED,EVALUATING,HIGH
Amy,codap_21apr,frame_0216,3216.2,speech_anchor_midpoint,,classmate,COMPARE_MODELS,EVALUATE_MODEL,MIXED,EVALUATING,HIGH
Amy,codap_21apr,frame_0217,3282.7,speech_anchor_midpoint,,classmate,COMPARE_MODELS,COMPARE_MODELS,MIXED,EVALUATING,MEDIUM
Amy,codap_21apr,frame_0218,3288.0,motion_threshold_exceeded,1.3167,teacher,COMPARE_MODELS,EVALUATE_MODEL,MIXED,EVALUATING,HIGH
Amy,codap_21apr,frame_0219,3301.9,motion_threshold_exceeded,5.1709,student,COMPARE_MODELS,EVALUATE_MODEL,MIXED,EVALUATING,MEDIUM
Amy,codap_21apr,frame_0220,3303.7,motion_threshold_exceeded,4.0104,teacher,EXPLORE_DATA,EVALUATE_MODEL,MIXED,SETUP,MEDIUM
Amy,codap_21apr,frame_0221,3305.3,motion_threshold_exceeded,21.3183,teacher,COMPARE_MODELS,COMPARE_MODELS,MIXED,EVALUATING,HIGH
Amy,codap_21apr,frame_0222,3307.2,speech_anchor_midpoint,,classmate,COMPARE_MODELS,COMPARE_MODELS,MIXED,EVALUATING,HIGH
Amy,codap_21apr,frame_0223,3309.7,speech_anchor_midpoint,,classmate,COMPARE_MODELS,COMPARE_MODELS,MIXED,EVALUATING,HIGH
Amy,codap_21apr,frame_0224,3314.6,motion_threshold_exceeded,1.3196,teacher,COMPARE_MODELS,COMPARE_MODELS,MIXED,EVALUATING,MEDIUM
Amy,codap_21apr,frame_0225,3316.2,speech_anchor_midpoint,,classmate,COMPARE_MODELS,EXPLORE_DATA,MIXED,EVALUATING,MEDIUM
Amy,codap_21apr,frame_0226,3317.2,motion_threshold_exceeded,1.9383,teacher,COMPARE_MODELS,COMPARE_MODELS,MIXED,EVALUATING,MEDIUM
Amy,codap_21apr,frame_0227,3318.8,speech_anchor_midpoint,,teacher,COMPARE_MODELS,COMPARE_MODELS,MIXED,EVALUATING,HIGH
Amy,codap_21apr,frame_0228,3329.8,motion_threshold_exceeded,3.0747,student,COMPARE_MODELS,INTERPRET_RESULTS,MIXED,EVALUATING,HIGH
Amy,codap_21apr,frame_0229,3331.7,speech_anchor_midpoint,,classmate,COMPARE_MODELS,EXPLORE_DATA,MIXED,EVALUATING,HIGH
Amy,codap_21apr,frame_0230,3334.7,speech_anchor_midpoint,,classmate,COMPARE_MODELS,EXPLORE_DATA,MIXED,EVALUATING,HIGH
Amy,codap_21apr,frame_0231,3337.7,speech_anchor_midpoint,,classmate,COMPARE_MODELS,INTERPRET_RESULTS,MIXED,EVALUATING,HIGH
Amy,codap_21apr,frame_0232,3346.2,speech_anchor_midpoint,,student,COMPARE_MODELS,EXPLORE_DATA,MIXED,EVALUATING,MEDIUM
Amy,codap_21apr,frame_0233,3350.9,motion_threshold_exceeded,1.3061,teacher,EVALUATE_MODEL,EXPLORE_DATA,MIXED,EVALUATING,MEDIUM
Amy,codap_21apr,frame_0234,3362.6,motion_threshold_exceeded,1.7074,teacher,COMPARE_MODELS,INTERPRET_RESULTS,MIXED,EVALUATING,HIGH
Amy,codap_21apr,frame_0235,3364.2,motion_threshold_exceeded,1.5177,classmate,COMPARE_MODELS,EXPLORE_DATA,MIXED,EVALUATING,MEDIUM
Amy,codap_21apr,frame_0236,3365.9,motion_threshold_exceeded,3.2919,classmate,COMPARE_MODELS,EXPLORE_DATA,MIXED,EVALUATING,HIGH
Amy,codap_21apr,frame_0237,3367.2,speech_anchor_midpoint,,classmate,COMPARE_MODELS,INTERPRET_RESULTS,MIXED,EVALUATING,HIGH
Amy,codap_21apr,frame_0238,3369.6,motion_threshold_exceeded,4.1468,classmate,EVALUATE_MODEL,EXPLORE_DATA,MIXED,EVALUATING,MEDIUM
Amy,codap_21apr,frame_0239,3370.6,motion_threshold_exceeded,1.4911,student,COMPARE_MODELS,EXPLORE_DATA,MIXED,EVALUATING,HIGH
Amy,codap_21apr,frame_0240,3371.2,speech_anchor_midpoint,,teacher,COMPARE_MODELS,INTERPRET_RESULTS,MIXED,EVALUATING,HIGH
Amy,codap_21apr,frame_0241,3372.2,motion_threshold_exceeded,4.8939,teacher,EVALUATE_MODEL,EXPLORE_DATA,MIXED,EVALUATING,MEDIUM
Amy,codap_21apr,frame_0242,3397.2,speech_anchor_midpoint,,teacher,COMPARE_MODELS,INTERPRET_RESULTS,MIXED,EVALUATING,HIGH
Amy,codap_21apr,frame_0243,3453.4,motion_threshold_exceeded,1.2274,classmate,COMPARE_MODELS,INTERPRET_RESULTS,MIXED,EVALUATING,HIGH
Amy,codap_21apr,frame_0244,3455.2,speech_anchor_midpoint,,classmate,COMPARE_MODELS,INTERPRET_RESULTS,MIXED,EVALUATING,HIGH
Amy,codap_21apr,frame_0245,3494.5,motion_threshold_exceeded,1.5212,teacher,COMPARE_MODELS,EXPLORE_DATA,MIXED,EVALUATING,MEDIUM
Amy,codap_21apr,frame_0246,3495.2,speech_anchor_midpoint,,classmate,COMPARE_MODELS,INTERPRET_RESULTS,MIXED,EVALUATING,HIGH
Amy,codap_21apr,frame_0247,3498.2,speech_anchor_midpoint,,classmate,EVALUATE_MODEL,EXPLORE_DATA,MIXED,EVALUATING,MEDIUM
Amy,codap_21apr,frame_0248,3503.2,speech_anchor_midpoint,,classmate,COMPARE_MODELS,COMPARE_MODELS,MIXED,EVALUATING,HIGH
Amy,codap_21apr,frame_0249,3593.6,codap_static_gap_fill,,unknown,COMPARE_MODELS,COMPARE_MODELS,MIXED,EVALUATING,HIGH
Amy,codap_21apr,frame_0250,3607.4,speech_anchor_midpoint,,teacher,COMPARE_MODELS,COMPARE_MODELS,MIXED,EVALUATING,HIGH
Amy,codap_21apr,frame_0251,3611.2,speech_anchor_midpoint,,classmate,COMPARE_MODELS,INTERPRET_RESULTS,MIXED,EVALUATING,HIGH
Amy,codap_21apr,frame_0252,3612.3,motion_threshold_exceeded,1.4261,teacher,COMPARE_MODELS,INTERPRET_RESULTS,MIXED,EVALUATING,HIGH
Amy,codap_21apr,frame_0253,3613.2,speech_anchor_midpoint,,classmate,COMPARE_MODELS,INTERPRET_RESULTS,MIXED,EVALUATING,HIGH
Amy,codap_21apr,frame_0254,3617.8,motion_threshold_exceeded,2.929,teacher,COMPARE_MODELS,INTERPRET_RESULTS,MIXED,EVALUATING,HIGH
Amy,codap_21apr,frame_0255,3619.2,speech_anchor_midpoint,,classmate,COMPARE_MODELS,INTERPRET_RESULTS,MIXED,EVALUATING,HIGH
Amy,codap_21apr,frame_0256,3620.3,motion_threshold_exceeded,3.0897,teacher,COMPARE_MODELS,INTERPRET_RESULTS,MIXED,EVALUATING,HIGH
Amy,codap_21apr,frame_0257,3621.2,speech_anchor_midpoint,,classmate,COMPARE_MODELS,INTERPRET_RESULTS,MIXED,EVALUATING,HIGH
Amy,codap_21apr,frame_0258,3688.7,speech_anchor_midpoint,,classmate,COMPARE_MODELS,INTERPRET_RESULTS,MIXED,EVALUATING,MEDIUM
Amy,codap_21apr,frame_0259,3696.4,speech_anchor_midpoint,,teacher,COMPARE_MODELS,INTERPRET_RESULTS,MIXED,EVALUATING,HIGH
Amy,codap_21apr,frame_0260,3753.4,motion_threshold_exceeded,2.6698,,COMPARE_MODELS,INTERPRET_RESULTS,MIXED,EVALUATING,HIGH
Amy,codap_21apr,frame_0261,3757.0,motion_threshold_exceeded,2.7068,,COMPARE_MODELS,INTERPRET_RESULTS,MIXED,EVALUATING,MEDIUM
Amy,codap_21apr,frame_0262,3763.2,motion_threshold_exceeded,2.5095,,COMPARE_MODELS,INTERPRET_RESULTS,MIXED,EVALUATING,HIGH
Amy,codap_21apr,frame_0263,3782.7,speech_anchor_midpoint,,student,TUNE_THRESHOLD,EVALUATE_MODEL,MIXED,TUNING,MEDIUM
Amy,codap_21apr,frame_0264,3785.4,motion_threshold_exceeded,1.478,teacher,COMPARE_MODELS,INTERPRET_RESULTS,MIXED,EVALUATING,HIGH
Amy,codap_21apr,frame_0265,3786.4,speech_anchor_midpoint,,classmate,COMPARE_MODELS,INTERPRET_RESULTS,MIXED,EVALUATING,HIGH
Amy,codap_21apr,frame_0266,3788.2,motion_threshold_exceeded,1.2328,teacher,COMPARE_MODELS,INTERPRET_RESULTS,MIXED,EVALUATING,HIGH
Amy,codap_21apr,frame_0267,3805.3,speech_anchor_midpoint,,student,COMPARE_MODELS,INTERPRET_RESULTS,MIXED,EVALUATING,HIGH
Amy,codap_21apr,frame_0268,3809.7,speech_anchor_midpoint,,teacher,COMPARE_MODELS,COMPARE_MODELS,MIXED,EVALUATING,HIGH
Amy,codap_21apr,frame_0269,3811.6,motion_threshold_exceeded,3.2309,teacher,COMPARE_MODELS,EVALUATE_MODEL,MIXED,EVALUATING,HIGH
Amy,codap_21apr,frame_0270,3822.1,motion_threshold_exceeded,2.8962,,COMPARE_MODELS,INTERPRET_RESULTS,MIXED,EVALUATING,HIGH
Amy,codap_21apr,frame_0271,3823.8,motion_threshold_exceeded,12.2465,teacher,COMPARE_MODELS,INTERPRET_RESULTS,MIXED,EVALUATING,HIGH
Amy,codap_21apr,frame_0272,3826.0,motion_threshold_exceeded,1.2677,,COMPARE_MODELS,INTERPRET_RESULTS,MIXED,EVALUATING,HIGH
Amy,codap_21apr,frame_0273,3826.3,motion_threshold_exceeded,2.7284,,COMPARE_MODELS,INTERPRET_RESULTS,MIXED,EVALUATING,HIGH
Amy,codap_21apr,frame_0274,3826.4,speech_anchor_midpoint,,classmate,COMPARE_MODELS,COMPARE_MODELS,MIXED,EVALUATING,HIGH
Amy,codap_21apr,frame_0275,3834.8,motion_threshold_exceeded,3.4282,teacher,TUNE_THRESHOLD,EVALUATE_MODEL,MIXED,TUNING,HIGH
Amy,codap_21apr,frame_0276,3835.7,speech_anchor_midpoint,,student,TUNE_THRESHOLD,EVALUATE_MODEL,MIXED,TUNING,HIGH
Amy,codap_21apr,frame_0277,3845.3,motion_threshold_exceeded,1.4578,teacher,EVALUATE_MODEL,INTERPRET_RESULTS,MIXED,EVALUATING,HIGH
Amy,codap_21apr,frame_0278,3847.2,speech_anchor_midpoint,,teacher,COMPARE_MODELS,COMPARE_MODELS,MIXED,EVALUATING,HIGH
Amy,codap_21apr,frame_0279,3937.4,codap_static_gap_fill,,unknown,COMPARE_MODELS,COMPARE_MODELS,MIXED,EVALUATING,HIGH
Amy,codap_21apr,frame_0280,3984.6,motion_threshold_exceeded,9.021,teacher,COMPARE_MODELS,INTERPRET_RESULTS,MIXED,EVALUATING,HIGH
Amy,codap_21apr,frame_0281,3991.5,motion_threshold_exceeded,9.5096,student,COMPARE_MODELS,INTERPRET_RESULTS,MIXED,EVALUATING,HIGH
Amy,codap_21apr,frame_0282,3996.1,motion_threshold_exceeded,9.223,teacher,TUNE_THRESHOLD,EVALUATE_MODEL,MIXED,TUNING,HIGH
Amy,codap_21apr,frame_0283,4004.7,motion_threshold_exceeded,2.7591,classmate,COMPARE_MODELS,COMPARE_MODELS,MIXED,EVALUATING,HIGH
Amy,codap_21apr,frame_0284,4016.7,speech_anchor_midpoint,,teacher,COMPARE_MODELS,INTERPRET_RESULTS,MIXED,EVALUATING,HIGH
Amy,codap_21apr,frame_0285,4022.7,motion_threshold_exceeded,2.6852,,COMPARE_MODELS,COMPARE_MODELS,MIXED,EVALUATING,HIGH
Amy,codap_21apr,frame_0286,4029.7,speech_anchor_midpoint,,classmate,COMPARE_MODELS,TUNE_THRESHOLD,MIXED,EVALUATING,HIGH
Amy,codap_21apr,frame_0287,4034.1,motion_threshold_exceeded,9.5235,student,TUNE_THRESHOLD,EVALUATE_MODEL,MIXED,TUNING,MEDIUM
Amy,codap_21apr,frame_0288,4046.1,motion_threshold_exceeded,9.5071,,TUNE_THRESHOLD,EVALUATE_MODEL,MIXED,TUNING,HIGH
Amy,codap_21apr,frame_0289,4111.7,motion_threshold_exceeded,1.462,,COMPARE_MODELS,COMPARE_MODELS,MIXED,EVALUATING,HIGH
Amy,codap_21apr,frame_0290,4202.1,codap_static_gap_fill,,unknown,COMPARE_MODELS,EVALUATE_MODEL,MIXED,EVALUATING,HIGH
Amy,codap_21apr,frame_0291,4262.4,motion_threshold_exceeded,2.4267,,COMPARE_MODELS,BUILD_TREE,MIXED,EVALUATING,MEDIUM
Amy,codap_21apr,frame_0292,4264.3,motion_threshold_exceeded,2.3789,,COMPARE_MODELS,COMPARE_MODELS,MIXED,EVALUATING,HIGH
Amy,codap_21apr,frame_0293,4265.7,motion_threshold_exceeded,2.501,,COMPARE_MODELS,COMPARE_MODELS,MIXED,EVALUATING,HIGH
Amy,codap_21apr,frame_0294,4267.6,motion_threshold_exceeded,1.4732,,COMPARE_MODELS,INTERPRET_RESULTS,MIXED,EVALUATING,HIGH
Amy,codap_21apr,frame_0295,4269.5,motion_threshold_exceeded,4.3846,,COMPARE_MODELS,COMPARE_MODELS,MIXED,EVALUATING,HIGH
Amy,codap_21apr,frame_0296,4272.1,motion_threshold_exceeded,1.5868,,COMPARE_MODELS,INTERPRET_RESULTS,MIXED,EVALUATING,HIGH
Amy,codap_21apr,frame_0297,4280.7,motion_threshold_exceeded,2.0336,,COMPARE_MODELS,COMPARE_MODELS,MIXED,EVALUATING,MEDIUM
Amy,codap_21apr,frame_0298,4288.0,motion_threshold_exceeded,1.8899,,COMPARE_MODELS,COMPARE_MODELS,MIXED,EVALUATING,HIGH
Amy,codap_21apr,frame_0299,4289.9,motion_threshold_exceeded,10.4186,,COMPARE_MODELS,COMPARE_MODELS,MIXED,EVALUATING,HIGH
Amy,codap_21apr,frame_0300,4290.9,motion_threshold_exceeded,2.1655,,COMPARE_MODELS,INTERPRET_RESULTS,MIXED,EVALUATING,HIGH
Amy,codap_21apr,frame_0301,4292.1,speech_anchor_midpoint,,student,COMPARE_MODELS,INTERPRET_RESULTS,MIXED,EVALUATING,HIGH
Amy,codap_21apr,frame_0302,4302.7,speech_anchor_midpoint,,classmate,COMPARE_MODELS,COMPARE_MODELS,MIXED,EVALUATING,HIGH
Amy,codap_21apr,frame_0303,4306.3,motion_threshold_exceeded,5.0656,teacher,COMPARE_MODELS,BUILD_TREE,MIXED,EVALUATING,MEDIUM
Amy,codap_21apr,frame_0304,4309.7,motion_threshold_exceeded,1.9412,,COMPARE_MODELS,COMPARE_MODELS,MIXED,EVALUATING,MEDIUM
Amy,codap_21apr,frame_0305,4311.1,motion_threshold_exceeded,1.9622,teacher,COMPARE_MODELS,COMPARE_MODELS,MIXED,EVALUATING,MEDIUM
Amy,codap_21apr,frame_0306,4312.3,speech_anchor_midpoint,,teacher,COMPARE_MODELS,COMPARE_MODELS,MIXED,EVALUATING,MEDIUM
Amy,codap_21apr,frame_0307,4314.1,speech_anchor_midpoint,,teacher,COMPARE_MODELS,INTERPRET_RESULTS,MIXED,EVALUATING,HIGH
Amy,codap_21apr,frame_0308,4332.3,motion_threshold_exceeded,2.0666,,COMPARE_MODELS,EVALUATE_MODEL,MIXED,EVALUATING,HIGH
Amy,codap_21apr,frame_0309,4341.5,motion_threshold_exceeded,1.9589,,COMPARE_MODELS,COMPARE_MODELS,MIXED,EVALUATING,HIGH
Amy,codap_21apr,frame_0310,4345.8,motion_threshold_exceeded,2.9502,,EVALUATE_MODEL,INTERPRET_RESULTS,MIXED,EVALUATING,HIGH
Amy,codap_21apr,frame_0311,4396.3,motion_threshold_exceeded,3.109,,COMPARE_MODELS,COMPARE_MODELS,MIXED,EVALUATING,HIGH
Amy,codap_21apr,frame_0312,4397.8,motion_threshold_exceeded,1.4128,student,COMPARE_MODELS,COMPARE_MODELS,MIXED,EVALUATING,HIGH
Amy,codap_21apr,frame_0313,4399.9,motion_threshold_exceeded,7.9248,classmate,COMPARE_MODELS,COMPARE_MODELS,MIXED,EVALUATING,HIGH
Amy,codap_21apr,frame_0314,4403.4,motion_threshold_exceeded,1.7706,classmate,COMPARE_MODELS,COMPARE_MODELS,MIXED,EVALUATING,HIGH
Amy,codap_21apr,frame_0315,4406.4,motion_threshold_exceeded,2.811,classmate,COMPARE_MODELS,COMPARE_MODELS,MIXED,EVALUATING,HIGH
Amy,codap_21apr,frame_0316,4406.7,motion_threshold_exceeded,1.7913,classmate,COMPARE_MODELS,COMPARE_MODELS,MIXED,EVALUATING,HIGH
Amy,codap_21apr,frame_0317,4406.9,motion_threshold_exceeded,1.5436,student,COMPARE_MODELS,COMPARE_MODELS,MIXED,EVALUATING,HIGH
Amy,codap_21apr,frame_0318,4407.7,speech_anchor_midpoint,,student,COMPARE_MODELS,INTERPRET_RESULTS,MIXED,EVALUATING,HIGH
Amy,codap_21apr,frame_0319,4408.9,motion_threshold_exceeded,1.2008,,COMPARE_MODELS,INTERPRET_RESULTS,MIXED,EVALUATING,HIGH
Amy,codap_21apr,frame_0320,4415.6,motion_threshold_exceeded,2.8929,,COMPARE_MODELS,COMPARE_MODELS,MIXED,EVALUATING,HIGH
Amy,codap_21apr,frame_0321,4417.2,speech_anchor_midpoint,,student,COMPARE_MODELS,COMPARE_MODELS,MIXED,EVALUATING,HIGH
Amy,codap_21apr,frame_0322,4418.9,motion_threshold_exceeded,2.5349,,COMPARE_MODELS,EVALUATE_MODEL,MIXED,EVALUATING,HIGH
Amy,codap_21apr,frame_0323,4420.0,motion_threshold_exceeded,2.522,teacher,COMPARE_MODELS,COMPARE_MODELS,MIXED,EVALUATING,HIGH
Amy,codap_21apr,frame_0324,4462.9,motion_threshold_exceeded,1.7978,teacher,COMPARE_MODELS,EVALUATE_MODEL,MIXED,EVALUATING,HIGH
Amy,codap_21apr,frame_0325,4468.4,speech_anchor_midpoint,,classmate,COMPARE_MODELS,COMPARE_MODELS,MIXED,EVALUATING,HIGH
Amy,codap_21apr,frame_0326,4473.4,speech_anchor_midpoint,,teacher,COMPARE_MODELS,COMPARE_MODELS,MIXED,EVALUATING,HIGH
Amy,codap_21apr,frame_0327,4479.6,motion_threshold_exceeded,12.5222,student,COMPARE_MODELS,COMPARE_MODELS,MIXED,EVALUATING,HIGH
Amy,codap_21apr,frame_0328,4482.0,motion_threshold_exceeded,12.7724,classmate,COMPARE_MODELS,BUILD_TREE,MIXED,EVALUATING,HIGH
Amy,codap_21apr,frame_0329,4488.3,motion_threshold_exceeded,1.3412,classmate,COMPARE_MODELS,COMPARE_MODELS,MIXED,EVALUATING,HIGH
Amy,codap_21apr,frame_0330,4512.8,speech_anchor_midpoint,,classmate,COMPARE_MODELS,COMPARE_MODELS,MIXED,EVALUATING,HIGH
Amy,codap_21apr,frame_0331,4520.7,motion_threshold_exceeded,1.8486,teacher,COMPARE_MODELS,COMPARE_MODELS,MIXED,EVALUATING,HIGH
Amy,codap_21apr,frame_0332,4569.2,speech_anchor_midpoint,,teacher,COMPARE_MODELS,INTERPRET_RESULTS,MIXED,EVALUATING,HIGH
Amy,codap_21apr,frame_0333,4571.7,speech_anchor_midpoint,,teacher,COMPARE_MODELS,COMPARE_MODELS,MIXED,EVALUATING,HIGH
Amy,codap_21apr,frame_0334,4596.1,motion_threshold_exceeded,2.7876,student,COMPARE_MODELS,INTERPRET_RESULTS,MIXED,EVALUATING,HIGH
Amy,codap_21apr,frame_0335,4604.5,motion_threshold_exceeded,2.7868,teacher,COMPARE_MODELS,COMPARE_MODELS,MIXED,EVALUATING,HIGH
Amy,codap_21apr,frame_0336,4623.9,speech_anchor_midpoint,,classmate,COMPARE_MODELS,COMPARE_MODELS,MIXED,EVALUATING,HIGH
Amy,codap_21apr,frame_0337,4625.4,speech_anchor_midpoint,,teacher,COMPARE_MODELS,EVALUATE_MODEL,MIXED,EVALUATING,HIGH
Amy,codap_21apr,frame_0338,4715.4,codap_static_gap_fill,,unknown,COMPARE_MODELS,COMPARE_MODELS,MIXED,EVALUATING,HIGH
Amy,codap_21apr,frame_0339,4785.1,motion_threshold_exceeded,1.3088,student,COMPARE_MODELS,COMPARE_MODELS,MIXED,EVALUATING,HIGH
Amy,codap_21apr,frame_0340,4791.5,motion_threshold_exceeded,1.6726,teacher,COMPARE_MODELS,COMPARE_MODELS,MIXED,EVALUATING,HIGH
Amy,codap_21apr,frame_0341,4791.9,speech_anchor_midpoint,,teacher,COMPARE_MODELS,COMPARE_MODELS,MIXED,EVALUATING,HIGH
Amy,codap_21apr,frame_0342,4793.8,motion_threshold_exceeded,12.5147,teacher,COMPARE_MODELS,INTERPRET_RESULTS,MIXED,EVALUATING,HIGH
Amy,codap_21apr,frame_0343,4807.0,speech_anchor_midpoint,,classmate,COMPARE_MODELS,COMPARE_MODELS,MIXED,EVALUATING,HIGH
Amy,codap_21apr,frame_0344,4813.3,motion_threshold_exceeded,2.5087,teacher,COMPARE_MODELS,INTERPRET_RESULTS,MIXED,EVALUATING,HIGH
Amy,codap_21apr,frame_0345,4829.6,motion_threshold_exceeded,3.4107,classmate,TUNE_THRESHOLD,EVALUATE_MODEL,MIXED,TUNING,HIGH
Amy,codap_21apr,frame_0346,4832.7,motion_threshold_exceeded,3.3688,classmate,COMPARE_MODELS,INTERPRET_RESULTS,MIXED,EVALUATING,HIGH
Amy,codap_21apr,frame_0347,4839.6,motion_threshold_exceeded,3.3829,classmate,TUNE_THRESHOLD,EVALUATE_MODEL,MIXED,TUNING,HIGH
Amy,codap_21apr,frame_0348,4844.8,motion_threshold_exceeded,3.3667,,COMPARE_MODELS,INTERPRET_RESULTS,MIXED,EVALUATING,HIGH
Amy,codap_21apr,frame_0349,4846.6,speech_anchor_midpoint,,classmate,TUNE_THRESHOLD,EVALUATE_MODEL,MIXED,TUNING,HIGH
Amy,codap_21apr,frame_0350,4851.6,motion_threshold_exceeded,3.3906,teacher,COMPARE_MODELS,INTERPRET_RESULTS,MIXED,EVALUATING,HIGH
Amy,codap_21apr,frame_0351,4853.8,motion_threshold_exceeded,2.5004,teacher,COMPARE_MODELS,INTERPRET_RESULTS,MIXED,EVALUATING,HIGH
Amy,codap_21apr,frame_0352,4856.8,motion_threshold_exceeded,3.3941,teacher,COMPARE_MODELS,EVALUATE_MODEL,MIXED,EVALUATING,HIGH
Amy,codap_21apr,frame_0353,4857.9,speech_anchor_midpoint,,teacher,COMPARE_MODELS,EVALUATE_MODEL,MIXED,EVALUATING,HIGH
Amy,codap_21apr,frame_0354,4928.6,motion_threshold_exceeded,11.0837,teacher,COMPARE_MODELS,COMPARE_MODELS,MIXED,EVALUATING,HIGH
Amy,codap_21apr,frame_0355,4928.9,speech_anchor_midpoint,,student,OFF_TASK,,MIXED,IDLE,HIGH
Amy,codap_21apr,frame_0356,4931.3,motion_threshold_exceeded,11.092,teacher,COMPARE_MODELS,EVALUATE_MODEL,MIXED,EVALUATING,HIGH
Amy,codap_21apr,frame_0357,4936.7,motion_threshold_exceeded,70.0069,teacher,OFF_TASK,,MENU,IDLE,HIGH
Amy,codap_21apr,frame_0358,4938.3,motion_threshold_exceeded,1.506,teacher,OFF_TASK,,MENU,IDLE,HIGH
Amy,codap_21apr,frame_0359,4940.1,speech_anchor_midpoint,,classmate,COMPARE_MODELS,EVALUATE_MODEL,MIXED,EVALUATING,HIGH
Amy,codap_21apr,frame_0360,4942.2,motion_threshold_exceeded,3.2915,teacher,COMPARE_MODELS,INTERPRET_RESULTS,MIXED,EVALUATING,HIGH
Amy,codap_21apr,frame_0361,4942.9,speech_anchor_midpoint,,classmate,COMPARE_MODELS,COMPARE_MODELS,MIXED,EVALUATING,MEDIUM
Amy,codap_21apr,frame_0362,4943.9,speech_anchor_midpoint,,classmate,OFF_TASK,,MIXED,IDLE,MEDIUM
Amy,codap_21apr,frame_0363,4945.2,motion_threshold_exceeded,3.337,teacher,OFF_TASK,,MIXED,IDLE,MEDIUM
Amy,codap_21apr,frame_0364,4945.9,speech_anchor_midpoint,,teacher,OFF_TASK,,MIXED,IDLE,HIGH
Amy,codap_21apr,frame_0365,4948.0,motion_threshold_exceeded,2.8283,teacher,OFF_TASK,,MIXED,IDLE,MEDIUM
Amy,codap_21apr,frame_0366,4949.8,speech_anchor_midpoint,,classmate,COMPARE_MODELS,INTERPRET_RESULTS,MIXED,EVALUATING,MEDIUM
Amy,codap_21apr,frame_0367,4961.2,motion_threshold_exceeded,15.0395,teacher,COMPARE_MODELS,EVALUATE_MODEL,MIXED,EVALUATING,HIGH
Amy,codap_21apr,frame_0368,4962.3,speech_anchor_midpoint,,classmate,OFF_TASK,,MIXED,IDLE,HIGH
Amy,codap_21apr,frame_0369,4963.3,motion_threshold_exceeded,2.8152,teacher,OFF_TASK,,MIXED,IDLE,HIGH
Amy,codap_21apr,frame_0370,4966.7,motion_threshold_exceeded,18.4846,teacher,COMPARE_MODELS,EVALUATE_MODEL,MIXED,EVALUATING,HIGH
Bruno,codap_21apr,frame_0001,31.9,motion_threshold_exceeded,7.4361,teacher,OFF_TASK,,MENU,IDLE,MEDIUM
Bruno,codap_21apr,frame_0002,40.9,motion_threshold_exceeded,84.7633,teacher,OFF_TASK,,MENU,IDLE,MEDIUM
Bruno,codap_21apr,frame_0003,58.1,motion_threshold_exceeded,30.4954,teacher,IDLE_THINKING,,MENU,IDLE,HIGH
Bruno,codap_21apr,frame_0004,286.9,codap_static_gap_fill,,unknown,OFF_TASK,,MENU,IDLE,HIGH
Bruno,codap_21apr,frame_0005,312.4,motion_threshold_exceeded,1.2992,classmate,OFF_TASK,,MENU,IDLE,HIGH
Bruno,codap_21apr,frame_0006,312.7,speech_anchor_midpoint,,classmate,OFF_TASK,,CODAP,IDLE,HIGH
Bruno,codap_21apr,frame_0007,314.0,motion_threshold_exceeded,1.8227,classmate,OFF_TASK,,CODAP,IDLE,HIGH
Bruno,codap_21apr,frame_0008,321.1,speech_anchor_midpoint,,classmate,OFF_TASK,,MENU,IDLE,HIGH
Bruno,codap_21apr,frame_0009,345.6,speech_anchor_midpoint,,classmate,OFF_TASK,,CODAP,IDLE,HIGH
Bruno,codap_21apr,frame_0010,356.4,speech_anchor_midpoint,,classmate,OFF_TASK,,MENU,IDLE,HIGH
Bruno,codap_21apr,frame_0011,368.4,speech_anchor_midpoint,,student,OFF_TASK,,MENU,IDLE,HIGH
Bruno,codap_21apr,frame_0012,369.8,speech_anchor_midpoint,,classmate,OFF_TASK,,MENU,IDLE,HIGH
Bruno,codap_21apr,frame_0013,378.2,motion_threshold_exceeded,86.936,teacher,OFF_TASK,,MENU,IDLE,HIGH
Bruno,codap_21apr,frame_0014,394.6,motion_threshold_exceeded,5.3036,teacher,OFF_TASK,,MENU,IDLE,HIGH
Bruno,codap_21apr,frame_0015,395.7,speech_anchor_midpoint,,classmate,OFF_TASK,,MIXED,IDLE,HIGH
Bruno,codap_21apr,frame_0016,396.2,motion_threshold_exceeded,1.4132,teacher,OFF_TASK,,MIXED,IDLE,HIGH
Bruno,codap_21apr,frame_0017,410.0,motion_threshold_exceeded,1.2255,student,EXPLORE_DATA,,MIXED,SETUP,MEDIUM
Bruno,codap_21apr,frame_0018,411.8,motion_threshold_exceeded,1.5731,,EXPLORE_DATA,,CODAP,SETUP,MEDIUM
Bruno,codap_21apr,frame_0019,416.3,motion_threshold_exceeded,2.43,,EXPLORE_DATA,,CODAP,SETUP,MEDIUM
Bruno,codap_21apr,frame_0020,467.3,motion_threshold_exceeded,1.5395,,EXPLORE_DATA,,MIXED,SETUP,MEDIUM
Bruno,codap_21apr,frame_0021,473.7,motion_threshold_exceeded,3.9718,,EXPLORE_DATA,,CODAP,SETUP,HIGH
Bruno,codap_21apr,frame_0022,489.7,speech_anchor_midpoint,,classmate,EXPLORE_DATA,,CODAP,SETUP,HIGH
Bruno,codap_21apr,frame_0023,580.0,codap_static_gap_fill,,unknown,EXPLORE_DATA,,CODAP,SETUP,HIGH
Bruno,codap_21apr,frame_0024,645.6,motion_threshold_exceeded,2.0642,teacher,EXPLORE_DATA,,CODAP,SETUP,MEDIUM
Bruno,codap_21apr,frame_0025,649.0,motion_threshold_exceeded,3.05,teacher,EXPLORE_DATA,,MIXED,SETUP,MEDIUM
Bruno,codap_21apr,frame_0026,651.0,speech_anchor_midpoint,,teacher,EXPLORE_DATA,,MIXED,SETUP,HIGH
Bruno,codap_21apr,frame_0027,655.3,motion_threshold_exceeded,3.0276,teacher,EXPLORE_DATA,SELECT_TARGET,MIXED,SETUP,MEDIUM
Bruno,codap_21apr,frame_0028,658.6,speech_anchor_midpoint,,teacher,EXPLORE_DATA,,MIXED,SETUP,MEDIUM
Bruno,codap_21apr,frame_0029,667.4,motion_threshold_exceeded,3.0448,student,EXPLORE_DATA,,MIXED,SETUP,MEDIUM
Bruno,codap_21apr,frame_0030,670.3,speech_anchor_midpoint,,teacher,EXPLORE_DATA,,MIXED,SETUP,HIGH
Bruno,codap_21apr,frame_0031,760.6,codap_static_gap_fill,,unknown,EXPLORE_DATA,,MIXED,SETUP,HIGH
Bruno,codap_21apr,frame_0032,851.6,codap_static_gap_fill,,unknown,EXPLORE_DATA,,MIXED,SETUP,MEDIUM
Bruno,codap_21apr,frame_0033,922.4,motion_threshold_exceeded,4.3929,,EXPLORE_DATA,,MIXED,SETUP,MEDIUM
Bruno,codap_21apr,frame_0034,924.9,speech_anchor_midpoint,,classmate,EXPLORE_DATA,,MIXED,SETUP,MEDIUM
Bruno,codap_21apr,frame_0035,1015.7,codap_static_gap_fill,,unknown,EXPLORE_DATA,,MIXED,SETUP,MEDIUM
Bruno,codap_21apr,frame_0036,1082.3,speech_anchor_midpoint,,teacher,EXPLORE_DATA,,MIXED,SETUP,MEDIUM
Bruno,codap_21apr,frame_0037,1152.5,speech_anchor_midpoint,,classmate,EXPLORE_DATA,,MIXED,SETUP,HIGH
Bruno,codap_21apr,frame_0038,1242.8,codap_static_gap_fill,,unknown,EXPLORE_DATA,,MIXED,SETUP,HIGH
Bruno,codap_21apr,frame_0039,1332.9,codap_static_gap_fill,,unknown,EXPLORE_DATA,,MIXED,SETUP,MEDIUM
Bruno,codap_21apr,frame_0040,1420.3,motion_threshold_exceeded,2.505,teacher,EXPLORE_DATA,,MIXED,SETUP,MEDIUM
Bruno,codap_21apr,frame_0041,1422.0,speech_anchor_midpoint,,teacher,EXPLORE_DATA,SELECT_TARGET,MIXED,SETUP,MEDIUM
Bruno,codap_21apr,frame_0042,1423.5,speech_anchor_midpoint,,student,EXPLORE_DATA,,MIXED,SETUP,MEDIUM
Bruno,codap_21apr,frame_0043,1477.3,motion_threshold_exceeded,1.3443,teacher,EXPLORE_DATA,,MIXED,SETUP,MEDIUM
Bruno,codap_21apr,frame_0044,1477.5,motion_threshold_exceeded,1.229,teacher,EXPLORE_DATA,,MIXED,SETUP,MEDIUM
Bruno,codap_21apr,frame_0045,1478.2,speech_anchor_midpoint,,classmate,EXPLORE_DATA,,MIXED,SETUP,MEDIUM
Bruno,codap_21apr,frame_0046,1537.3,motion_threshold_exceeded,1.4877,classmate,EXPLORE_DATA,,MIXED,SETUP,MEDIUM
Bruno,codap_21apr,frame_0047,1554.5,speech_anchor_midpoint,,teacher,EXPLORE_DATA,,MIXED,SETUP,MEDIUM
Bruno,codap_21apr,frame_0048,1629.9,motion_threshold_exceeded,2.0664,teacher,EXPLORE_DATA,,MIXED,SETUP,MEDIUM
Bruno,codap_21apr,frame_0049,1630.5,speech_anchor_midpoint,,classmate,EXPLORE_DATA,EXPLORE_DATA,MIXED,SETUP,MEDIUM
Bruno,codap_21apr,frame_0050,1632.5,speech_anchor_midpoint,,teacher,EXPLORE_DATA,SELECT_TARGET,MIXED,SETUP,MEDIUM
Bruno,codap_21apr,frame_0051,1637.7,motion_threshold_exceeded,4.5316,teacher,EXPLORE_DATA,,MIXED,SETUP,MEDIUM
Bruno,codap_21apr,frame_0052,1643.9,motion_threshold_exceeded,4.1254,teacher,EXPLORE_DATA,SELECT_TARGET,MIXED,SETUP,MEDIUM
Bruno,codap_21apr,frame_0053,1668.0,motion_threshold_exceeded,1.5689,classmate,EXPLORE_DATA,,MIXED,SETUP,MEDIUM
Bruno,codap_21apr,frame_0054,1669.3,motion_threshold_exceeded,4.8655,classmate,EXPLORE_DATA,,MIXED,SETUP,MEDIUM
Bruno,codap_21apr,frame_0055,1669.5,speech_anchor_midpoint,,classmate,EXPLORE_DATA,SELECT_TARGET,MIXED,SETUP,MEDIUM
Bruno,codap_21apr,frame_0056,1670.5,motion_threshold_exceeded,3.2243,classmate,EXPLORE_DATA,SELECT_TARGET,MIXED,SETUP,MEDIUM
Bruno,codap_21apr,frame_0057,1671.5,motion_threshold_exceeded,3.4861,classmate,EXPLORE_DATA,,MIXED,SETUP,MEDIUM
Bruno,codap_21apr,frame_0058,1672.5,speech_anchor_midpoint,,classmate,EXPLORE_DATA,,MIXED,SETUP,MEDIUM
Bruno,codap_21apr,frame_0059,1673.7,motion_threshold_exceeded,2.6809,teacher,EXPLORE_DATA,,MIXED,SETUP,MEDIUM
Bruno,codap_21apr,frame_0060,1675.6,motion_threshold_exceeded,1.7342,teacher,EXPLORE_DATA,,MIXED,SETUP,MEDIUM
Bruno,codap_21apr,frame_0061,1676.5,speech_anchor_midpoint,,classmate,EXPLORE_DATA,,CODAP,SETUP,MEDIUM
Bruno,codap_21apr,frame_0062,1686.0,motion_threshold_exceeded,3.9988,teacher,EXPLORE_DATA,,CODAP,SETUP,MEDIUM
Bruno,codap_21apr,frame_0063,1704.3,motion_threshold_exceeded,9.8299,classmate,EXPLORE_DATA,,CODAP,SETUP,MEDIUM
Bruno,codap_21apr,frame_0064,1709.7,motion_threshold_exceeded,8.076,teacher,EXPLORE_DATA,EXPLORE_DATA,MIXED,SETUP,MEDIUM
Bruno,codap_21apr,frame_0065,1712.8,motion_threshold_exceeded,8.054,teacher,EXPLORE_DATA,,CODAP,SETUP,MEDIUM
Bruno,codap_21apr,frame_0066,1716.6,motion_threshold_exceeded,8.0575,teacher,EXPLORE_DATA,,MIXED,SETUP,MEDIUM
Bruno,codap_21apr,frame_0067,1806.7,codap_static_gap_fill,,unknown,EXPLORE_DATA,,MIXED,SETUP,MEDIUM
Bruno,codap_21apr,frame_0068,1851.3,motion_threshold_exceeded,8.0554,teacher,EXPLORE_DATA,EXPLORE_DATA,MIXED,SETUP,MEDIUM
Bruno,codap_21apr,frame_0069,1855.6,motion_threshold_exceeded,8.0554,student,EXPLORE_DATA,EXPLORE_DATA,CODAP,SETUP,MEDIUM
Bruno,codap_21apr,frame_0070,1881.2,motion_threshold_exceeded,2.3216,classmate,EXPLORE_DATA,EXPLORE_DATA,MIXED,SETUP,MEDIUM
Bruno,codap_21apr,frame_0071,1883.1,speech_anchor_midpoint,,teacher,EXPLORE_DATA,EXPLORE_DATA,CODAP,SETUP,MEDIUM
Bruno,codap_21apr,frame_0072,1884.4,motion_threshold_exceeded,4.3439,classmate,EXPLORE_DATA,EXPLORE_DATA,MIXED,SETUP,MEDIUM
Bruno,codap_21apr,frame_0073,1887.3,motion_threshold_exceeded,3.2674,classmate,EXPLORE_DATA,EXPLORE_DATA,CODAP,SETUP,MEDIUM
Bruno,codap_21apr,frame_0074,1933.0,motion_threshold_exceeded,2.6397,teacher,EXPLORE_DATA,EXPLORE_DATA,MIXED,SETUP,MEDIUM
Bruno,codap_21apr,frame_0075,1935.8,speech_anchor_midpoint,,classmate,EXPLORE_DATA,,CODAP,SETUP,MEDIUM
Bruno,codap_21apr,frame_0076,1941.3,motion_threshold_exceeded,5.1779,classmate,EXPLORE_DATA,,CODAP,SETUP,MEDIUM
Bruno,codap_21apr,frame_0077,1943.4,motion_threshold_exceeded,2.2076,classmate,EXPLORE_DATA,EXPLORE_DATA,MIXED,SETUP,MEDIUM
Bruno,codap_21apr,frame_0078,1962.4,speech_anchor_midpoint,,classmate,EXPLORE_DATA,,CODAP,SETUP,MEDIUM
Bruno,codap_21apr,frame_0079,1965.7,motion_threshold_exceeded,3.9884,student,EXPLORE_DATA,EXPLORE_DATA,CODAP,SETUP,MEDIUM
Bruno,codap_21apr,frame_0080,1967.2,speech_anchor_midpoint,,classmate,EXPLORE_DATA,,CODAP,SETUP,MEDIUM
Bruno,codap_21apr,frame_0081,2006.8,motion_threshold_exceeded,4.6956,,EXPLORE_DATA,,MIXED,SETUP,MEDIUM
Bruno,codap_21apr,frame_0082,2044.0,motion_threshold_exceeded,2.8347,teacher,EXPLORE_DATA,SELECT_TARGET,MIXED,SETUP,MEDIUM
Bruno,codap_21apr,frame_0083,2044.2,speech_anchor_midpoint,,teacher,EXPLORE_DATA,,MIXED,SETUP,MEDIUM
Bruno,codap_21apr,frame_0084,2044.5,motion_threshold_exceeded,4.7411,teacher,EXPLORE_DATA,,MIXED,SETUP,MEDIUM
Bruno,codap_21apr,frame_0085,2045.1,motion_threshold_exceeded,3.2795,teacher,EXPLORE_DATA,,MIXED,SETUP,MEDIUM
Bruno,codap_21apr,frame_0086,2067.4,speech_anchor_midpoint,,teacher,EXPLORE_DATA,EXPLORE_DATA,MIXED,SETUP,MEDIUM
Bruno,codap_21apr,frame_0087,2069.7,speech_anchor_midpoint,,classmate,EXPLORE_DATA,,CODAP,SETUP,MEDIUM
Bruno,codap_21apr,frame_0088,2159.9,codap_static_gap_fill,,unknown,EXPLORE_DATA,,CODAP,SETUP,MEDIUM
Bruno,codap_21apr,frame_0089,2180.1,speech_anchor_midpoint,,student,EXPLORE_DATA,,MIXED,SETUP,MEDIUM
Bruno,codap_21apr,frame_0090,2181.4,motion_threshold_exceeded,1.3349,teacher,EXPLORE_DATA,EXPLORE_DATA,MIXED,SETUP,MEDIUM
Bruno,codap_21apr,frame_0091,2181.6,speech_anchor_midpoint,,teacher,EXPLORE_DATA,EXPLORE_DATA,MIXED,SETUP,MEDIUM
Bruno,codap_21apr,frame_0092,2183.5,motion_threshold_exceeded,3.233,,EXPLORE_DATA,,MIXED,SETUP,MEDIUM
Bruno,codap_21apr,frame_0093,2185.6,speech_anchor_midpoint,,classmate,EXPLORE_DATA,,MIXED,SETUP,MEDIUM
Bruno,codap_21apr,frame_0094,2194.1,speech_anchor_midpoint,,classmate,EXPLORE_DATA,,CODAP,SETUP,MEDIUM
Bruno,codap_21apr,frame_0095,2195.2,motion_threshold_exceeded,3.05,teacher,EXPLORE_DATA,EXPLORE_DATA,MIXED,SETUP,MEDIUM
Bruno,codap_21apr,frame_0096,2196.6,motion_threshold_exceeded,3.0023,teacher,EXPLORE_DATA,,MIXED,SETUP,MEDIUM
Bruno,codap_21apr,frame_0097,2198.6,speech_anchor_midpoint,,teacher,EXPLORE_DATA,EVALUATE_MODEL,MIXED,SETUP,MEDIUM
Bruno,codap_21apr,frame_0098,2222.5,motion_threshold_exceeded,1.6617,teacher,EVALUATE_MODEL,,MIXED,EVALUATING,MEDIUM
Bruno,codap_21apr,frame_0099,2223.1,speech_anchor_midpoint,,classmate,EVALUATE_MODEL,,MIXED,EVALUATING,MEDIUM
Bruno,codap_21apr,frame_0100,2224.5,speech_anchor_midpoint,,teacher,EXPLORE_DATA,EVALUATE_MODEL,MIXED,SETUP,MEDIUM
Bruno,codap_21apr,frame_0101,2237.0,motion_threshold_exceeded,1.4068,teacher,EVALUATE_MODEL,EXPLORE_DATA,MIXED,EVALUATING,MEDIUM
Bruno,codap_21apr,frame_0102,2239.1,speech_anchor_midpoint,,teacher,EXPLORE_DATA,EXPLORE_DATA,MIXED,SETUP,MEDIUM
Bruno,codap_21apr,frame_0103,2241.6,speech_anchor_midpoint,,classmate,EVALUATE_MODEL,EXPLORE_DATA,MIXED,EVALUATING,MEDIUM
Bruno,codap_21apr,frame_0104,2286.8,motion_threshold_exceeded,1.336,,EXPLORE_DATA,EXPLORE_DATA,MIXED,SETUP,MEDIUM
Bruno,codap_21apr,frame_0105,2294.4,speech_anchor_midpoint,,classmate,EVALUATE_MODEL,EXPLORE_DATA,MIXED,EVALUATING,MEDIUM
Bruno,codap_21apr,frame_0106,2355.4,motion_threshold_exceeded,1.7515,teacher,EVALUATE_MODEL,,MIXED,EVALUATING,MEDIUM
Bruno,codap_21apr,frame_0107,2357.8,speech_anchor_midpoint,,teacher,EVALUATE_MODEL,BUILD_TREE,MIXED,EVALUATING,MEDIUM
Bruno,codap_21apr,frame_0108,2367.6,motion_threshold_exceeded,2.0453,teacher,EVALUATE_MODEL,,MIXED,EVALUATING,HIGH
Bruno,codap_21apr,frame_0109,2369.9,motion_threshold_exceeded,2.196,classmate,EVALUATE_MODEL,EXPLORE_DATA,MIXED,EVALUATING,HIGH
Bruno,codap_21apr,frame_0110,2373.6,speech_anchor_midpoint,,teacher,EVALUATE_MODEL,BUILD_TREE,MIXED,EVALUATING,HIGH
Bruno,codap_21apr,frame_0111,2379.3,motion_threshold_exceeded,2.718,teacher,EVALUATE_MODEL,EXPLORE_DATA,MIXED,EVALUATING,MEDIUM
Bruno,codap_21apr,frame_0112,2393.6,speech_anchor_midpoint,,student,EVALUATE_MODEL,INTERPRET_RESULTS,MIXED,EVALUATING,HIGH
Bruno,codap_21apr,frame_0113,2397.6,speech_anchor_midpoint,,student,EVALUATE_MODEL,INTERPRET_RESULTS,MIXED,EVALUATING,HIGH
Bruno,codap_21apr,frame_0114,2423.3,motion_threshold_exceeded,2.2282,teacher,EVALUATE_MODEL,,MIXED,EVALUATING,MEDIUM
Bruno,codap_21apr,frame_0115,2425.7,speech_anchor_midpoint,,teacher,EVALUATE_MODEL,INTERPRET_RESULTS,MIXED,EVALUATING,HIGH
Bruno,codap_21apr,frame_0116,2516.6,codap_static_gap_fill,,unknown,EVALUATE_MODEL,,MIXED,EVALUATING,MEDIUM
Bruno,codap_21apr,frame_0117,2606.6,codap_static_gap_fill,,unknown,EVALUATE_MODEL,INTERPRET_RESULTS,MIXED,EVALUATING,HIGH
Bruno,codap_21apr,frame_0118,2621.1,speech_anchor_midpoint,,classmate,EVALUATE_MODEL,EXPLORE_DATA,MIXED,EVALUATING,MEDIUM
Bruno,codap_21apr,frame_0119,2625.4,motion_threshold_exceeded,10.4855,teacher,EVALUATE_MODEL,EXPLORE_DATA,MIXED,EVALUATING,MEDIUM
Bruno,codap_21apr,frame_0120,2626.6,speech_anchor_midpoint,,classmate,EVALUATE_MODEL,INTERPRET_RESULTS,MIXED,EVALUATING,HIGH
Bruno,codap_21apr,frame_0121,2628.6,speech_anchor_midpoint,,classmate,EVALUATE_MODEL,INTERPRET_RESULTS,MIXED,EVALUATING,HIGH
Bruno,codap_21apr,frame_0122,2696.6,motion_threshold_exceeded,9.1362,teacher,EVALUATE_MODEL,EXPLORE_DATA,MIXED,EVALUATING,MEDIUM
Bruno,codap_21apr,frame_0123,2698.6,speech_anchor_midpoint,,classmate,EVALUATE_MODEL,INTERPRET_RESULTS,MIXED,EVALUATING,HIGH
Bruno,codap_21apr,frame_0124,2724.4,motion_threshold_exceeded,2.186,teacher,EVALUATE_MODEL,INTERPRET_RESULTS,MIXED,EVALUATING,MEDIUM
Bruno,codap_21apr,frame_0125,2726.6,speech_anchor_midpoint,,teacher,EVALUATE_MODEL,INTERPRET_RESULTS,MIXED,EVALUATING,HIGH
Bruno,codap_21apr,frame_0126,2730.6,speech_anchor_midpoint,,classmate,EVALUATE_MODEL,EXPLORE_DATA,MIXED,EVALUATING,MEDIUM
Bruno,codap_21apr,frame_0127,2734.8,speech_anchor_midpoint,,classmate,EVALUATE_MODEL,EXPLORE_DATA,MIXED,EVALUATING,HIGH
Bruno,codap_21apr,frame_0128,2736.6,speech_anchor_midpoint,,classmate,EVALUATE_MODEL,EXPLORE_DATA,MIXED,EVALUATING,MEDIUM
Bruno,codap_21apr,frame_0129,2738.9,speech_anchor_midpoint,,classmate,EVALUATE_MODEL,EXPLORE_DATA,MIXED,EVALUATING,HIGH
Bruno,codap_21apr,frame_0130,2742.7,speech_anchor_midpoint,,classmate,EVALUATE_MODEL,EXPLORE_DATA,MIXED,EVALUATING,MEDIUM
Bruno,codap_21apr,frame_0131,2750.6,speech_anchor_midpoint,,classmate,EVALUATE_MODEL,EXPLORE_DATA,MIXED,EVALUATING,HIGH
Bruno,codap_21apr,frame_0132,2778.5,motion_threshold_exceeded,2.3931,teacher,EVALUATE_MODEL,EXPLORE_DATA,MIXED,EVALUATING,MEDIUM
Bruno,codap_21apr,frame_0133,2780.7,speech_anchor_midpoint,,teacher,EVALUATE_MODEL,INTERPRET_RESULTS,MIXED,EVALUATING,HIGH
Bruno,codap_21apr,frame_0134,2781.6,motion_threshold_exceeded,1.5322,teacher,TUNE_THRESHOLD,EVALUATE_MODEL,MIXED,TUNING,HIGH
Bruno,codap_21apr,frame_0135,2811.4,speech_anchor_midpoint,,classmate,EVALUATE_MODEL,INTERPRET_RESULTS,MIXED,EVALUATING,HIGH
Bruno,codap_21apr,frame_0136,2847.7,motion_threshold_exceeded,2.7072,classmate,COMPARE_MODELS,INTERPRET_RESULTS,MIXED,EVALUATING,HIGH
Bruno,codap_21apr,frame_0137,2849.0,motion_threshold_exceeded,1.6792,classmate,COMPARE_MODELS,INTERPRET_RESULTS,MIXED,EVALUATING,HIGH
Bruno,codap_21apr,frame_0138,2852.0,motion_threshold_exceeded,1.3906,classmate,COMPARE_MODELS,INTERPRET_RESULTS,MIXED,EVALUATING,HIGH
Bruno,codap_21apr,frame_0139,2852.6,speech_anchor_midpoint,,classmate,COMPARE_MODELS,INTERPRET_RESULTS,MIXED,EVALUATING,HIGH
Bruno,codap_21apr,frame_0140,2856.6,motion_threshold_exceeded,1.7826,classmate,COMPARE_MODELS,INTERPRET_RESULTS,MIXED,EVALUATING,MEDIUM
Bruno,codap_21apr,frame_0141,2858.7,speech_anchor_midpoint,,classmate,COMPARE_MODELS,INTERPRET_RESULTS,MIXED,EVALUATING,HIGH
Bruno,codap_21apr,frame_0142,2883.5,motion_threshold_exceeded,1.4439,teacher,COMPARE_MODELS,INTERPRET_RESULTS,MIXED,EVALUATING,MEDIUM
Bruno,codap_21apr,frame_0143,2884.9,motion_threshold_exceeded,1.4205,teacher,EVALUATE_MODEL,INTERPRET_RESULTS,MIXED,EVALUATING,MEDIUM
Bruno,codap_21apr,frame_0144,2960.6,speech_anchor_midpoint,,classmate,COMPARE_MODELS,INTERPRET_RESULTS,MIXED,EVALUATING,HIGH
Bruno,codap_21apr,frame_0145,2964.6,speech_anchor_midpoint,,teacher,EVALUATE_MODEL,INTERPRET_RESULTS,MIXED,EVALUATING,HIGH
Bruno,codap_21apr,frame_0146,3055.6,codap_static_gap_fill,,unknown,EVALUATE_MODEL,INTERPRET_RESULTS,MIXED,EVALUATING,HIGH
Bruno,codap_21apr,frame_0147,3146.3,codap_static_gap_fill,,unknown,EVALUATE_MODEL,INTERPRET_RESULTS,MIXED,EVALUATING,HIGH
Bruno,codap_21apr,frame_0148,3236.7,codap_static_gap_fill,,unknown,EVALUATE_MODEL,EXPLORE_DATA,MIXED,EVALUATING,MEDIUM
Bruno,codap_21apr,frame_0149,3269.0,speech_anchor_midpoint,,classmate,EVALUATE_MODEL,INTERPRET_RESULTS,MIXED,EVALUATING,HIGH
Bruno,codap_21apr,frame_0150,3275.3,motion_threshold_exceeded,1.9724,,COMPARE_MODELS,EXPLORE_DATA,MIXED,EVALUATING,MEDIUM
Bruno,codap_21apr,frame_0151,3299.7,motion_threshold_exceeded,2.7853,teacher,COMPARE_MODELS,INTERPRET_RESULTS,MIXED,EVALUATING,HIGH
Bruno,codap_21apr,frame_0152,3301.1,motion_threshold_exceeded,3.2332,teacher,COMPARE_MODELS,COMPARE_MODELS,MIXED,EVALUATING,MEDIUM
Bruno,codap_21apr,frame_0153,3372.1,motion_threshold_exceeded,2.5787,,COMPARE_MODELS,INTERPRET_RESULTS,MIXED,EVALUATING,MEDIUM
Bruno,codap_21apr,frame_0154,3386.3,motion_threshold_exceeded,1.5343,,COMPARE_MODELS,EXPLORE_DATA,MIXED,EVALUATING,MEDIUM
Bruno,codap_21apr,frame_0155,3399.6,motion_threshold_exceeded,1.3501,,EXPLORE_DATA,EVALUATE_MODEL,MIXED,SETUP,MEDIUM
Bruno,codap_21apr,frame_0156,3403.9,motion_threshold_exceeded,1.5345,,COMPARE_MODELS,INTERPRET_RESULTS,MIXED,EVALUATING,MEDIUM
Bruno,codap_21apr,frame_0157,3407.3,speech_anchor_midpoint,,classmate,COMPARE_MODELS,BUILD_TREE,MIXED,EVALUATING,MEDIUM
Bruno,codap_21apr,frame_0158,3498.2,codap_static_gap_fill,,unknown,COMPARE_MODELS,INTERPRET_RESULTS,MIXED,EVALUATING,HIGH
Bruno,codap_21apr,frame_0159,3525.6,speech_anchor_midpoint,,classmate,COMPARE_MODELS,INTERPRET_RESULTS,MIXED,EVALUATING,MEDIUM
Bruno,codap_21apr,frame_0160,3555.1,speech_anchor_midpoint,,student,COMPARE_MODELS,INTERPRET_RESULTS,MIXED,EVALUATING,HIGH
Bruno,codap_21apr,frame_0161,3560.2,motion_threshold_exceeded,9.2816,student,COMPARE_MODELS,EXPLORE_DATA,MIXED,EVALUATING,MEDIUM
Bruno,codap_21apr,frame_0162,3562.6,speech_anchor_midpoint,,classmate,BUILD_TREE,EVALUATE_MODEL,MIXED,BUILDING,MEDIUM
Bruno,codap_21apr,frame_0163,3586.3,motion_threshold_exceeded,2.8146,classmate,EXPLORE_DATA,,MIXED,SETUP,MEDIUM
Bruno,codap_21apr,frame_0164,3587.5,motion_threshold_exceeded,9.1213,teacher,COMPARE_MODELS,EXPLORE_DATA,MIXED,EVALUATING,MEDIUM
Bruno,codap_21apr,frame_0165,3677.5,codap_static_gap_fill,,unknown,COMPARE_MODELS,COMPARE_MODELS,MIXED,EVALUATING,HIGH
Bruno,codap_21apr,frame_0166,3727.3,motion_threshold_exceeded,3.4215,,TUNE_THRESHOLD,EVALUATE_MODEL,MIXED,TUNING,HIGH
Bruno,codap_21apr,frame_0167,3809.4,speech_anchor_midpoint,,classmate,COMPARE_MODELS,COMPARE_MODELS,MIXED,EVALUATING,HIGH
Bruno,codap_21apr,frame_0168,3821.9,motion_threshold_exceeded,2.2498,teacher,COMPARE_MODELS,INTERPRET_RESULTS,MIXED,EVALUATING,HIGH
Bruno,codap_21apr,frame_0169,3912.3,codap_static_gap_fill,,unknown,TUNE_THRESHOLD,EVALUATE_MODEL,MIXED,TUNING,HIGH
Bruno,codap_21apr,frame_0170,3930.2,speech_anchor_midpoint,,student,COMPARE_MODELS,COMPARE_MODELS,MIXED,EVALUATING,HIGH
Bruno,codap_21apr,frame_0171,3985.3,motion_threshold_exceeded,2.9354,,COMPARE_MODELS,INTERPRET_RESULTS,MIXED,EVALUATING,MEDIUM
Bruno,codap_21apr,frame_0172,4075.7,codap_static_gap_fill,,unknown,COMPARE_MODELS,INTERPRET_RESULTS,MIXED,EVALUATING,HIGH
Bruno,codap_21apr,frame_0173,4150.6,motion_threshold_exceeded,3.3111,,OFF_TASK,,MENU,IDLE,MEDIUM
Bruno,codap_21apr,frame_0174,4151.8,motion_threshold_exceeded,3.5122,,OFF_TASK,,MIXED,IDLE,MEDIUM
Bruno,codap_21apr,frame_0175,4153.0,motion_threshold_exceeded,5.1101,,COMPARE_MODELS,EXPLORE_DATA,MIXED,EVALUATING,MEDIUM
Bruno,codap_21apr,frame_0176,4154.9,motion_threshold_exceeded,4.9294,,COMPARE_MODELS,INTERPRET_RESULTS,MIXED,EVALUATING,MEDIUM
Bruno,codap_21apr,frame_0177,4157.5,motion_threshold_exceeded,5.1123,,COMPARE_MODELS,EXPLORE_DATA,MIXED,EVALUATING,MEDIUM
Bruno,codap_21apr,frame_0178,4158.8,motion_threshold_exceeded,4.9298,,COMPARE_MODELS,INTERPRET_RESULTS,MIXED,EVALUATING,HIGH
Bruno,codap_21apr,frame_0179,4173.3,motion_threshold_exceeded,1.8376,classmate,COMPARE_MODELS,EXPLORE_DATA,MIXED,EVALUATING,MEDIUM
Bruno,codap_21apr,frame_0180,4174.1,speech_anchor_midpoint,,classmate,COMPARE_MODELS,EXPLORE_DATA,MIXED,EVALUATING,MEDIUM
Bruno,codap_21apr,frame_0181,4181.8,motion_threshold_exceeded,5.9437,teacher,COMPARE_MODELS,EXPLORE_DATA,MIXED,EVALUATING,MEDIUM
Bruno,codap_21apr,frame_0182,4183.3,motion_threshold_exceeded,6.0079,teacher,COMPARE_MODELS,EXPLORE_DATA,MIXED,EVALUATING,MEDIUM
Bruno,codap_21apr,frame_0183,4202.1,speech_anchor_midpoint,,classmate,COMPARE_MODELS,BUILD_TREE,MIXED,EVALUATING,MEDIUM
Bruno,codap_21apr,frame_0184,4205.3,motion_threshold_exceeded,2.0538,,COMPARE_MODELS,EXPLORE_DATA,MIXED,EVALUATING,MEDIUM
Bruno,codap_21apr,frame_0185,4210.7,motion_threshold_exceeded,5.6615,,COMPARE_MODELS,BUILD_TREE,MIXED,EVALUATING,MEDIUM
Bruno,codap_21apr,frame_0186,4213.6,motion_threshold_exceeded,5.4487,,BUILD_TREE,EVALUATE_MODEL,MIXED,BUILDING,MEDIUM
Bruno,codap_21apr,frame_0187,4275.6,motion_threshold_exceeded,3.3557,student,COMPARE_MODELS,EXPLORE_DATA,MIXED,EVALUATING,MEDIUM
Bruno,codap_21apr,frame_0188,4284.8,motion_threshold_exceeded,6.1364,,EVALUATE_MODEL,EXPLORE_DATA,MIXED,EVALUATING,MEDIUM
Bruno,codap_21apr,frame_0189,4286.5,motion_threshold_exceeded,8.2955,,COMPARE_MODELS,EXPLORE_DATA,MIXED,EVALUATING,MEDIUM
Bruno,codap_21apr,frame_0190,4288.2,motion_threshold_exceeded,3.1892,,COMPARE_MODELS,EXPLORE_DATA,MIXED,EVALUATING,MEDIUM
Bruno,codap_21apr,frame_0191,4290.9,motion_threshold_exceeded,5.1123,,COMPARE_MODELS,EXPLORE_DATA,MIXED,EVALUATING,MEDIUM
Bruno,codap_21apr,frame_0192,4296.6,motion_threshold_exceeded,8.9082,,COMPARE_MODELS,EXPLORE_DATA,MIXED,EVALUATING,MEDIUM
Bruno,codap_21apr,frame_0193,4298.5,motion_threshold_exceeded,1.5251,,COMPARE_MODELS,EXPLORE_DATA,MIXED,EVALUATING,MEDIUM
Bruno,codap_21apr,frame_0194,4299.5,motion_threshold_exceeded,9.7801,,EVALUATE_MODEL,EXPLORE_DATA,MIXED,EVALUATING,MEDIUM
Bruno,codap_21apr,frame_0195,4301.0,motion_threshold_exceeded,3.6094,,COMPARE_MODELS,EXPLORE_DATA,MIXED,EVALUATING,MEDIUM
Bruno,codap_21apr,frame_0196,4304.1,motion_threshold_exceeded,3.07,,EVALUATE_MODEL,EXPLORE_DATA,MIXED,EVALUATING,MEDIUM
Bruno,codap_21apr,frame_0197,4312.5,motion_threshold_exceeded,4.9253,,COMPARE_MODELS,INTERPRET_RESULTS,MIXED,EVALUATING,HIGH
Bruno,codap_21apr,frame_0198,4332.5,motion_threshold_exceeded,1.8235,,COMPARE_MODELS,,MIXED,EVALUATING,HIGH
Bruno,codap_21apr,frame_0199,4334.6,motion_threshold_exceeded,2.3559,,COMPARE_MODELS,EXPLORE_DATA,MIXED,EVALUATING,MEDIUM
Bruno,codap_21apr,frame_0200,4350.0,motion_threshold_exceeded,8.2743,,COMPARE_MODELS,INTERPRET_RESULTS,MIXED,EVALUATING,MEDIUM
Bruno,codap_21apr,frame_0201,4372.2,motion_threshold_exceeded,3.0662,,COMPARE_MODELS,INTERPRET_RESULTS,MIXED,EVALUATING,HIGH
Bruno,codap_21apr,frame_0202,4378.0,motion_threshold_exceeded,2.512,,COMPARE_MODELS,EXPLORE_DATA,MIXED,EVALUATING,MEDIUM
Bruno,codap_21apr,frame_0203,4382.4,motion_threshold_exceeded,5.928,,COMPARE_MODELS,,MIXED,EVALUATING,MEDIUM
Bruno,codap_21apr,frame_0204,4409.1,motion_threshold_exceeded,5.6908,,EVALUATE_MODEL,INTERPRET_RESULTS,MIXED,EVALUATING,HIGH
Bruno,codap_21apr,frame_0205,4427.5,motion_threshold_exceeded,8.316,,COMPARE_MODELS,INTERPRET_RESULTS,MIXED,EVALUATING,HIGH
Bruno,codap_21apr,frame_0206,4435.3,speech_anchor_midpoint,,classmate,COMPARE_MODELS,INTERPRET_RESULTS,MIXED,EVALUATING,HIGH
Bruno,codap_21apr,frame_0207,4440.4,speech_anchor_midpoint,,teacher,COMPARE_MODELS,COMPARE_MODELS,MIXED,EVALUATING,HIGH
Bruno,codap_21apr,frame_0208,4440.8,speech_anchor_midpoint,,teacher,COMPARE_MODELS,EVALUATE_MODEL,MIXED,EVALUATING,HIGH
Bruno,codap_21apr,frame_0209,4450.4,motion_threshold_exceeded,2.5135,teacher,COMPARE_MODELS,COMPARE_MODELS,MIXED,EVALUATING,HIGH
Bruno,codap_21apr,frame_0210,4455.7,speech_anchor_midpoint,,classmate,COMPARE_MODELS,COMPARE_MODELS,MIXED,EVALUATING,HIGH
Bruno,codap_21apr,frame_0211,4461.5,motion_threshold_exceeded,8.5611,teacher,BUILD_TREE,EVALUATE_MODEL,MIXED,BUILDING,MEDIUM
Bruno,codap_21apr,frame_0212,4483.1,speech_anchor_midpoint,,classmate,COMPARE_MODELS,COMPARE_MODELS,MIXED,EVALUATING,HIGH
Bruno,codap_21apr,frame_0213,4501.2,motion_threshold_exceeded,9.3113,,COMPARE_MODELS,INTERPRET_RESULTS,MIXED,EVALUATING,HIGH
Bruno,codap_21apr,frame_0214,4521.1,speech_anchor_midpoint,,classmate,COMPARE_MODELS,INTERPRET_RESULTS,MIXED,EVALUATING,HIGH
Bruno,codap_21apr,frame_0215,4529.5,motion_threshold_exceeded,9.2182,student,COMPARE_MODELS,INTERPRET_RESULTS,MIXED,EVALUATING,MEDIUM
Bruno,codap_21apr,frame_0216,4531.3,speech_anchor_midpoint,,teacher,COMPARE_MODELS,EXPLORE_DATA,MIXED,EVALUATING,HIGH
Bruno,codap_21apr,frame_0217,4550.1,motion_threshold_exceeded,2.7805,,COMPARE_MODELS,COMPARE_MODELS,MIXED,EVALUATING,HIGH
Bruno,codap_21apr,frame_0218,4597.9,motion_threshold_exceeded,3.0102,,COMPARE_MODELS,EXPLORE_DATA,MIXED,EVALUATING,MEDIUM
Bruno,codap_21apr,frame_0219,4605.9,motion_threshold_exceeded,6.9443,student,COMPARE_MODELS,EXPLORE_DATA,MIXED,EVALUATING,MEDIUM
Bruno,codap_21apr,frame_0220,4611.2,speech_anchor_midpoint,,classmate,COMPARE_MODELS,INTERPRET_RESULTS,MIXED,EVALUATING,HIGH
Bruno,codap_21apr,frame_0221,4613.1,motion_threshold_exceeded,8.0567,classmate,COMPARE_MODELS,BUILD_TREE,MIXED,EVALUATING,HIGH
Bruno,codap_21apr,frame_0222,4623.0,motion_threshold_exceeded,3.9921,classmate,COMPARE_MODELS,COMPARE_MODELS,MIXED,EVALUATING,HIGH
Bruno,codap_21apr,frame_0223,4628.0,motion_threshold_exceeded,8.3185,student,TUNE_THRESHOLD,EVALUATE_MODEL,MIXED,TUNING,HIGH
Bruno,codap_21apr,frame_0224,4636.0,speech_anchor_midpoint,,teacher,COMPARE_MODELS,INTERPRET_RESULTS,MIXED,EVALUATING,HIGH
Bruno,codap_21apr,frame_0225,4641.2,speech_anchor_midpoint,,teacher,COMPARE_MODELS,BUILD_TREE,MIXED,EVALUATING,HIGH
Bruno,codap_21apr,frame_0226,4643.4,motion_threshold_exceeded,2.0775,teacher,TUNE_THRESHOLD,BUILD_TREE,MIXED,TUNING,HIGH
Bruno,codap_21apr,frame_0227,4646.2,motion_threshold_exceeded,3.3654,student,COMPARE_MODELS,INTERPRET_RESULTS,MIXED,EVALUATING,HIGH
Bruno,codap_21apr,frame_0228,4736.6,codap_static_gap_fill,,unknown,COMPARE_MODELS,COMPARE_MODELS,MIXED,EVALUATING,HIGH
Bruno,codap_21apr,frame_0229,4827.5,codap_static_gap_fill,,unknown,COMPARE_MODELS,COMPARE_MODELS,MIXED,EVALUATING,HIGH
Bruno,codap_21apr,frame_0230,4918.1,codap_static_gap_fill,,unknown,COMPARE_MODELS,COMPARE_MODELS,MIXED,EVALUATING,HIGH
Bruno,codap_21apr,frame_0231,4951.8,speech_anchor_midpoint,,classmate,COMPARE_MODELS,,MENU,EVALUATING,MEDIUM
Bruno,codap_21apr,frame_0232,4954.4,speech_anchor_midpoint,,classmate,COMPARE_MODELS,COMPARE_MODELS,MIXED,EVALUATING,HIGH
Bruno,codap_21apr,frame_0233,4966.5,speech_anchor_midpoint,,classmate,OFF_TASK,,MENU,IDLE,HIGH
Bruno,codap_21apr,frame_0234,4969.3,motion_threshold_exceeded,69.4765,,COMPARE_MODELS,COMPARE_MODELS,MIXED,EVALUATING,HIGH
Bruno,codap_21apr,frame_0235,4973.3,speech_anchor_midpoint,,classmate,COMPARE_MODELS,COMPARE_MODELS,MIXED,EVALUATING,HIGH
Bruno,codap_21apr,frame_0236,4979.2,motion_threshold_exceeded,1.7031,teacher,EVALUATE_MODEL,EXPLORE_DATA,MIXED,EVALUATING,MEDIUM
Bruno,codap_21apr,frame_0237,4981.2,speech_anchor_midpoint,,classmate,COMPARE_MODELS,COMPARE_MODELS,MIXED,EVALUATING,HIGH
Bruno,codap_21apr,frame_0238,4992.5,motion_threshold_exceeded,1.5199,teacher,COMPARE_MODELS,EXPLORE_DATA,MIXED,EVALUATING,MEDIUM
Helena,codap_21apr,frame_0001,31.3,motion_threshold_exceeded,2.539,classmate,IDLE_THINKING,STRUGGLE,TREE,IDLE,MEDIUM
Helena,codap_21apr,frame_0002,249.9,codap_static_gap_fill,,unknown,IDLE_THINKING,,MENU,IDLE,HIGH
Helena,codap_21apr,frame_0003,253.8,motion_threshold_exceeded,31.4732,,OFF_TASK,,MENU,IDLE,HIGH
Helena,codap_21apr,frame_0004,254.7,speech_anchor_midpoint,,classmate,OFF_TASK,,MENU,IDLE,HIGH
Helena,codap_21apr,frame_0005,262.4,motion_threshold_exceeded,1.6306,teacher,OFF_TASK,,MENU,IDLE,HIGH
Helena,codap_21apr,frame_0006,282.9,motion_threshold_exceeded,5.6944,,OFF_TASK,,MENU,IDLE,HIGH
Helena,codap_21apr,frame_0007,284.1,motion_threshold_exceeded,1.6061,,OFF_TASK,,MENU,IDLE,HIGH
Helena,codap_21apr,frame_0008,302.4,motion_threshold_exceeded,1.2664,teacher,OFF_TASK,,MENU,IDLE,HIGH
Helena,codap_21apr,frame_0009,303.5,motion_threshold_exceeded,1.2784,,OFF_TASK,,MENU,IDLE,HIGH
Helena,codap_21apr,frame_0010,306.2,motion_threshold_exceeded,7.1379,classmate,OFF_TASK,,MENU,IDLE,HIGH
Helena,codap_21apr,frame_0011,308.9,speech_anchor_midpoint,,classmate,OFF_TASK,,MENU,IDLE,HIGH
Helena,codap_21apr,frame_0012,315.5,motion_threshold_exceeded,2.7812,,OFF_TASK,,MENU,IDLE,HIGH
Helena,codap_21apr,frame_0013,317.3,speech_anchor_midpoint,,teacher,OFF_TASK,,MENU,IDLE,HIGH
Helena,codap_21apr,frame_0014,327.6,motion_threshold_exceeded,4.489,teacher,OFF_TASK,,MENU,IDLE,HIGH
Helena,codap_21apr,frame_0015,351.0,motion_threshold_exceeded,4.9236,teacher,OFF_TASK,,MENU,IDLE,HIGH
Helena,codap_21apr,frame_0016,352.0,speech_anchor_midpoint,,classmate,OFF_TASK,,MIXED,IDLE,HIGH
Helena,codap_21apr,frame_0017,357.8,motion_threshold_exceeded,30.202,teacher,OFF_TASK,,MENU,IDLE,HIGH
Helena,codap_21apr,frame_0018,359.5,motion_threshold_exceeded,85.7035,teacher,OFF_TASK,,MENU,IDLE,HIGH
Helena,codap_21apr,frame_0019,371.2,motion_threshold_exceeded,4.8814,teacher,OFF_TASK,,MENU,IDLE,HIGH
Helena,codap_21apr,frame_0020,372.0,speech_anchor_midpoint,,teacher,OFF_TASK,,MENU,IDLE,HIGH
Helena,codap_21apr,frame_0021,382.1,motion_threshold_exceeded,18.425,teacher,OFF_TASK,,CODAP,IDLE,HIGH
Helena,codap_21apr,frame_0022,384.2,speech_anchor_midpoint,,classmate,EXPLORE_DATA,,CODAP,SETUP,HIGH
Helena,codap_21apr,frame_0023,385.4,motion_threshold_exceeded,86.6273,teacher,OFF_TASK,,MENU,IDLE,HIGH
Helena,codap_21apr,frame_0024,387.0,motion_threshold_exceeded,85.9404,teacher,OFF_TASK,,MENU,IDLE,HIGH
Helena,codap_21apr,frame_0025,392.0,speech_anchor_midpoint,,classmate,OFF_TASK,,MENU,IDLE,HIGH
Helena,codap_21apr,frame_0026,394.1,speech_anchor_midpoint,,classmate,OFF_TASK,,MENU,IDLE,HIGH
Helena,codap_21apr,frame_0027,398.4,motion_threshold_exceeded,3.5853,teacher,OFF_TASK,,MENU,IDLE,HIGH
Helena,codap_21apr,frame_0028,402.0,motion_threshold_exceeded,3.4448,student,OFF_TASK,,MENU,IDLE,HIGH
Helena,codap_21apr,frame_0029,403.1,motion_threshold_exceeded,7.0471,student,OFF_TASK,,MENU,IDLE,HIGH
Helena,codap_21apr,frame_0030,405.5,motion_threshold_exceeded,1.6198,student,OFF_TASK,,MENU,IDLE,HIGH
Helena,codap_21apr,frame_0031,406.5,motion_threshold_exceeded,3.4799,student,OFF_TASK,,MENU,IDLE,HIGH
Helena,codap_21apr,frame_0032,407.1,motion_threshold_exceeded,6.9371,student,OFF_TASK,,MENU,IDLE,HIGH
Helena,codap_21apr,frame_0033,409.2,motion_threshold_exceeded,3.4905,teacher,OFF_TASK,,MENU,IDLE,HIGH
Helena,codap_21apr,frame_0034,410.0,speech_anchor_midpoint,,classmate,EXPLORE_DATA,,MENU,SETUP,HIGH
Helena,codap_21apr,frame_0035,419.3,motion_threshold_exceeded,86.8166,teacher,OFF_TASK,,MENU,IDLE,HIGH
Helena,codap_21apr,frame_0036,421.8,motion_threshold_exceeded,3.5804,student,OFF_TASK,,MENU,IDLE,HIGH
Helena,codap_21apr,frame_0037,422.8,motion_threshold_exceeded,3.4479,student,OFF_TASK,,MENU,IDLE,HIGH
Helena,codap_21apr,frame_0038,423.1,motion_threshold_exceeded,2.8719,student,OFF_TASK,,MENU,IDLE,HIGH
Helena,codap_21apr,frame_0039,424.4,motion_threshold_exceeded,7.0365,,OFF_TASK,,MENU,IDLE,HIGH
Helena,codap_21apr,frame_0040,427.2,motion_threshold_exceeded,2.6408,,OFF_TASK,,MENU,IDLE,HIGH
Helena,codap_21apr,frame_0041,428.3,motion_threshold_exceeded,2.9848,,OFF_TASK,,MENU,IDLE,HIGH
Helena,codap_21apr,frame_0042,429.8,motion_threshold_exceeded,7.034,teacher,OFF_TASK,,MENU,IDLE,HIGH
Helena,codap_21apr,frame_0043,430.8,motion_threshold_exceeded,2.1422,teacher,OFF_TASK,,MENU,IDLE,HIGH
Helena,codap_21apr,frame_0044,431.0,motion_threshold_exceeded,2.6985,teacher,OFF_TASK,,MENU,IDLE,HIGH
Helena,codap_21apr,frame_0045,432.5,motion_threshold_exceeded,5.2529,teacher,EXPLORE_DATA,,MENU,SETUP,HIGH
Helena,codap_21apr,frame_0046,433.7,motion_threshold_exceeded,6.7683,teacher,OFF_TASK,,MENU,IDLE,HIGH
Helena,codap_21apr,frame_0047,436.2,speech_anchor_midpoint,,classmate,EXPLORE_DATA,,MENU,SETUP,MEDIUM
Helena,codap_21apr,frame_0048,450.5,motion_threshold_exceeded,66.2195,teacher,OFF_TASK,,CODAP,IDLE,HIGH
Helena,codap_21apr,frame_0049,451.1,motion_threshold_exceeded,1.5239,teacher,EXPLORE_DATA,,CODAP,SETUP,HIGH
Helena,codap_21apr,frame_0050,453.8,motion_threshold_exceeded,50.2056,teacher,EXPLORE_DATA,,CODAP,SETUP,HIGH
Helena,codap_21apr,frame_0051,456.5,motion_threshold_exceeded,57.6404,teacher,EXPLORE_DATA,,CODAP,SETUP,MEDIUM
Helena,codap_21apr,frame_0052,457.8,motion_threshold_exceeded,2.2691,teacher,EXPLORE_DATA,,CODAP,SETUP,HIGH
Helena,codap_21apr,frame_0053,477.4,motion_threshold_exceeded,5.4099,teacher,EXPLORE_DATA,,TREE,SETUP,MEDIUM
Helena,codap_21apr,frame_0054,481.8,motion_threshold_exceeded,1.3073,teacher,EXPLORE_DATA,,CODAP,SETUP,MEDIUM
Helena,codap_21apr,frame_0055,489.4,motion_threshold_exceeded,5.5145,teacher,EXPLORE_DATA,,CODAP,SETUP,MEDIUM
Helena,codap_21apr,frame_0056,490.1,speech_anchor_midpoint,,classmate,EXPLORE_DATA,,MIXED,SETUP,HIGH
Helena,codap_21apr,frame_0057,544.0,motion_threshold_exceeded,1.7589,teacher,EXPLORE_DATA,,MIXED,SETUP,HIGH
Helena,codap_21apr,frame_0058,546.1,speech_anchor_midpoint,,student,EXPLORE_DATA,,CODAP,SETUP,HIGH
Helena,codap_21apr,frame_0059,600.5,motion_threshold_exceeded,2.3987,teacher,EXPLORE_DATA,SELECT_TARGET,MIXED,SETUP,MEDIUM
Helena,codap_21apr,frame_0060,605.8,motion_threshold_exceeded,1.5787,teacher,EXPLORE_DATA,,MIXED,SETUP,HIGH
Helena,codap_21apr,frame_0061,606.0,speech_anchor_midpoint,,classmate,EXPLORE_DATA,,MIXED,SETUP,HIGH
Helena,codap_21apr,frame_0062,608.0,speech_anchor_midpoint,,classmate,EXPLORE_DATA,,MIXED,SETUP,HIGH
Helena,codap_21apr,frame_0063,610.7,motion_threshold_exceeded,3.1074,,EXPLORE_DATA,,MIXED,SETUP,MEDIUM
Helena,codap_21apr,frame_0064,612.0,speech_anchor_midpoint,,classmate,EXPLORE_DATA,,MIXED,SETUP,HIGH
Helena,codap_21apr,frame_0065,615.1,motion_threshold_exceeded,1.3341,teacher,EXPLORE_DATA,,MIXED,SETUP,HIGH
Helena,codap_21apr,frame_0066,620.3,speech_anchor_midpoint,,classmate,EXPLORE_DATA,,MIXED,SETUP,HIGH
Helena,codap_21apr,frame_0067,626.1,speech_anchor_midpoint,,classmate,EXPLORE_DATA,,MIXED,SETUP,MEDIUM
Helena,codap_21apr,frame_0068,628.0,speech_anchor_midpoint,,classmate,EXPLORE_DATA,,MIXED,SETUP,HIGH
Helena,codap_21apr,frame_0069,630.1,speech_anchor_midpoint,,teacher,EXPLORE_DATA,,MIXED,SETUP,HIGH
Helena,codap_21apr,frame_0070,644.7,motion_threshold_exceeded,1.3258,teacher,EXPLORE_DATA,,MIXED,SETUP,HIGH
Helena,codap_21apr,frame_0071,646.0,speech_anchor_midpoint,,teacher,EXPLORE_DATA,,MIXED,SETUP,HIGH
Helena,codap_21apr,frame_0072,648.1,speech_anchor_midpoint,,teacher,EXPLORE_DATA,,MIXED,SETUP,HIGH
Helena,codap_21apr,frame_0073,654.1,speech_anchor_midpoint,,classmate,EXPLORE_DATA,,MIXED,SETUP,MEDIUM
Helena,codap_21apr,frame_0074,660.0,speech_anchor_midpoint,,classmate,EXPLORE_DATA,,MIXED,SETUP,HIGH
Helena,codap_21apr,frame_0075,663.4,motion_threshold_exceeded,2.836,teacher,EXPLORE_DATA,,MIXED,SETUP,HIGH
Helena,codap_21apr,frame_0076,668.1,speech_anchor_midpoint,,teacher,EXPLORE_DATA,,MIXED,SETUP,HIGH
Helena,codap_21apr,frame_0077,669.6,motion_threshold_exceeded,1.3983,teacher,EXPLORE_DATA,,MIXED,SETUP,HIGH
Helena,codap_21apr,frame_0078,670.5,speech_anchor_midpoint,,classmate,EXPLORE_DATA,,MIXED,SETUP,HIGH
Helena,codap_21apr,frame_0079,674.3,speech_anchor_midpoint,,teacher,EXPLORE_DATA,,MIXED,SETUP,HIGH
Helena,codap_21apr,frame_0080,675.6,motion_threshold_exceeded,1.6578,teacher,EXPLORE_DATA,,MIXED,SETUP,HIGH
Helena,codap_21apr,frame_0081,676.0,speech_anchor_midpoint,,classmate,EXPLORE_DATA,,MIXED,SETUP,HIGH
Helena,codap_21apr,frame_0082,766.6,codap_static_gap_fill,,unknown,EXPLORE_DATA,,MIXED,SETUP,HIGH
Helena,codap_21apr,frame_0083,815.7,motion_threshold_exceeded,3.8837,,EXPLORE_DATA,,MIXED,SETUP,HIGH
Helena,codap_21apr,frame_0084,836.0,speech_anchor_midpoint,,classmate,EXPLORE_DATA,,MIXED,SETUP,HIGH
Helena,codap_21apr,frame_0085,845.1,motion_threshold_exceeded,2.8017,teacher,EXPLORE_DATA,,MIXED,SETUP,HIGH
Helena,codap_21apr,frame_0086,850.0,speech_anchor_midpoint,,classmate,EXPLORE_DATA,,MIXED,SETUP,HIGH
Helena,codap_21apr,frame_0087,857.7,motion_threshold_exceeded,3.3802,teacher,EXPLORE_DATA,,MIXED,SETUP,HIGH
Helena,codap_21apr,frame_0088,861.7,motion_threshold_exceeded,2.5953,teacher,EXPLORE_DATA,,MIXED,SETUP,HIGH
Helena,codap_21apr,frame_0089,870.0,speech_anchor_midpoint,,classmate,EXPLORE_DATA,SELECT_TARGET,MIXED,SETUP,MEDIUM
Helena,codap_21apr,frame_0090,897.0,motion_threshold_exceeded,1.3646,teacher,EXPLORE_DATA,,MIXED,SETUP,HIGH
Helena,codap_21apr,frame_0091,902.1,speech_anchor_midpoint,,classmate,EXPLORE_DATA,SELECT_TARGET,MIXED,SETUP,MEDIUM
Helena,codap_21apr,frame_0092,914.1,speech_anchor_midpoint,,teacher,EXPLORE_DATA,,MIXED,SETUP,HIGH
Helena,codap_21apr,frame_0093,916.1,speech_anchor_midpoint,,teacher,EXPLORE_DATA,,MIXED,SETUP,HIGH
Helena,codap_21apr,frame_0094,923.1,motion_threshold_exceeded,1.3927,,EXPLORE_DATA,,MIXED,SETUP,HIGH
Helena,codap_21apr,frame_0095,928.6,motion_threshold_exceeded,1.3553,,EXPLORE_DATA,SELECT_TARGET,MIXED,SETUP,MEDIUM
Helena,codap_21apr,frame_0096,943.8,motion_threshold_exceeded,1.2691,,EXPLORE_DATA,SELECT_TARGET,MIXED,SETUP,MEDIUM
Helena,codap_21apr,frame_0097,970.8,motion_threshold_exceeded,1.2737,,EXPLORE_DATA,,MIXED,SETUP,HIGH
Helena,codap_21apr,frame_0098,976.6,motion_threshold_exceeded,3.8914,,EXPLORE_DATA,,MIXED,SETUP,MEDIUM
Helena,codap_21apr,frame_0099,979.5,motion_threshold_exceeded,1.4321,,EXPLORE_DATA,,MIXED,SETUP,HIGH
Helena,codap_21apr,frame_0100,997.2,motion_threshold_exceeded,1.6736,,EXPLORE_DATA,,MIXED,SETUP,MEDIUM
Helena,codap_21apr,frame_0101,1016.1,speech_anchor_midpoint,,classmate,EXPLORE_DATA,,MIXED,SETUP,HIGH
Helena,codap_21apr,frame_0102,1026.7,speech_anchor_midpoint,,teacher,EXPLORE_DATA,,MIXED,SETUP,HIGH
Helena,codap_21apr,frame_0103,1117.6,codap_static_gap_fill,,unknown,EXPLORE_DATA,,MIXED,SETUP,HIGH
Helena,codap_21apr,frame_0104,1164.5,motion_threshold_exceeded,1.4809,classmate,EXPLORE_DATA,,MIXED,SETUP,MEDIUM
Helena,codap_21apr,frame_0105,1171.5,speech_anchor_midpoint,,classmate,EXPLORE_DATA,,CODAP,SETUP,HIGH
Helena,codap_21apr,frame_0106,1261.8,codap_static_gap_fill,,unknown,EXPLORE_DATA,,MIXED,SETUP,HIGH
Helena,codap_21apr,frame_0107,1340.4,speech_anchor_midpoint,,teacher,EXPLORE_DATA,,MIXED,SETUP,HIGH
Helena,codap_21apr,frame_0108,1345.2,motion_threshold_exceeded,1.4356,teacher,EXPLORE_DATA,,MIXED,SETUP,HIGH
Helena,codap_21apr,frame_0109,1346.9,speech_anchor_midpoint,,classmate,EXPLORE_DATA,,MIXED,SETUP,HIGH
Helena,codap_21apr,frame_0110,1348.4,motion_threshold_exceeded,2.6416,teacher,EXPLORE_DATA,,MIXED,SETUP,MEDIUM
Helena,codap_21apr,frame_0111,1353.3,motion_threshold_exceeded,1.3692,teacher,EXPLORE_DATA,,MIXED,SETUP,HIGH
Helena,codap_21apr,frame_0112,1354.9,speech_anchor_midpoint,,teacher,EXPLORE_DATA,,MIXED,SETUP,HIGH
Helena,codap_21apr,frame_0113,1362.9,speech_anchor_midpoint,,student,EXPLORE_DATA,SELECT_TARGET,MIXED,SETUP,HIGH
Helena,codap_21apr,frame_0114,1369.4,motion_threshold_exceeded,1.3681,,EXPLORE_DATA,,MIXED,SETUP,HIGH
Helena,codap_21apr,frame_0115,1370.7,speech_anchor_midpoint,,teacher,EXPLORE_DATA,,MIXED,SETUP,HIGH
Helena,codap_21apr,frame_0116,1382.7,motion_threshold_exceeded,4.3723,teacher,EXPLORE_DATA,SELECT_TARGET,MIXED,SETUP,MEDIUM
Helena,codap_21apr,frame_0117,1408.9,speech_anchor_midpoint,,classmate,EXPLORE_DATA,,MIXED,SETUP,HIGH
Helena,codap_21apr,frame_0118,1412.9,motion_threshold_exceeded,2.1429,,EXPLORE_DATA,,MIXED,SETUP,MEDIUM
Helena,codap_21apr,frame_0119,1449.5,motion_threshold_exceeded,1.7508,,EXPLORE_DATA,,MIXED,SETUP,HIGH
Helena,codap_21apr,frame_0120,1451.4,motion_threshold_exceeded,2.8848,,EXPLORE_DATA,,MIXED,SETUP,MEDIUM
Helena,codap_21apr,frame_0121,1541.8,codap_static_gap_fill,,unknown,EXPLORE_DATA,,MIXED,SETUP,MEDIUM
Helena,codap_21apr,frame_0122,1609.3,motion_threshold_exceeded,1.5125,classmate,EXPLORE_DATA,,MIXED,SETUP,MEDIUM
Helena,codap_21apr,frame_0123,1622.0,speech_anchor_midpoint,,classmate,EXPLORE_DATA,,MIXED,SETUP,MEDIUM
Helena,codap_21apr,frame_0124,1665.2,motion_threshold_exceeded,1.478,classmate,EXPLORE_DATA,,MIXED,SETUP,MEDIUM
Helena,codap_21apr,frame_0125,1677.4,speech_anchor_midpoint,,classmate,EXPLORE_DATA,,MIXED,SETUP,MEDIUM
Helena,codap_21apr,frame_0126,1688.6,motion_threshold_exceeded,4.2722,teacher,EXPLORE_DATA,,MIXED,SETUP,MEDIUM
Helena,codap_21apr,frame_0127,1690.2,motion_threshold_exceeded,4.5156,teacher,EXPLORE_DATA,,MIXED,SETUP,MEDIUM
Helena,codap_21apr,frame_0128,1691.5,motion_threshold_exceeded,2.5116,teacher,EXPLORE_DATA,,MIXED,SETUP,MEDIUM
Helena,codap_21apr,frame_0129,1692.5,motion_threshold_exceeded,5.8804,teacher,EXPLORE_DATA,,MIXED,SETUP,MEDIUM
Helena,codap_21apr,frame_0130,1693.6,motion_threshold_exceeded,1.4473,teacher,EXPLORE_DATA,,MIXED,SETUP,MEDIUM
Helena,codap_21apr,frame_0131,1697.4,motion_threshold_exceeded,1.8968,teacher,EXPLORE_DATA,,MIXED,SETUP,MEDIUM
Helena,codap_21apr,frame_0132,1698.7,speech_anchor_midpoint,,classmate,EXPLORE_DATA,,MIXED,SETUP,HIGH
Helena,codap_21apr,frame_0133,1700.9,motion_threshold_exceeded,10.528,teacher,EXPLORE_DATA,,MIXED,SETUP,MEDIUM
Helena,codap_21apr,frame_0134,1701.4,speech_anchor_midpoint,,classmate,EXPLORE_DATA,,MIXED,SETUP,MEDIUM
Helena,codap_21apr,frame_0135,1705.9,motion_threshold_exceeded,12.2355,teacher,EXPLORE_DATA,,CODAP,SETUP,HIGH
Helena,codap_21apr,frame_0136,1707.0,motion_threshold_exceeded,1.3746,teacher,EXPLORE_DATA,,MIXED,SETUP,MEDIUM
Helena,codap_21apr,frame_0137,1708.0,motion_threshold_exceeded,2.9927,teacher,EXPLORE_DATA,,MIXED,SETUP,MEDIUM
Helena,codap_21apr,frame_0138,1773.9,speech_anchor_midpoint,,classmate,EXPLORE_DATA,,MIXED,SETUP,MEDIUM
Helena,codap_21apr,frame_0139,1774.9,speech_anchor_midpoint,,teacher,EXPLORE_DATA,,MIXED,SETUP,MEDIUM
Helena,codap_21apr,frame_0140,1776.1,motion_threshold_exceeded,5.7853,teacher,EXPLORE_DATA,,MIXED,SETUP,MEDIUM
Helena,codap_21apr,frame_0141,1806.8,motion_threshold_exceeded,2.5525,,EXPLORE_DATA,,MIXED,SETUP,MEDIUM
Helena,codap_21apr,frame_0142,1834.7,speech_anchor_midpoint,,classmate,EXPLORE_DATA,,MIXED,SETUP,MEDIUM
Helena,codap_21apr,frame_0143,1925.5,codap_static_gap_fill,,unknown,EXPLORE_DATA,SELECT_TARGET,MIXED,SETUP,MEDIUM
Helena,codap_21apr,frame_0144,1932.9,motion_threshold_exceeded,13.5258,classmate,EXPLORE_DATA,,MIXED,SETUP,MEDIUM
Helena,codap_21apr,frame_0145,1935.7,motion_threshold_exceeded,12.2276,teacher,EXPLORE_DATA,,MIXED,SETUP,MEDIUM
Helena,codap_21apr,frame_0146,1945.7,motion_threshold_exceeded,4.7506,teacher,EXPLORE_DATA,,MIXED,SETUP,MEDIUM
Helena,codap_21apr,frame_0147,1946.8,motion_threshold_exceeded,5.8023,teacher,EXPLORE_DATA,,MIXED,SETUP,MEDIUM
Helena,codap_21apr,frame_0148,1949.8,motion_threshold_exceeded,12.0037,student,EXPLORE_DATA,,MIXED,SETUP,MEDIUM
Helena,codap_21apr,frame_0149,1950.7,speech_anchor_midpoint,,classmate,EXPLORE_DATA,,MIXED,SETUP,MEDIUM
Helena,codap_21apr,frame_0150,1952.7,speech_anchor_midpoint,,classmate,EXPLORE_DATA,,MIXED,SETUP,MEDIUM
Helena,codap_21apr,frame_0151,1954.5,motion_threshold_exceeded,2.3902,teacher,EXPLORE_DATA,,MIXED,SETUP,MEDIUM
Helena,codap_21apr,frame_0152,1954.7,speech_anchor_midpoint,,classmate,EXPLORE_DATA,,MIXED,SETUP,MEDIUM
Helena,codap_21apr,frame_0153,1958.3,motion_threshold_exceeded,3.8474,teacher,EXPLORE_DATA,,MIXED,SETUP,HIGH
Helena,codap_21apr,frame_0154,1958.9,speech_anchor_midpoint,,classmate,EXPLORE_DATA,,MIXED,SETUP,HIGH
Helena,codap_21apr,frame_0155,1962.0,motion_threshold_exceeded,8.1049,teacher,EXPLORE_DATA,,MIXED,SETUP,MEDIUM
Helena,codap_21apr,frame_0156,1980.9,speech_anchor_midpoint,,classmate,EXPLORE_DATA,,MIXED,SETUP,MEDIUM
Helena,codap_21apr,frame_0157,1988.0,motion_threshold_exceeded,8.2164,teacher,EXPLORE_DATA,,MIXED,SETUP,MEDIUM
Helena,codap_21apr,frame_0158,2009.3,motion_threshold_exceeded,8.0588,teacher,EXPLORE_DATA,,MIXED,SETUP,HIGH
Helena,codap_21apr,frame_0159,2011.9,motion_threshold_exceeded,8.4558,teacher,EXPLORE_DATA,,MIXED,SETUP,HIGH
Helena,codap_21apr,frame_0160,2030.7,speech_anchor_midpoint,,classmate,EXPLORE_DATA,,MIXED,SETUP,MEDIUM
Helena,codap_21apr,frame_0161,2032.9,speech_anchor_midpoint,,classmate,EXPLORE_DATA,,MIXED,SETUP,HIGH
Helena,codap_21apr,frame_0162,2121.0,motion_threshold_exceeded,2.4213,teacher,EXPLORE_DATA,,MIXED,SETUP,MEDIUM
Helena,codap_21apr,frame_0163,2122.9,speech_anchor_midpoint,,classmate,EXPLORE_DATA,,MIXED,SETUP,MEDIUM
Helena,codap_21apr,frame_0164,2124.0,motion_threshold_exceeded,1.874,teacher,EXPLORE_DATA,,CODAP,SETUP,MEDIUM
Helena,codap_21apr,frame_0165,2124.7,speech_anchor_midpoint,,classmate,EXPLORE_DATA,,MIXED,SETUP,HIGH
Helena,codap_21apr,frame_0166,2126.7,speech_anchor_midpoint,,teacher,EXPLORE_DATA,,MIXED,SETUP,MEDIUM
Helena,codap_21apr,frame_0167,2128.4,motion_threshold_exceeded,1.8802,student,EXPLORE_DATA,,MIXED,SETUP,MEDIUM
Helena,codap_21apr,frame_0168,2128.7,speech_anchor_midpoint,,teacher,EXPLORE_DATA,SELECT_TARGET,MIXED,SETUP,MEDIUM
Helena,codap_21apr,frame_0169,2130.7,speech_anchor_midpoint,,teacher,EXPLORE_DATA,SELECT_TARGET,MIXED,SETUP,MEDIUM
Helena,codap_21apr,frame_0170,2157.3,motion_threshold_exceeded,7.466,teacher,EXPLORE_DATA,,MIXED,SETUP,MEDIUM
Helena,codap_21apr,frame_0171,2158.5,motion_threshold_exceeded,6.5718,teacher,BUILD_TREE,EXPLORE_DATA,MIXED,BUILDING,HIGH
Helena,codap_21apr,frame_0172,2193.3,motion_threshold_exceeded,2.0611,student,EXPLORE_DATA,,MIXED,SETUP,MEDIUM
Helena,codap_21apr,frame_0173,2194.8,speech_anchor_midpoint,,classmate,EXPLORE_DATA,,MIXED,SETUP,MEDIUM
Helena,codap_21apr,frame_0174,2285.8,codap_static_gap_fill,,unknown,EXPLORE_DATA,SELECT_TARGET,MIXED,SETUP,MEDIUM
Helena,codap_21apr,frame_0175,2376.7,codap_static_gap_fill,,unknown,TUNE_THRESHOLD,EXPLORE_DATA,MIXED,TUNING,MEDIUM
Helena,codap_21apr,frame_0176,2467.1,codap_static_gap_fill,,unknown,TUNE_THRESHOLD,EXPLORE_DATA,MIXED,TUNING,MEDIUM
Helena,codap_21apr,frame_0177,2557.8,codap_static_gap_fill,,unknown,TUNE_THRESHOLD,EXPLORE_DATA,MIXED,TUNING,MEDIUM
Helena,codap_21apr,frame_0178,2614.9,speech_anchor_midpoint,,classmate,TUNE_THRESHOLD,EXPLORE_DATA,MIXED,TUNING,MEDIUM
Helena,codap_21apr,frame_0179,2617.4,speech_anchor_midpoint,,classmate,EVALUATE_MODEL,EXPLORE_DATA,MIXED,EVALUATING,MEDIUM
Helena,codap_21apr,frame_0180,2618.7,speech_anchor_midpoint,,classmate,TUNE_THRESHOLD,EXPLORE_DATA,MIXED,TUNING,MEDIUM
Helena,codap_21apr,frame_0181,2637.9,motion_threshold_exceeded,13.9309,teacher,TUNE_THRESHOLD,EXPLORE_DATA,MIXED,TUNING,MEDIUM
Helena,codap_21apr,frame_0182,2641.9,motion_threshold_exceeded,15.3258,teacher,TUNE_THRESHOLD,EXPLORE_DATA,MIXED,TUNING,MEDIUM
Helena,codap_21apr,frame_0183,2651.2,motion_threshold_exceeded,1.8688,teacher,IDLE_THINKING,EXPLORE_DATA,MIXED,IDLE,MEDIUM
Helena,codap_21apr,frame_0184,2652.9,motion_threshold_exceeded,1.8704,teacher,EVALUATE_MODEL,EXPLORE_DATA,MIXED,EVALUATING,MEDIUM
Helena,codap_21apr,frame_0185,2665.5,motion_threshold_exceeded,5.1829,teacher,EXPLORE_DATA,,MIXED,SETUP,MEDIUM
Helena,codap_21apr,frame_0186,2666.8,speech_anchor_midpoint,,classmate,EXPLORE_DATA,,MIXED,SETUP,MEDIUM
Helena,codap_21apr,frame_0187,2668.7,speech_anchor_midpoint,,classmate,EVALUATE_MODEL,EXPLORE_DATA,MIXED,EVALUATING,MEDIUM
Helena,codap_21apr,frame_0188,2670.7,speech_anchor_midpoint,,classmate,TUNE_THRESHOLD,EXPLORE_DATA,MIXED,TUNING,MEDIUM
Helena,codap_21apr,frame_0189,2680.7,speech_anchor_midpoint,,classmate,TUNE_THRESHOLD,EXPLORE_DATA,MIXED,TUNING,MEDIUM
Helena,codap_21apr,frame_0190,2688.7,speech_anchor_midpoint,,classmate,TUNE_THRESHOLD,EXPLORE_DATA,MIXED,TUNING,MEDIUM
Helena,codap_21apr,frame_0191,2736.3,motion_threshold_exceeded,3.9959,teacher,EVALUATE_MODEL,EXPLORE_DATA,MIXED,EVALUATING,MEDIUM
Helena,codap_21apr,frame_0192,2737.5,motion_threshold_exceeded,2.1838,teacher,EVALUATE_MODEL,EXPLORE_DATA,MIXED,EVALUATING,MEDIUM
Helena,codap_21apr,frame_0193,2747.3,motion_threshold_exceeded,1.2076,teacher,BUILD_TREE,EXPLORE_DATA,MIXED,BUILDING,MEDIUM
Helena,codap_21apr,frame_0194,2748.7,speech_anchor_midpoint,,classmate,EVALUATE_MODEL,EXPLORE_DATA,MIXED,EVALUATING,HIGH
Helena,codap_21apr,frame_0195,2839.3,codap_static_gap_fill,,unknown,EVALUATE_MODEL,EXPLORE_DATA,MIXED,EVALUATING,HIGH
Helena,codap_21apr,frame_0196,2867.7,motion_threshold_exceeded,1.2691,teacher,EVALUATE_MODEL,EXPLORE_DATA,MIXED,EVALUATING,HIGH
Helena,codap_21apr,frame_0197,2869.7,motion_threshold_exceeded,1.3497,teacher,EVALUATE_MODEL,EXPLORE_DATA,MIXED,EVALUATING,HIGH
Helena,codap_21apr,frame_0198,2870.9,motion_threshold_exceeded,1.2182,teacher,EVALUATE_MODEL,EXPLORE_DATA,MIXED,EVALUATING,HIGH
Helena,codap_21apr,frame_0199,2940.2,speech_anchor_midpoint,,classmate,BUILD_TREE,EXPLORE_DATA,MIXED,BUILDING,MEDIUM
Helena,codap_21apr,frame_0200,2963.7,motion_threshold_exceeded,3.3752,teacher,TUNE_THRESHOLD,EXPLORE_DATA,MIXED,TUNING,HIGH
Helena,codap_21apr,frame_0201,2968.2,speech_anchor_midpoint,,classmate,COMPARE_MODELS,EXPLORE_DATA,MIXED,EVALUATING,MEDIUM
Helena,codap_21apr,frame_0202,2973.2,speech_anchor_midpoint,,classmate,TUNE_THRESHOLD,EXPLORE_DATA,MIXED,TUNING,HIGH
Helena,codap_21apr,frame_0203,3045.2,motion_threshold_exceeded,2.8299,teacher,COMPARE_MODELS,EXPLORE_DATA,MIXED,EVALUATING,HIGH
Helena,codap_21apr,frame_0204,3088.4,speech_anchor_midpoint,,classmate,COMPARE_MODELS,EXPLORE_DATA,MIXED,EVALUATING,MEDIUM
Helena,codap_21apr,frame_0205,3131.0,speech_anchor_midpoint,,classmate,COMPARE_MODELS,EXPLORE_DATA,MIXED,EVALUATING,HIGH
Helena,codap_21apr,frame_0206,3222.0,codap_static_gap_fill,,unknown,COMPARE_MODELS,EXPLORE_DATA,MIXED,EVALUATING,HIGH
Helena,codap_21apr,frame_0207,3256.3,speech_anchor_midpoint,,student,TUNE_THRESHOLD,EXPLORE_DATA,MIXED,TUNING,HIGH
Helena,codap_21apr,frame_0208,3272.8,motion_threshold_exceeded,3.4172,,COMPARE_MODELS,EXPLORE_DATA,MIXED,EVALUATING,HIGH
Helena,codap_21apr,frame_0209,3279.8,motion_threshold_exceeded,2.3636,classmate,COMPARE_MODELS,EXPLORE_DATA,MIXED,EVALUATING,HIGH
Helena,codap_21apr,frame_0210,3281.3,motion_threshold_exceeded,1.8733,classmate,COMPARE_MODELS,EXPLORE_DATA,MIXED,EVALUATING,HIGH
Helena,codap_21apr,frame_0211,3294.5,motion_threshold_exceeded,2.015,teacher,COMPARE_MODELS,EXPLORE_DATA,MIXED,EVALUATING,HIGH
Helena,codap_21apr,frame_0212,3298.7,motion_threshold_exceeded,12.4171,teacher,COMPARE_MODELS,EXPLORE_DATA,MIXED,EVALUATING,HIGH
Helena,codap_21apr,frame_0213,3301.9,motion_threshold_exceeded,15.376,teacher,COMPARE_MODELS,EXPLORE_DATA,MIXED,EVALUATING,HIGH
Helena,codap_21apr,frame_0214,3302.3,motion_threshold_exceeded,11.9057,teacher,COMPARE_MODELS,EXPLORE_DATA,MIXED,EVALUATING,MEDIUM
Helena,codap_21apr,frame_0215,3305.1,speech_anchor_midpoint,,classmate,COMPARE_MODELS,EXPLORE_DATA,MIXED,EVALUATING,HIGH
Helena,codap_21apr,frame_0216,3330.9,motion_threshold_exceeded,2.5523,teacher,COMPARE_MODELS,EXPLORE_DATA,MIXED,EVALUATING,HIGH
Helena,codap_21apr,frame_0217,3332.6,motion_threshold_exceeded,2.3038,teacher,COMPARE_MODELS,EXPLORE_DATA,MIXED,EVALUATING,HIGH
Helena,codap_21apr,frame_0218,3335.8,speech_anchor_midpoint,,classmate,COMPARE_MODELS,EXPLORE_DATA,MIXED,EVALUATING,MEDIUM
Helena,codap_21apr,frame_0219,3352.1,motion_threshold_exceeded,1.5621,,COMPARE_MODELS,EXPLORE_DATA,MIXED,EVALUATING,HIGH
Helena,codap_21apr,frame_0220,3362.5,motion_threshold_exceeded,2.1236,,COMPARE_MODELS,EXPLORE_DATA,MIXED,EVALUATING,MEDIUM
Helena,codap_21apr,frame_0221,3366.3,motion_threshold_exceeded,1.4859,,COMPARE_MODELS,EXPLORE_DATA,MIXED,EVALUATING,HIGH
Helena,codap_21apr,frame_0222,3413.5,speech_anchor_midpoint,,teacher,COMPARE_MODELS,EXPLORE_DATA,MIXED,EVALUATING,HIGH
Helena,codap_21apr,frame_0223,3430.5,motion_threshold_exceeded,1.5997,,COMPARE_MODELS,EXPLORE_DATA,MIXED,EVALUATING,HIGH
Helena,codap_21apr,frame_0224,3446.2,speech_anchor_midpoint,,student,COMPARE_MODELS,EXPLORE_DATA,MIXED,EVALUATING,HIGH
Helena,codap_21apr,frame_0225,3481.1,motion_threshold_exceeded,3.3785,classmate,TUNE_THRESHOLD,EXPLORE_DATA,MIXED,TUNING,HIGH
Helena,codap_21apr,frame_0226,3489.3,motion_threshold_exceeded,3.4155,classmate,COMPARE_MODELS,EXPLORE_DATA,MIXED,EVALUATING,HIGH
Helena,codap_21apr,frame_0227,3536.6,motion_threshold_exceeded,1.8773,,COMPARE_MODELS,EXPLORE_DATA,MIXED,EVALUATING,HIGH
Helena,codap_21apr,frame_0228,3542.2,motion_threshold_exceeded,1.8679,,COMPARE_MODELS,EXPLORE_DATA,MIXED,EVALUATING,HIGH
Helena,codap_21apr,frame_0229,3545.3,speech_anchor_midpoint,,classmate,COMPARE_MODELS,EXPLORE_DATA,MIXED,EVALUATING,HIGH
Helena,codap_21apr,frame_0230,3551.6,speech_anchor_midpoint,,teacher,COMPARE_MODELS,EXPLORE_DATA,MIXED,EVALUATING,MEDIUM
Helena,codap_21apr,frame_0231,3554.3,motion_threshold_exceeded,1.5961,teacher,COMPARE_MODELS,EXPLORE_DATA,MIXED,EVALUATING,HIGH
Helena,codap_21apr,frame_0232,3555.0,speech_anchor_midpoint,,classmate,COMPARE_MODELS,EXPLORE_DATA,MIXED,EVALUATING,HIGH
Helena,codap_21apr,frame_0233,3557.7,speech_anchor_midpoint,,classmate,COMPARE_MODELS,EXPLORE_DATA,MIXED,EVALUATING,HIGH
Helena,codap_21apr,frame_0234,3576.7,motion_threshold_exceeded,12.4171,teacher,COMPARE_MODELS,EXPLORE_DATA,MIXED,EVALUATING,MEDIUM
Helena,codap_21apr,frame_0235,3578.5,motion_threshold_exceeded,15.5426,teacher,COMPARE_MODELS,EXPLORE_DATA,MIXED,EVALUATING,HIGH
Helena,codap_21apr,frame_0236,3580.6,motion_threshold_exceeded,2.5627,teacher,COMPARE_MODELS,EXPLORE_DATA,MIXED,EVALUATING,HIGH
Helena,codap_21apr,frame_0237,3587.3,motion_threshold_exceeded,12.4682,,COMPARE_MODELS,EXPLORE_DATA,MIXED,EVALUATING,HIGH
Helena,codap_21apr,frame_0238,3594.9,motion_threshold_exceeded,3.408,teacher,TUNE_THRESHOLD,EXPLORE_DATA,MIXED,TUNING,HIGH
Helena,codap_21apr,frame_0239,3595.2,speech_anchor_midpoint,,classmate,TUNE_THRESHOLD,EXPLORE_DATA,MIXED,TUNING,MEDIUM
Helena,codap_21apr,frame_0240,3609.2,speech_anchor_midpoint,,classmate,COMPARE_MODELS,EXPLORE_DATA,MIXED,EVALUATING,HIGH
Helena,codap_21apr,frame_0241,3610.6,speech_anchor_midpoint,,classmate,COMPARE_MODELS,EXPLORE_DATA,MIXED,EVALUATING,HIGH
Helena,codap_21apr,frame_0242,3621.4,motion_threshold_exceeded,15.561,teacher,COMPARE_MODELS,EXPLORE_DATA,MIXED,EVALUATING,HIGH
Helena,codap_21apr,frame_0243,3648.0,motion_threshold_exceeded,2.897,,COMPARE_MODELS,EXPLORE_DATA,MIXED,EVALUATING,HIGH
Helena,codap_21apr,frame_0244,3738.2,codap_static_gap_fill,,unknown,COMPARE_MODELS,EXPLORE_DATA,MIXED,EVALUATING,MEDIUM
Helena,codap_21apr,frame_0245,3828.2,codap_static_gap_fill,,unknown,COMPARE_MODELS,EXPLORE_DATA,MIXED,EVALUATING,HIGH
Helena,codap_21apr,frame_0246,3918.7,codap_static_gap_fill,,unknown,COMPARE_MODELS,EXPLORE_DATA,MIXED,EVALUATING,HIGH
Helena,codap_21apr,frame_0247,3958.4,motion_threshold_exceeded,3.3933,,TUNE_THRESHOLD,COMPARE_MODELS,MIXED,TUNING,MEDIUM
Helena,codap_21apr,frame_0248,3962.4,motion_threshold_exceeded,3.4288,,COMPARE_MODELS,EXPLORE_DATA,MIXED,EVALUATING,HIGH
Helena,codap_21apr,frame_0249,3964.7,speech_anchor_midpoint,,classmate,COMPARE_MODELS,EXPLORE_DATA,MIXED,EVALUATING,HIGH
Helena,codap_21apr,frame_0250,4054.7,codap_static_gap_fill,,unknown,COMPARE_MODELS,EXPLORE_DATA,MIXED,EVALUATING,HIGH
Helena,codap_21apr,frame_0251,4145.6,codap_static_gap_fill,,unknown,COMPARE_MODELS,EXPLORE_DATA,MIXED,EVALUATING,HIGH
Helena,codap_21apr,frame_0252,4235.6,codap_static_gap_fill,,unknown,COMPARE_MODELS,EXPLORE_DATA,MIXED,EVALUATING,MEDIUM
Helena,codap_21apr,frame_0253,4326.1,codap_static_gap_fill,,unknown,COMPARE_MODELS,EXPLORE_DATA,MIXED,EVALUATING,HIGH
Helena,codap_21apr,frame_0254,4395.0,motion_threshold_exceeded,6.0654,teacher,COMPARE_MODELS,EXPLORE_DATA,MIXED,EVALUATING,MEDIUM
Helena,codap_21apr,frame_0255,4398.4,speech_anchor_midpoint,,teacher,COMPARE_MODELS,EXPLORE_DATA,MIXED,EVALUATING,HIGH
Helena,codap_21apr,frame_0256,4489.2,codap_static_gap_fill,,unknown,COMPARE_MODELS,EXPLORE_DATA,MIXED,EVALUATING,HIGH
Helena,codap_21apr,frame_0257,4580.1,codap_static_gap_fill,,unknown,COMPARE_MODELS,EXPLORE_DATA,MIXED,EVALUATING,HIGH
Helena,codap_21apr,frame_0258,4670.2,codap_static_gap_fill,,unknown,COMPARE_MODELS,EXPLORE_DATA,MIXED,EVALUATING,HIGH
Helena,codap_21apr,frame_0259,4702.4,speech_anchor_midpoint,,student,COMPARE_MODELS,EXPLORE_DATA,MIXED,EVALUATING,HIGH
Helena,codap_21apr,frame_0260,4719.5,motion_threshold_exceeded,4.5455,teacher,BUILD_TREE,EXPLORE_DATA,MIXED,BUILDING,MEDIUM
Helena,codap_21apr,frame_0261,4738.6,speech_anchor_midpoint,,classmate,COMPARE_MODELS,EXPLORE_DATA,MIXED,EVALUATING,HIGH
Helena,codap_21apr,frame_0262,4757.4,speech_anchor_midpoint,,teacher,COMPARE_MODELS,EXPLORE_DATA,MIXED,EVALUATING,MEDIUM
Helena,codap_21apr,frame_0263,4766.4,speech_anchor_midpoint,,classmate,COMPARE_MODELS,EXPLORE_DATA,MIXED,EVALUATING,MEDIUM
Helena,codap_21apr,frame_0264,4771.4,speech_anchor_midpoint,,student,BUILD_TREE,EXPLORE_DATA,MIXED,BUILDING,MEDIUM
Helena,codap_21apr,frame_0265,4778.4,speech_anchor_midpoint,,classmate,COMPARE_MODELS,EXPLORE_DATA,MIXED,EVALUATING,HIGH
Helena,codap_21apr,frame_0266,4781.1,motion_threshold_exceeded,2.8546,student,COMPARE_MODELS,EXPLORE_DATA,MIXED,EVALUATING,HIGH
Helena,codap_21apr,frame_0267,4787.4,speech_anchor_midpoint,,classmate,COMPARE_MODELS,EXPLORE_DATA,MIXED,EVALUATING,HIGH
Helena,codap_21apr,frame_0268,4790.6,motion_threshold_exceeded,2.5729,classmate,COMPARE_MODELS,EXPLORE_DATA,MIXED,EVALUATING,HIGH
Helena,codap_21apr,frame_0269,4796.7,speech_anchor_midpoint,,classmate,COMPARE_MODELS,EXPLORE_DATA,MIXED,EVALUATING,HIGH
Helena,codap_21apr,frame_0270,4887.0,codap_static_gap_fill,,unknown,COMPARE_MODELS,EXPLORE_DATA,MIXED,EVALUATING,MEDIUM
Helena,codap_21apr,frame_0271,4977.4,codap_static_gap_fill,,unknown,COMPARE_MODELS,EXPLORE_DATA,MIXED,EVALUATING,HIGH
Helena,codap_21apr,frame_0272,5068.0,codap_static_gap_fill,,unknown,COMPARE_MODELS,EXPLORE_DATA,MIXED,EVALUATING,HIGH
Helena,codap_21apr,frame_0273,5122.0,motion_threshold_exceeded,2.4091,,COMPARE_MODELS,EXPLORE_DATA,MIXED,EVALUATING,HIGH
Helena,codap_21apr,frame_0274,5124.4,motion_threshold_exceeded,1.9796,,COMPARE_MODELS,EXPLORE_DATA,MIXED,EVALUATING,HIGH
Helena,codap_21apr,frame_0275,5125.5,motion_threshold_exceeded,2.7859,,COMPARE_MODELS,EXPLORE_DATA,MIXED,EVALUATING,HIGH
Helena,codap_21apr,frame_0276,5126.9,motion_threshold_exceeded,2.3723,,COMPARE_MODELS,EXPLORE_DATA,MIXED,EVALUATING,HIGH
Helena,codap_21apr,frame_0277,5130.0,motion_threshold_exceeded,81.5756,,COMPARE_MODELS,EXPLORE_DATA,MIXED,EVALUATING,HIGH
Helena,codap_21apr,frame_0278,5157.9,motion_threshold_exceeded,86.8922,,OFF_TASK,,MENU,IDLE,HIGH
Helena,codap_21apr,frame_0279,5160.2,motion_threshold_exceeded,11.9221,,COMPARE_MODELS,EXPLORE_DATA,MIXED,EVALUATING,HIGH
Helena,codap_21apr,frame_0280,5196.0,motion_threshold_exceeded,69.3814,,COMPARE_MODELS,,MIXED,EVALUATING,MEDIUM
Helena,codap_21apr,frame_0281,5197.5,motion_threshold_exceeded,1.8985,,EXPLORE_DATA,,MENU,SETUP,MEDIUM
Helena,codap_21apr,frame_0282,5198.6,motion_threshold_exceeded,68.6015,,COMPARE_MODELS,EXPLORE_DATA,MIXED,EVALUATING,HIGH
Helena,codap_21apr,frame_0283,5201.8,motion_threshold_exceeded,5.7741,,COMPARE_MODELS,EXPLORE_DATA,MIXED,EVALUATING,HIGH
Helena,codap_21apr,frame_0284,5203.9,motion_threshold_exceeded,11.9682,,COMPARE_MODELS,EXPLORE_DATA,MIXED,EVALUATING,HIGH
Helena,codap_21apr,frame_0285,5209.1,motion_threshold_exceeded,79.4576,,OFF_TASK,,MENU,IDLE,HIGH
Helena,codap_21apr,frame_0286,5211.8,motion_threshold_exceeded,11.5502,,COMPARE_MODELS,EXPLORE_DATA,MIXED,EVALUATING,HIGH
Helena,codap_21apr,frame_0287,5218.4,motion_threshold_exceeded,1.9967,,OFF_TASK,,MENU,IDLE,HIGH
Helena,codap_21apr,frame_0288,5219.8,motion_threshold_exceeded,72.7492,,COMPARE_MODELS,EXPLORE_DATA,MIXED,EVALUATING,HIGH
Helena,codap_21apr,frame_0289,5220.8,motion_threshold_exceeded,3.0399,,OFF_TASK,,MENU,IDLE,HIGH
Helena,codap_21apr,frame_0290,5222.9,motion_threshold_exceeded,49.6898,,OFF_TASK,,MENU,IDLE,HIGH
Helena,codap_21apr,frame_0291,5226.3,motion_threshold_exceeded,1.9398,,OFF_TASK,,MENU,IDLE,HIGH
Helena,codap_21apr,frame_0292,5228.3,motion_threshold_exceeded,78.94,,OFF_TASK,,MENU,IDLE,HIGH
Helena,codap_21apr,frame_0293,5232.9,motion_threshold_exceeded,6.5872,,OFF_TASK,,MENU,IDLE,HIGH
Helena,codap_21apr,frame_0294,5234.0,motion_threshold_exceeded,7.0276,,OFF_TASK,,MENU,IDLE,HIGH
Helena,codap_21apr,frame_0295,5240.2,motion_threshold_exceeded,6.5731,,OFF_TASK,,MENU,IDLE,HIGH
Helena,codap_21apr,frame_0296,5241.2,motion_threshold_exceeded,48.0534,,OFF_TASK,,MENU,IDLE,HIGH
Helena,codap_21apr,frame_0297,5244.1,motion_threshold_exceeded,73.8131,,OFF_TASK,,MENU,IDLE,HIGH
Helena,codap_21apr,frame_0298,5247.1,motion_threshold_exceeded,72.8463,,OFF_TASK,,MENU,IDLE,HIGH
Helena,codap_21apr,frame_0299,5251.9,motion_threshold_exceeded,78.3328,,OFF_TASK,,MENU,IDLE,HIGH
Helena,codap_21apr,frame_0300,5252.9,motion_threshold_exceeded,5.5687,,OFF_TASK,,MENU,IDLE,HIGH
Helena,codap_21apr,frame_0301,5254.5,motion_threshold_exceeded,12.0004,,COMPARE_MODELS,EXPLORE_DATA,MIXED,EVALUATING,HIGH
Helena,codap_21apr,frame_0302,5255.7,motion_threshold_exceeded,66.8841,,EXPLORE_DATA,,MIXED,SETUP,LOW
Iris,codap_21apr,frame_0001,78.1,motion_only_fallback,63.5095,unknown,OFF_TASK,,MIXED,IDLE,MEDIUM
Iris,codap_21apr,frame_0002,356.5,silent_screen_gap_fill,,unknown,OFF_TASK,,MENU,IDLE,HIGH
Iris,codap_21apr,frame_0003,358.0,motion_only_fallback,24.1028,unknown,OFF_TASK,,MENU,IDLE,HIGH
Iris,codap_21apr,frame_0004,360.7,motion_only_fallback,7.756,unknown,OFF_TASK,,MIXED,IDLE,MEDIUM
Iris,codap_21apr,frame_0005,362.3,motion_only_fallback,4.9651,unknown,EXPLORE_DATA,,MIXED,SETUP,MEDIUM
Iris,codap_21apr,frame_0006,367.9,motion_only_fallback,4.9169,unknown,EXPLORE_DATA,,MIXED,SETUP,MEDIUM
Iris,codap_21apr,frame_0007,369.1,motion_only_fallback,3.8733,unknown,OFF_TASK,,MENU,IDLE,HIGH
Iris,codap_21apr,frame_0008,372.0,motion_only_fallback,23.4392,unknown,OFF_TASK,,MIXED,IDLE,MEDIUM
Iris,codap_21apr,frame_0009,376.6,motion_only_fallback,1.4348,unknown,EXPLORE_DATA,,MENU,SETUP,MEDIUM
Iris,codap_21apr,frame_0010,381.2,motion_only_fallback,0.9209,unknown,EXPLORE_DATA,,MIXED,SETUP,MEDIUM
Iris,codap_21apr,frame_0011,383.9,motion_only_fallback,0.8657,unknown,EXPLORE_DATA,,CODAP,SETUP,HIGH
Iris,codap_21apr,frame_0012,385.6,motion_only_fallback,0.8484,unknown,EXPLORE_DATA,,MIXED,SETUP,HIGH
Iris,codap_21apr,frame_0013,387.7,motion_only_fallback,3.5386,unknown,EXPLORE_DATA,,CODAP,SETUP,HIGH
Iris,codap_21apr,frame_0014,389.4,motion_only_fallback,1.1046,unknown,EXPLORE_DATA,,CODAP,SETUP,HIGH
Iris,codap_21apr,frame_0015,391.1,motion_only_fallback,4.2357,unknown,EXPLORE_DATA,,CODAP,SETUP,HIGH
Iris,codap_21apr,frame_0016,482.0,silent_screen_gap_fill,,unknown,EXPLORE_DATA,,CODAP,SETUP,HIGH
Iris,codap_21apr,frame_0017,565.3,motion_only_fallback,1.9379,unknown,EXPLORE_DATA,,CODAP,SETUP,HIGH
Iris,codap_21apr,frame_0018,567.9,motion_only_fallback,1.9026,unknown,EXPLORE_DATA,,CODAP,SETUP,HIGH
Iris,codap_21apr,frame_0019,625.3,motion_only_fallback,1.3848,unknown,EXPLORE_DATA,,MIXED,SETUP,HIGH
Iris,codap_21apr,frame_0020,642.1,motion_only_fallback,0.8104,unknown,EXPLORE_DATA,,MIXED,SETUP,HIGH
Iris,codap_21apr,frame_0021,664.9,motion_only_fallback,1.0191,unknown,EXPLORE_DATA,,MIXED,SETUP,HIGH
Iris,codap_21apr,frame_0022,674.7,motion_only_fallback,0.9664,unknown,EXPLORE_DATA,,MIXED,SETUP,HIGH
Iris,codap_21apr,frame_0023,764.9,silent_screen_gap_fill,,unknown,EXPLORE_DATA,,MIXED,SETUP,HIGH
Iris,codap_21apr,frame_0024,855.3,silent_screen_gap_fill,,unknown,EXPLORE_DATA,,MIXED,SETUP,MEDIUM
Iris,codap_21apr,frame_0025,945.3,silent_screen_gap_fill,,unknown,EXPLORE_DATA,,MIXED,SETUP,HIGH
Iris,codap_21apr,frame_0026,1015.0,motion_only_fallback,8.593,unknown,EXPLORE_DATA,,MIXED,SETUP,MEDIUM
Iris,codap_21apr,frame_0027,1016.4,motion_only_fallback,1.9194,unknown,EXPLORE_DATA,,MIXED,SETUP,HIGH
Iris,codap_21apr,frame_0028,1027.5,motion_only_fallback,8.647,unknown,EXPLORE_DATA,,MIXED,SETUP,HIGH
Iris,codap_21apr,frame_0029,1117.8,silent_screen_gap_fill,,unknown,EXPLORE_DATA,,MIXED,SETUP,HIGH
Iris,codap_21apr,frame_0030,1208.8,silent_screen_gap_fill,,unknown,EXPLORE_DATA,,MIXED,SETUP,HIGH
Iris,codap_21apr,frame_0031,1298.8,silent_screen_gap_fill,,unknown,EXPLORE_DATA,SELECT_TARGET,MIXED,SETUP,HIGH
Iris,codap_21apr,frame_0032,1389.6,silent_screen_gap_fill,,unknown,EXPLORE_DATA,,MENU,SETUP,MEDIUM
Iris,codap_21apr,frame_0033,1392.5,motion_only_fallback,2.3858,unknown,EXPLORE_DATA,,MIXED,SETUP,HIGH
Iris,codap_21apr,frame_0034,1395.3,motion_only_fallback,3.0233,unknown,EXPLORE_DATA,,MIXED,SETUP,HIGH
Iris,codap_21apr,frame_0035,1449.9,motion_only_fallback,1.2448,unknown,EXPLORE_DATA,,MIXED,SETUP,MEDIUM
Iris,codap_21apr,frame_0036,1459.3,motion_only_fallback,3.1331,unknown,EXPLORE_DATA,EXPLORE_DATA,MIXED,SETUP,MEDIUM
Iris,codap_21apr,frame_0037,1491.1,motion_only_fallback,1.3297,unknown,EXPLORE_DATA,,MIXED,SETUP,MEDIUM
Iris,codap_21apr,frame_0038,1581.3,silent_screen_gap_fill,,unknown,EXPLORE_DATA,EXPLORE_DATA,MIXED,SETUP,MEDIUM
Iris,codap_21apr,frame_0039,1586.4,motion_only_fallback,1.6505,unknown,EXPLORE_DATA,,MIXED,SETUP,MEDIUM
Iris,codap_21apr,frame_0040,1587.5,motion_only_fallback,4.4124,unknown,EXPLORE_DATA,EXPLORE_DATA,MIXED,SETUP,MEDIUM
Iris,codap_21apr,frame_0041,1610.4,motion_only_fallback,1.1657,unknown,EXPLORE_DATA,EXPLORE_DATA,MIXED,SETUP,MEDIUM
Iris,codap_21apr,frame_0042,1611.5,motion_only_fallback,1.2232,unknown,EXPLORE_DATA,,MIXED,SETUP,MEDIUM
Iris,codap_21apr,frame_0043,1615.5,motion_only_fallback,2.0939,unknown,EXPLORE_DATA,,MIXED,SETUP,MEDIUM
Iris,codap_21apr,frame_0044,1627.1,motion_only_fallback,1.6759,unknown,EXPLORE_DATA,,MIXED,SETUP,MEDIUM
Iris,codap_21apr,frame_0045,1628.2,motion_only_fallback,0.9118,unknown,EXPLORE_DATA,SELECT_TARGET,MIXED,SETUP,MEDIUM
Iris,codap_21apr,frame_0046,1674.5,motion_only_fallback,4.8783,unknown,EXPLORE_DATA,EXPLORE_DATA,MIXED,SETUP,MEDIUM
Iris,codap_21apr,frame_0047,1678.4,motion_only_fallback,5.1896,unknown,EXPLORE_DATA,,MIXED,SETUP,MEDIUM
Iris,codap_21apr,frame_0048,1687.7,motion_only_fallback,16.6869,unknown,EXPLORE_DATA,,MIXED,SETUP,MEDIUM
Iris,codap_21apr,frame_0049,1693.5,motion_only_fallback,3.39,unknown,EXPLORE_DATA,,MIXED,SETUP,MEDIUM
Iris,codap_21apr,frame_0050,1696.2,motion_only_fallback,14.6682,unknown,EXPLORE_DATA,,CODAP,SETUP,MEDIUM
Iris,codap_21apr,frame_0051,1701.1,motion_only_fallback,0.8027,unknown,EXPLORE_DATA,,MIXED,SETUP,MEDIUM
Iris,codap_21apr,frame_0052,1703.0,motion_only_fallback,1.8243,unknown,EXPLORE_DATA,,MIXED,SETUP,MEDIUM
Iris,codap_21apr,frame_0053,1707.3,motion_only_fallback,5.7253,unknown,EXPLORE_DATA,,MIXED,SETUP,MEDIUM
Iris,codap_21apr,frame_0054,1708.9,motion_only_fallback,9.2872,unknown,EXPLORE_DATA,,MIXED,SETUP,MEDIUM
Iris,codap_21apr,frame_0055,1714.1,motion_only_fallback,7.9649,unknown,EXPLORE_DATA,,MIXED,SETUP,MEDIUM
Iris,codap_21apr,frame_0056,1716.9,motion_only_fallback,7.1802,unknown,EXPLORE_DATA,EXPLORE_DATA,MIXED,SETUP,MEDIUM
Iris,codap_21apr,frame_0057,1718.0,motion_only_fallback,4.0708,unknown,EXPLORE_DATA,,MIXED,SETUP,MEDIUM
Iris,codap_21apr,frame_0058,1720.9,motion_only_fallback,24.0934,unknown,EXPLORE_DATA,,MIXED,SETUP,MEDIUM
Iris,codap_21apr,frame_0059,1723.3,motion_only_fallback,24.1732,unknown,EXPLORE_DATA,,MIXED,SETUP,MEDIUM
Iris,codap_21apr,frame_0060,1814.2,silent_screen_gap_fill,,unknown,EXPLORE_DATA,,MIXED,SETUP,MEDIUM
Iris,codap_21apr,frame_0061,1904.9,silent_screen_gap_fill,,unknown,EXPLORE_DATA,,MIXED,SETUP,MEDIUM
Iris,codap_21apr,frame_0062,1914.5,motion_only_fallback,14.1175,unknown,EXPLORE_DATA,EXPLORE_DATA,MIXED,SETUP,MEDIUM
Iris,codap_21apr,frame_0063,2004.6,silent_screen_gap_fill,,unknown,EXPLORE_DATA,,MIXED,SETUP,MEDIUM
Iris,codap_21apr,frame_0064,2018.7,motion_only_fallback,23.8953,unknown,EXPLORE_DATA,EXPLORE_DATA,MIXED,SETUP,MEDIUM
Iris,codap_21apr,frame_0065,2039.5,motion_only_fallback,4.0567,unknown,EXPLORE_DATA,,MIXED,SETUP,MEDIUM
Iris,codap_21apr,frame_0066,2044.2,motion_only_fallback,5.8355,unknown,EXPLORE_DATA,,MIXED,SETUP,MEDIUM
Iris,codap_21apr,frame_0067,2047.5,motion_only_fallback,15.9425,unknown,EXPLORE_DATA,,MIXED,SETUP,MEDIUM
Iris,codap_21apr,frame_0068,2050.5,motion_only_fallback,3.2712,unknown,EXPLORE_DATA,,MIXED,SETUP,MEDIUM
Iris,codap_21apr,frame_0069,2140.9,silent_screen_gap_fill,,unknown,EXPLORE_DATA,EXPLORE_DATA,MIXED,SETUP,MEDIUM
Iris,codap_21apr,frame_0070,2175.6,motion_only_fallback,26.8534,unknown,EXPLORE_DATA,,MIXED,SETUP,MEDIUM
Iris,codap_21apr,frame_0071,2176.9,motion_only_fallback,1.4458,unknown,EXPLORE_DATA,,MIXED,SETUP,MEDIUM
Iris,codap_21apr,frame_0072,2180.7,motion_only_fallback,1.441,unknown,EXPLORE_DATA,,MIXED,SETUP,MEDIUM
Iris,codap_21apr,frame_0073,2181.8,motion_only_fallback,0.8792,unknown,BUILD_TREE,EXPLORE_DATA,MIXED,BUILDING,MEDIUM
Iris,codap_21apr,frame_0074,2183.9,motion_only_fallback,3.9417,unknown,EXPLORE_DATA,,MIXED,SETUP,MEDIUM
Iris,codap_21apr,frame_0075,2186.0,motion_only_fallback,1.499,unknown,EXPLORE_DATA,,MIXED,SETUP,MEDIUM
Iris,codap_21apr,frame_0076,2212.9,motion_only_fallback,3.6962,unknown,BUILD_TREE,EXPLORE_DATA,MIXED,BUILDING,MEDIUM
Iris,codap_21apr,frame_0077,2303.4,silent_screen_gap_fill,,unknown,EXPLORE_DATA,,MIXED,SETUP,MEDIUM
Iris,codap_21apr,frame_0078,2393.4,silent_screen_gap_fill,,unknown,EXPLORE_DATA,TUNE_THRESHOLD,MIXED,SETUP,MEDIUM
Iris,codap_21apr,frame_0079,2484.1,silent_screen_gap_fill,,unknown,EXPLORE_DATA,,MIXED,SETUP,MEDIUM
Iris,codap_21apr,frame_0080,2575.0,silent_screen_gap_fill,,unknown,EXPLORE_DATA,,MIXED,SETUP,MEDIUM
Iris,codap_21apr,frame_0081,2663.7,motion_only_fallback,2.3142,unknown,EXPLORE_DATA,,MIXED,SETUP,MEDIUM
Iris,codap_21apr,frame_0082,2708.3,motion_only_fallback,1.206,unknown,EXPLORE_DATA,,MIXED,SETUP,MEDIUM
Iris,codap_21apr,frame_0083,2798.7,silent_screen_gap_fill,,unknown,EXPLORE_DATA,,MIXED,SETUP,MEDIUM
Iris,codap_21apr,frame_0084,2889.2,silent_screen_gap_fill,,unknown,EXPLORE_DATA,,MENU,SETUP,MEDIUM
Iris,codap_21apr,frame_0085,2916.4,motion_only_fallback,0.859,unknown,EXPLORE_DATA,,MIXED,SETUP,MEDIUM
Iris,codap_21apr,frame_0086,2918.3,motion_only_fallback,9.1248,unknown,EXPLORE_DATA,,MIXED,SETUP,MEDIUM
Iris,codap_21apr,frame_0087,2922.0,motion_only_fallback,0.847,unknown,EVALUATE_MODEL,EXPLORE_DATA,MIXED,EVALUATING,MEDIUM
Iris,codap_21apr,frame_0088,2941.5,motion_only_fallback,1.8623,unknown,EVALUATE_MODEL,EXPLORE_DATA,MIXED,EVALUATING,MEDIUM
Iris,codap_21apr,frame_0089,2962.5,motion_only_fallback,2.2884,unknown,EXPLORE_DATA,,MIXED,SETUP,MEDIUM
Iris,codap_21apr,frame_0090,2963.5,motion_only_fallback,1.9948,unknown,EVALUATE_MODEL,EXPLORE_DATA,MIXED,EVALUATING,HIGH
Iris,codap_21apr,frame_0091,2965.4,motion_only_fallback,3.5264,unknown,EVALUATE_MODEL,EXPLORE_DATA,MIXED,EVALUATING,HIGH
Iris,codap_21apr,frame_0092,2967.3,motion_only_fallback,1.2463,unknown,EVALUATE_MODEL,EXPLORE_DATA,MIXED,EVALUATING,HIGH
Iris,codap_21apr,frame_0093,2968.5,motion_only_fallback,4.8999,unknown,EVALUATE_MODEL,EXPLORE_DATA,MIXED,EVALUATING,MEDIUM
Iris,codap_21apr,frame_0094,3018.3,motion_only_fallback,3.8364,unknown,EVALUATE_MODEL,EXPLORE_DATA,MIXED,EVALUATING,MEDIUM
Iris,codap_21apr,frame_0095,3108.8,silent_screen_gap_fill,,unknown,EVALUATE_MODEL,EXPLORE_DATA,MIXED,EVALUATING,HIGH
Iris,codap_21apr,frame_0096,3141.1,motion_only_fallback,2.1873,unknown,EVALUATE_MODEL,EXPLORE_DATA,MIXED,EVALUATING,HIGH
Iris,codap_21apr,frame_0097,3147.9,motion_only_fallback,3.4155,unknown,TUNE_THRESHOLD,COMPARE_MODELS,MIXED,TUNING,MEDIUM
Iris,codap_21apr,frame_0098,3151.7,motion_only_fallback,7.0679,unknown,TUNE_THRESHOLD,EXPLORE_DATA,MIXED,TUNING,MEDIUM
Iris,codap_21apr,frame_0099,3153.6,motion_only_fallback,6.9304,unknown,COMPARE_MODELS,EXPLORE_DATA,MIXED,EVALUATING,HIGH
Iris,codap_21apr,frame_0100,3244.5,silent_screen_gap_fill,,unknown,COMPARE_MODELS,EXPLORE_DATA,MIXED,EVALUATING,HIGH
Iris,codap_21apr,frame_0101,3335.0,silent_screen_gap_fill,,unknown,COMPARE_MODELS,EXPLORE_DATA,MIXED,EVALUATING,HIGH
Iris,codap_21apr,frame_0102,3346.9,motion_only_fallback,0.8426,unknown,COMPARE_MODELS,EXPLORE_DATA,MIXED,EVALUATING,HIGH
Iris,codap_21apr,frame_0103,3359.8,motion_only_fallback,1.6157,unknown,COMPARE_MODELS,EXPLORE_DATA,MIXED,EVALUATING,HIGH
Iris,codap_21apr,frame_0104,3387.1,motion_only_fallback,1.8493,unknown,COMPARE_MODELS,EXPLORE_DATA,MIXED,EVALUATING,MEDIUM
Iris,codap_21apr,frame_0105,3406.8,motion_only_fallback,12.2286,unknown,COMPARE_MODELS,EXPLORE_DATA,MIXED,EVALUATING,MEDIUM
Iris,codap_21apr,frame_0106,3497.3,silent_screen_gap_fill,,unknown,COMPARE_MODELS,EXPLORE_DATA,MIXED,EVALUATING,HIGH
Iris,codap_21apr,frame_0107,3506.8,motion_only_fallback,2.4682,unknown,COMPARE_MODELS,EXPLORE_DATA,MIXED,EVALUATING,HIGH
Iris,codap_21apr,frame_0108,3552.8,motion_only_fallback,2.353,unknown,COMPARE_MODELS,EXPLORE_DATA,MIXED,EVALUATING,HIGH
Iris,codap_21apr,frame_0109,3643.1,silent_screen_gap_fill,,unknown,COMPARE_MODELS,EXPLORE_DATA,MIXED,EVALUATING,HIGH
Iris,codap_21apr,frame_0110,3733.4,silent_screen_gap_fill,,unknown,COMPARE_MODELS,EXPLORE_DATA,MIXED,EVALUATING,HIGH
Iris,codap_21apr,frame_0111,3823.6,silent_screen_gap_fill,,unknown,TUNE_THRESHOLD,COMPARE_MODELS,MIXED,TUNING,MEDIUM
Iris,codap_21apr,frame_0112,3914.2,silent_screen_gap_fill,,unknown,COMPARE_MODELS,EXPLORE_DATA,MIXED,EVALUATING,HIGH
Iris,codap_21apr,frame_0113,3938.4,motion_only_fallback,2.0455,unknown,COMPARE_MODELS,EXPLORE_DATA,MIXED,EVALUATING,HIGH
Iris,codap_21apr,frame_0114,3939.9,motion_only_fallback,2.2297,unknown,BUILD_TREE,EXPLORE_DATA,MIXED,BUILDING,MEDIUM
Iris,codap_21apr,frame_0115,3941.2,motion_only_fallback,1.2579,unknown,BUILD_TREE,EXPLORE_DATA,MIXED,BUILDING,MEDIUM
Iris,codap_21apr,frame_0116,3943.0,motion_only_fallback,4.7868,unknown,BUILD_TREE,EXPLORE_DATA,MIXED,BUILDING,MEDIUM
Iris,codap_21apr,frame_0117,3945.4,motion_only_fallback,1.185,unknown,BUILD_TREE,EXPLORE_DATA,MIXED,BUILDING,MEDIUM
Iris,codap_21apr,frame_0118,3948.7,motion_only_fallback,2.4277,unknown,BUILD_TREE,EXPLORE_DATA,MIXED,BUILDING,MEDIUM
Iris,codap_21apr,frame_0119,3961.3,motion_only_fallback,0.9666,unknown,COMPARE_MODELS,EXPLORE_DATA,MIXED,EVALUATING,HIGH
Iris,codap_21apr,frame_0120,4003.5,motion_only_fallback,2.5027,unknown,COMPARE_MODELS,EXPLORE_DATA,MIXED,EVALUATING,HIGH
Iris,codap_21apr,frame_0121,4007.1,motion_only_fallback,1.6044,unknown,COMPARE_MODELS,EXPLORE_DATA,MIXED,EVALUATING,HIGH
Iris,codap_21apr,frame_0122,4008.3,motion_only_fallback,1.1746,unknown,COMPARE_MODELS,EXPLORE_DATA,MIXED,EVALUATING,HIGH
Iris,codap_21apr,frame_0123,4024.8,motion_only_fallback,1.6155,unknown,COMPARE_MODELS,EXPLORE_DATA,MIXED,EVALUATING,HIGH
Iris,codap_21apr,frame_0124,4025.9,motion_only_fallback,1.8607,unknown,COMPARE_MODELS,EXPLORE_DATA,MIXED,EVALUATING,HIGH
Iris,codap_21apr,frame_0125,4027.9,motion_only_fallback,1.6983,unknown,COMPARE_MODELS,EXPLORE_DATA,MIXED,EVALUATING,HIGH
Iris,codap_21apr,frame_0126,4032.1,motion_only_fallback,0.979,unknown,COMPARE_MODELS,EXPLORE_DATA,MIXED,EVALUATING,HIGH
Iris,codap_21apr,frame_0127,4039.0,motion_only_fallback,2.8339,unknown,COMPARE_MODELS,EXPLORE_DATA,MIXED,EVALUATING,HIGH
Iris,codap_21apr,frame_0128,4041.3,motion_only_fallback,1.8439,unknown,COMPARE_MODELS,EXPLORE_DATA,MIXED,EVALUATING,HIGH
Iris,codap_21apr,frame_0129,4042.5,motion_only_fallback,1.8708,unknown,COMPARE_MODELS,EXPLORE_DATA,MIXED,EVALUATING,MEDIUM
Iris,codap_21apr,frame_0130,4043.9,motion_only_fallback,1.2704,unknown,BUILD_TREE,EXPLORE_DATA,MIXED,BUILDING,MEDIUM
Iris,codap_21apr,frame_0131,4049.5,motion_only_fallback,1.2076,unknown,COMPARE_MODELS,EXPLORE_DATA,MIXED,EVALUATING,HIGH
Iris,codap_21apr,frame_0132,4061.5,motion_only_fallback,1.8939,unknown,BUILD_TREE,COMPARE_MODELS,MIXED,BUILDING,MEDIUM
Iris,codap_21apr,frame_0133,4062.6,motion_only_fallback,1.7589,unknown,BUILD_TREE,EXPLORE_DATA,MIXED,BUILDING,MEDIUM
Iris,codap_21apr,frame_0134,4063.6,motion_only_fallback,10.1223,unknown,BUILD_TREE,EXPLORE_DATA,MIXED,BUILDING,MEDIUM
Iris,codap_21apr,frame_0135,4068.5,motion_only_fallback,1.5403,unknown,COMPARE_MODELS,EXPLORE_DATA,MIXED,EVALUATING,HIGH
Iris,codap_21apr,frame_0136,4159.4,silent_screen_gap_fill,,unknown,COMPARE_MODELS,EXPLORE_DATA,MIXED,EVALUATING,HIGH
Iris,codap_21apr,frame_0137,4249.6,silent_screen_gap_fill,,unknown,COMPARE_MODELS,EXPLORE_DATA,MIXED,EVALUATING,HIGH
Iris,codap_21apr,frame_0138,4329.5,motion_only_fallback,2.3252,unknown,COMPARE_MODELS,EXPLORE_DATA,MIXED,EVALUATING,HIGH
Iris,codap_21apr,frame_0139,4330.5,motion_only_fallback,1.2982,unknown,COMPARE_MODELS,EXPLORE_DATA,MIXED,EVALUATING,HIGH
Iris,codap_21apr,frame_0140,4336.5,motion_only_fallback,3.874,unknown,COMPARE_MODELS,EVALUATE_MODEL,MIXED,EVALUATING,HIGH
Iris,codap_21apr,frame_0141,4343.2,motion_only_fallback,2.1753,unknown,COMPARE_MODELS,EXPLORE_DATA,MIXED,EVALUATING,HIGH
Iris,codap_21apr,frame_0142,4434.1,silent_screen_gap_fill,,unknown,COMPARE_MODELS,EXPLORE_DATA,MIXED,EVALUATING,HIGH
Iris,codap_21apr,frame_0143,4524.1,silent_screen_gap_fill,,unknown,COMPARE_MODELS,EVALUATE_MODEL,MIXED,EVALUATING,HIGH
Iris,codap_21apr,frame_0144,4526.6,motion_only_fallback,2.4848,unknown,COMPARE_MODELS,EXPLORE_DATA,MIXED,EVALUATING,HIGH
Iris,codap_21apr,frame_0145,4580.7,motion_only_fallback,1.9361,unknown,COMPARE_MODELS,EXPLORE_DATA,MIXED,EVALUATING,HIGH
Iris,codap_21apr,frame_0146,4644.1,motion_only_fallback,2.5262,unknown,COMPARE_MODELS,EXPLORE_DATA,MIXED,EVALUATING,HIGH
Iris,codap_21apr,frame_0147,4648.9,motion_only_fallback,3.5079,unknown,TUNE_THRESHOLD,COMPARE_MODELS,MIXED,TUNING,MEDIUM
Iris,codap_21apr,frame_0148,4652.2,motion_only_fallback,3.4502,unknown,COMPARE_MODELS,EXPLORE_DATA,MIXED,EVALUATING,HIGH
Iris,codap_21apr,frame_0149,4742.3,silent_screen_gap_fill,,unknown,COMPARE_MODELS,EXPLORE_DATA,MIXED,EVALUATING,HIGH
Iris,codap_21apr,frame_0150,4832.6,silent_screen_gap_fill,,unknown,COMPARE_MODELS,EXPLORE_DATA,MIXED,EVALUATING,HIGH
Iris,codap_21apr,frame_0151,4861.8,motion_only_fallback,3.6294,unknown,COMPARE_MODELS,EXPLORE_DATA,MIXED,EVALUATING,HIGH
Iris,codap_21apr,frame_0152,4864.7,motion_only_fallback,4.4664,unknown,COMPARE_MODELS,EXPLORE_DATA,MIXED,EVALUATING,HIGH
Iris,codap_21apr,frame_0153,4865.8,motion_only_fallback,4.3221,unknown,COMPARE_MODELS,EXPLORE_DATA,MIXED,EVALUATING,HIGH
Iris,codap_21apr,frame_0154,4871.9,motion_only_fallback,2.663,unknown,COMPARE_MODELS,EXPLORE_DATA,MIXED,EVALUATING,HIGH
Iris,codap_21apr,frame_0155,4919.2,motion_only_fallback,72.3405,unknown,BUILD_TREE,EXPLORE_DATA,TREE,BUILDING,LOW
Iris,codap_21apr,frame_0156,4920.3,motion_only_fallback,81.2762,unknown,COMPARE_MODELS,EXPLORE_DATA,MIXED,EVALUATING,HIGH
Iris,codap_21apr,frame_0157,4926.9,motion_only_fallback,69.4344,unknown,EXPLORE_DATA,,MENU,SETUP,MEDIUM
Iris,codap_21apr,frame_0158,4930.5,motion_only_fallback,69.2656,unknown,COMPARE_MODELS,EXPLORE_DATA,MIXED,EVALUATING,HIGH
Iris,codap_21apr,frame_0159,4932.8,motion_only_fallback,3.1377,unknown,COMPARE_MODELS,EXPLORE_DATA,MIXED,EVALUATING,MEDIUM
Iris,codap_21apr,frame_0160,4934.3,motion_only_fallback,14.8495,unknown,COMPARE_MODELS,EXPLORE_DATA,MIXED,EVALUATING,HIGH
Iris,codap_21apr,frame_0161,4944.2,motion_only_fallback,78.8395,unknown,COMPARE_MODELS,EXPLORE_DATA,MIXED,EVALUATING,HIGH
Iris,codap_21apr,frame_0162,4947.0,motion_only_fallback,11.0932,unknown,COMPARE_MODELS,EXPLORE_DATA,MIXED,EVALUATING,HIGH
Iris,codap_21apr,frame_0163,4948.5,motion_only_fallback,0.8507,unknown,COMPARE_MODELS,EXPLORE_DATA,MIXED,EVALUATING,HIGH
Iris,codap_21apr,frame_0164,4958.4,motion_only_fallback,81.3399,unknown,COMPARE_MODELS,EXPLORE_DATA,MIXED,EVALUATING,HIGH
Irma,codap_21apr,frame_0001,25.7,motion_only_fallback,63.9473,unknown,IDLE_THINKING,STRUGGLE,MENU,IDLE,LOW
Irma,codap_21apr,frame_0002,28.2,motion_only_fallback,75.2598,unknown,OFF_TASK,,MENU,IDLE,MEDIUM
Irma,codap_21apr,frame_0003,41.9,motion_only_fallback,6.7961,unknown,EXPLORE_DATA,,MENU,SETUP,MEDIUM
Irma,codap_21apr,frame_0004,43.7,motion_only_fallback,2.1348,unknown,OFF_TASK,,MENU,IDLE,MEDIUM
Irma,codap_21apr,frame_0005,47.7,motion_only_fallback,69.5756,unknown,EXPLORE_DATA,,TREE,SETUP,MEDIUM
Irma,codap_21apr,frame_0006,48.8,motion_only_fallback,8.8187,unknown,COMPARE_MODELS,EXPLORE_DATA,MIXED,EVALUATING,MEDIUM
Irma,codap_21apr,frame_0007,52.0,motion_only_fallback,3.9738,unknown,COMPARE_MODELS,EXPLORE_DATA,MIXED,EVALUATING,HIGH
Irma,codap_21apr,frame_0008,54.8,motion_only_fallback,1.6283,unknown,COMPARE_MODELS,EXPLORE_DATA,MIXED,EVALUATING,HIGH
Irma,codap_21apr,frame_0009,55.8,motion_only_fallback,2.4529,unknown,COMPARE_MODELS,EXPLORE_DATA,MIXED,EVALUATING,HIGH
Irma,codap_21apr,frame_0010,57.0,motion_only_fallback,1.1898,unknown,COMPARE_MODELS,EXPLORE_DATA,MIXED,EVALUATING,HIGH
Irma,codap_21apr,frame_0011,58.3,motion_only_fallback,5.1456,unknown,COMPARE_MODELS,EVALUATE_MODEL,MIXED,EVALUATING,HIGH
Irma,codap_21apr,frame_0012,59.4,motion_only_fallback,4.5538,unknown,COMPARE_MODELS,EXPLORE_DATA,MIXED,EVALUATING,HIGH
Irma,codap_21apr,frame_0013,61.0,motion_only_fallback,1.0733,unknown,COMPARE_MODELS,EXPLORE_DATA,MIXED,EVALUATING,MEDIUM
Irma,codap_21apr,frame_0014,69.3,motion_only_fallback,0.9103,unknown,COMPARE_MODELS,EXPLORE_DATA,MIXED,EVALUATING,MEDIUM
Irma,codap_21apr,frame_0015,71.9,motion_only_fallback,1.0345,unknown,COMPARE_MODELS,EXPLORE_DATA,MIXED,EVALUATING,MEDIUM
Irma,codap_21apr,frame_0016,74.4,motion_only_fallback,2.0639,unknown,COMPARE_MODELS,EXPLORE_DATA,MIXED,EVALUATING,MEDIUM
Irma,codap_21apr,frame_0017,105.6,motion_only_fallback,1.7706,unknown,COMPARE_MODELS,EXPLORE_DATA,MIXED,EVALUATING,HIGH
Irma,codap_21apr,frame_0018,141.8,motion_only_fallback,1.668,unknown,COMPARE_MODELS,EXPLORE_DATA,MIXED,EVALUATING,HIGH
Irma,codap_21apr,frame_0019,176.7,motion_only_fallback,2.3546,unknown,COMPARE_MODELS,EXPLORE_DATA,MIXED,EVALUATING,HIGH
Irma,codap_21apr,frame_0020,179.2,motion_only_fallback,2.7224,unknown,COMPARE_MODELS,EXPLORE_DATA,MIXED,EVALUATING,HIGH
Irma,codap_21apr,frame_0021,180.2,motion_only_fallback,5.0897,unknown,COMPARE_MODELS,EXPLORE_DATA,MIXED,EVALUATING,HIGH
Irma,codap_21apr,frame_0022,192.9,motion_only_fallback,2.7344,unknown,COMPARE_MODELS,EXPLORE_DATA,MIXED,EVALUATING,HIGH
Irma,codap_21apr,frame_0023,198.5,motion_only_fallback,2.31,unknown,COMPARE_MODELS,EVALUATE_MODEL,MIXED,EVALUATING,MEDIUM
Irma,codap_21apr,frame_0024,202.3,motion_only_fallback,1.0305,unknown,COMPARE_MODELS,EXPLORE_DATA,MIXED,EVALUATING,HIGH
Irma,codap_21apr,frame_0025,263.0,motion_only_fallback,2.8021,unknown,COMPARE_MODELS,EXPLORE_DATA,MIXED,EVALUATING,HIGH
Irma,codap_21apr,frame_0026,264.0,motion_only_fallback,4.9443,unknown,COMPARE_MODELS,EXPLORE_DATA,MIXED,EVALUATING,HIGH
Irma,codap_21apr,frame_0027,265.3,motion_only_fallback,3.211,unknown,COMPARE_MODELS,EXPLORE_DATA,MIXED,EVALUATING,HIGH
Irma,codap_21apr,frame_0028,267.3,motion_only_fallback,2.6441,unknown,COMPARE_MODELS,EXPLORE_DATA,MIXED,EVALUATING,HIGH
Irma,codap_21apr,frame_0029,357.3,silent_screen_gap_fill,,unknown,COMPARE_MODELS,EXPLORE_DATA,MIXED,EVALUATING,HIGH
Irma,codap_21apr,frame_0030,373.2,motion_only_fallback,1.6555,unknown,COMPARE_MODELS,EVALUATE_MODEL,MIXED,EVALUATING,HIGH
Irma,codap_21apr,frame_0031,374.3,motion_only_fallback,1.6024,unknown,COMPARE_MODELS,EXPLORE_DATA,MIXED,EVALUATING,MEDIUM
Irma,codap_21apr,frame_0032,382.2,motion_only_fallback,3.4186,unknown,COMPARE_MODELS,EXPLORE_DATA,MIXED,EVALUATING,HIGH
Irma,codap_21apr,frame_0033,385.2,motion_only_fallback,1.6065,unknown,COMPARE_MODELS,EXPLORE_DATA,MIXED,EVALUATING,HIGH
Irma,codap_21apr,frame_0034,404.4,motion_only_fallback,1.5027,unknown,COMPARE_MODELS,EXPLORE_DATA,MIXED,EVALUATING,HIGH
Irma,codap_21apr,frame_0035,429.7,motion_only_fallback,0.8069,unknown,COMPARE_MODELS,EXPLORE_DATA,MIXED,EVALUATING,HIGH
Irma,codap_21apr,frame_0036,496.3,motion_only_fallback,1.3738,unknown,COMPARE_MODELS,EXPLORE_DATA,MIXED,EVALUATING,MEDIUM
Irma,codap_21apr,frame_0037,520.5,motion_only_fallback,2.887,unknown,COMPARE_MODELS,EXPLORE_DATA,MIXED,EVALUATING,HIGH
Irma,codap_21apr,frame_0038,523.2,motion_only_fallback,3.3032,unknown,COMPARE_MODELS,EXPLORE_DATA,MIXED,EVALUATING,MEDIUM
Irma,codap_21apr,frame_0039,589.4,motion_only_fallback,1.8393,unknown,COMPARE_MODELS,EXPLORE_DATA,MIXED,EVALUATING,MEDIUM
Irma,codap_21apr,frame_0040,669.2,motion_only_fallback,1.8027,unknown,COMPARE_MODELS,EXPLORE_DATA,MIXED,EVALUATING,HIGH
Irma,codap_21apr,frame_0041,747.5,motion_only_fallback,3.3476,unknown,COMPARE_MODELS,EXPLORE_DATA,MIXED,EVALUATING,HIGH
Irma,codap_21apr,frame_0042,749.6,motion_only_fallback,2.1424,unknown,COMPARE_MODELS,EXPLORE_DATA,MIXED,EVALUATING,HIGH
Irma,codap_21apr,frame_0043,750.6,motion_only_fallback,2.2776,unknown,COMPARE_MODELS,EXPLORE_DATA,MIXED,EVALUATING,MEDIUM
Irma,codap_21apr,frame_0044,751.6,motion_only_fallback,1.0839,unknown,COMPARE_MODELS,EXPLORE_DATA,MIXED,EVALUATING,MEDIUM
Irma,codap_21apr,frame_0045,753.0,motion_only_fallback,2.3648,unknown,COMPARE_MODELS,EXPLORE_DATA,MIXED,EVALUATING,MEDIUM
Irma,codap_21apr,frame_0046,754.8,motion_only_fallback,3.0546,unknown,COMPARE_MODELS,EXPLORE_DATA,MIXED,EVALUATING,MEDIUM
Irma,codap_21apr,frame_0047,759.9,motion_only_fallback,2.3908,unknown,COMPARE_MODELS,EXPLORE_DATA,MIXED,EVALUATING,MEDIUM
Irma,codap_21apr,frame_0048,761.5,motion_only_fallback,4.1238,unknown,COMPARE_MODELS,EXPLORE_DATA,MIXED,EVALUATING,HIGH
Irma,codap_21apr,frame_0049,763.6,motion_only_fallback,3.4527,unknown,COMPARE_MODELS,EXPLORE_DATA,MIXED,EVALUATING,MEDIUM
Irma,codap_21apr,frame_0050,766.7,motion_only_fallback,3.2697,unknown,COMPARE_MODELS,EXPLORE_DATA,MIXED,EVALUATING,HIGH
Irma,codap_21apr,frame_0051,768.6,motion_only_fallback,1.4877,unknown,COMPARE_MODELS,EXPLORE_DATA,MIXED,EVALUATING,MEDIUM
Irma,codap_21apr,frame_0052,772.6,motion_only_fallback,4.365,unknown,COMPARE_MODELS,EXPLORE_DATA,MIXED,EVALUATING,MEDIUM
Irma,codap_21apr,frame_0053,783.3,motion_only_fallback,2.4948,unknown,COMPARE_MODELS,EXPLORE_DATA,MIXED,EVALUATING,MEDIUM
Irma,codap_21apr,frame_0054,874.2,silent_screen_gap_fill,,unknown,COMPARE_MODELS,EXPLORE_DATA,MIXED,EVALUATING,MEDIUM
Irma,codap_21apr,frame_0055,964.6,silent_screen_gap_fill,,unknown,COMPARE_MODELS,EXPLORE_DATA,MIXED,EVALUATING,HIGH
Irma,codap_21apr,frame_0056,978.7,motion_only_fallback,1.6302,unknown,COMPARE_MODELS,EXPLORE_DATA,MIXED,EVALUATING,HIGH
Irma,codap_21apr,frame_0057,980.4,motion_only_fallback,2.4969,unknown,COMPARE_MODELS,EXPLORE_DATA,MIXED,EVALUATING,MEDIUM
Irma,codap_21apr,frame_0058,982.5,motion_only_fallback,1.8783,unknown,COMPARE_MODELS,EXPLORE_DATA,MIXED,EVALUATING,MEDIUM
Irma,codap_21apr,frame_0059,991.2,motion_only_fallback,3.0517,unknown,COMPARE_MODELS,EXPLORE_DATA,MIXED,EVALUATING,MEDIUM
Irma,codap_21apr,frame_0060,1002.9,motion_only_fallback,1.065,unknown,COMPARE_MODELS,EXPLORE_DATA,MIXED,EVALUATING,HIGH
Irma,codap_21apr,frame_0061,1005.1,motion_only_fallback,1.0517,unknown,COMPARE_MODELS,EXPLORE_DATA,MIXED,EVALUATING,MEDIUM
Irma,codap_21apr,frame_0062,1006.1,motion_only_fallback,1.0945,unknown,COMPARE_MODELS,EXPLORE_DATA,MIXED,EVALUATING,MEDIUM
Irma,codap_21apr,frame_0063,1040.0,motion_only_fallback,4.9379,unknown,COMPARE_MODELS,EXPLORE_DATA,MIXED,EVALUATING,HIGH
Irma,codap_21apr,frame_0064,1046.2,motion_only_fallback,1.3123,unknown,COMPARE_MODELS,EXPLORE_DATA,MIXED,EVALUATING,MEDIUM
Irma,codap_21apr,frame_0065,1054.2,motion_only_fallback,14.6508,unknown,COMPARE_MODELS,EXPLORE_DATA,MIXED,EVALUATING,MEDIUM
Irma,codap_21apr,frame_0066,1072.8,motion_only_fallback,1.539,unknown,COMPARE_MODELS,EXPLORE_DATA,MIXED,EVALUATING,MEDIUM
Irma,codap_21apr,frame_0067,1087.1,motion_only_fallback,2.5658,unknown,COMPARE_MODELS,EXPLORE_DATA,MIXED,EVALUATING,MEDIUM
Irma,codap_21apr,frame_0068,1101.8,motion_only_fallback,14.4929,unknown,COMPARE_MODELS,EXPLORE_DATA,MIXED,EVALUATING,HIGH
Irma,codap_21apr,frame_0069,1106.6,motion_only_fallback,0.9801,unknown,COMPARE_MODELS,EXPLORE_DATA,MIXED,EVALUATING,MEDIUM
Irma,codap_21apr,frame_0070,1108.0,motion_only_fallback,1.5089,unknown,COMPARE_MODELS,EXPLORE_DATA,MIXED,EVALUATING,MEDIUM
Irma,codap_21apr,frame_0071,1109.0,motion_only_fallback,1.4201,unknown,COMPARE_MODELS,EXPLORE_DATA,MIXED,EVALUATING,MEDIUM
Irma,codap_21apr,frame_0072,1114.5,motion_only_fallback,0.9896,unknown,COMPARE_MODELS,EXPLORE_DATA,MIXED,EVALUATING,MEDIUM
Irma,codap_21apr,frame_0073,1118.4,motion_only_fallback,4.1096,unknown,COMPARE_MODELS,EXPLORE_DATA,MIXED,EVALUATING,HIGH
Irma,codap_21apr,frame_0074,1121.0,motion_only_fallback,4.0031,unknown,COMPARE_MODELS,EXPLORE_DATA,MIXED,EVALUATING,MEDIUM
Irma,codap_21apr,frame_0075,1122.5,motion_only_fallback,4.0054,unknown,COMPARE_MODELS,EXPLORE_DATA,MIXED,EVALUATING,MEDIUM
Irma,codap_21apr,frame_0076,1133.3,motion_only_fallback,3.3457,unknown,COMPARE_MODELS,EXPLORE_DATA,MIXED,EVALUATING,MEDIUM
Irma,codap_21apr,frame_0077,1134.5,motion_only_fallback,6.1007,unknown,COMPARE_MODELS,EXPLORE_DATA,MIXED,EVALUATING,MEDIUM
Irma,codap_21apr,frame_0078,1135.9,motion_only_fallback,3.3914,unknown,COMPARE_MODELS,EXPLORE_DATA,MIXED,EVALUATING,MEDIUM
Irma,codap_21apr,frame_0079,1140.5,motion_only_fallback,0.9062,unknown,COMPARE_MODELS,EXPLORE_DATA,MIXED,EVALUATING,HIGH
Irma,codap_21apr,frame_0080,1142.3,motion_only_fallback,6.3511,unknown,COMPARE_MODELS,EXPLORE_DATA,MIXED,EVALUATING,HIGH
Irma,codap_21apr,frame_0081,1152.1,motion_only_fallback,2.9396,unknown,COMPARE_MODELS,EXPLORE_DATA,MIXED,EVALUATING,HIGH
Irma,codap_21apr,frame_0082,1177.0,motion_only_fallback,10.963,unknown,COMPARE_MODELS,EXPLORE_DATA,MIXED,EVALUATING,HIGH
Irma,codap_21apr,frame_0083,1178.3,motion_only_fallback,4.0137,unknown,COMPARE_MODELS,EXPLORE_DATA,MIXED,EVALUATING,MEDIUM
Irma,codap_21apr,frame_0084,1179.6,motion_only_fallback,4.012,unknown,COMPARE_MODELS,EXPLORE_DATA,MIXED,EVALUATING,HIGH
Irma,codap_21apr,frame_0085,1185.8,motion_only_fallback,1.5453,unknown,COMPARE_MODELS,,MIXED,EVALUATING,HIGH
Irma,codap_21apr,frame_0086,1187.0,motion_only_fallback,9.1912,unknown,COMPARE_MODELS,EXPLORE_DATA,MIXED,EVALUATING,MEDIUM
Irma,codap_21apr,frame_0087,1192.3,motion_only_fallback,9.733,unknown,COMPARE_MODELS,EXPLORE_DATA,MIXED,EVALUATING,HIGH
Irma,codap_21apr,frame_0088,1194.5,motion_only_fallback,3.8858,unknown,COMPARE_MODELS,EXPLORE_DATA,MIXED,EVALUATING,MEDIUM
Irma,codap_21apr,frame_0089,1204.8,motion_only_fallback,3.0718,unknown,COMPARE_MODELS,EXPLORE_DATA,MIXED,EVALUATING,HIGH
Irma,codap_21apr,frame_0090,1205.8,motion_only_fallback,9.1182,unknown,COMPARE_MODELS,EXPLORE_DATA,MIXED,EVALUATING,HIGH
Irma,codap_21apr,frame_0091,1209.7,motion_only_fallback,2.0095,unknown,COMPARE_MODELS,EXPLORE_DATA,MIXED,EVALUATING,MEDIUM
Irma,codap_21apr,frame_0092,1211.1,motion_only_fallback,1.7629,unknown,COMPARE_MODELS,EXPLORE_DATA,MIXED,EVALUATING,HIGH
Irma,codap_21apr,frame_0093,1217.9,motion_only_fallback,3.4319,unknown,COMPARE_MODELS,EXPLORE_DATA,MIXED,EVALUATING,HIGH
Irma,codap_21apr,frame_0094,1220.9,motion_only_fallback,1.5529,unknown,COMPARE_MODELS,EXPLORE_DATA,MIXED,EVALUATING,HIGH
Irma,codap_21apr,frame_0095,1222.6,motion_only_fallback,4.0801,unknown,COMPARE_MODELS,EXPLORE_DATA,MIXED,EVALUATING,MEDIUM
Irma,codap_21apr,frame_0096,1224.8,motion_only_fallback,1.332,unknown,COMPARE_MODELS,EXPLORE_DATA,MIXED,EVALUATING,HIGH
Irma,codap_21apr,frame_0097,1225.9,motion_only_fallback,0.9342,unknown,COMPARE_MODELS,EXPLORE_DATA,MIXED,EVALUATING,MEDIUM
Irma,codap_21apr,frame_0098,1251.6,motion_only_fallback,1.2525,unknown,COMPARE_MODELS,EXPLORE_DATA,MIXED,EVALUATING,MEDIUM
Irma,codap_21apr,frame_0099,1252.6,motion_only_fallback,1.5704,unknown,COMPARE_MODELS,EXPLORE_DATA,MIXED,EVALUATING,HIGH
Irma,codap_21apr,frame_0100,1256.7,motion_only_fallback,3.9171,unknown,COMPARE_MODELS,EXPLORE_DATA,MIXED,EVALUATING,MEDIUM
Irma,codap_21apr,frame_0101,1260.8,motion_only_fallback,3.8848,unknown,COMPARE_MODELS,EXPLORE_DATA,MIXED,EVALUATING,MEDIUM
Irma,codap_21apr,frame_0102,1266.0,motion_only_fallback,5.5355,unknown,COMPARE_MODELS,EXPLORE_DATA,MIXED,EVALUATING,HIGH
Irma,codap_21apr,frame_0103,1270.0,motion_only_fallback,2.4383,unknown,COMPARE_MODELS,EXPLORE_DATA,MIXED,EVALUATING,HIGH
Irma,codap_21apr,frame_0104,1271.3,motion_only_fallback,5.4853,unknown,COMPARE_MODELS,EXPLORE_DATA,MIXED,EVALUATING,MEDIUM
Irma,codap_21apr,frame_0105,1288.6,motion_only_fallback,2.9855,unknown,COMPARE_MODELS,EXPLORE_DATA,MIXED,EVALUATING,HIGH
Irma,codap_21apr,frame_0106,1294.4,motion_only_fallback,1.0839,unknown,COMPARE_MODELS,EXPLORE_DATA,MIXED,EVALUATING,MEDIUM
Irma,codap_21apr,frame_0107,1303.5,motion_only_fallback,8.0386,unknown,COMPARE_MODELS,EXPLORE_DATA,MIXED,EVALUATING,HIGH
Irma,codap_21apr,frame_0108,1305.4,motion_only_fallback,8.5637,unknown,COMPARE_MODELS,EXPLORE_DATA,MIXED,EVALUATING,HIGH
Irma,codap_21apr,frame_0109,1309.2,motion_only_fallback,3.7951,unknown,TUNE_THRESHOLD,COMPARE_MODELS,MIXED,TUNING,MEDIUM
Irma,codap_21apr,frame_0110,1310.9,motion_only_fallback,3.6806,unknown,COMPARE_MODELS,EXPLORE_DATA,MIXED,EVALUATING,HIGH
Irma,codap_21apr,frame_0111,1312.3,motion_only_fallback,10.6559,unknown,COMPARE_MODELS,EXPLORE_DATA,MIXED,EVALUATING,MEDIUM
Irma,codap_21apr,frame_0112,1313.7,motion_only_fallback,10.6568,unknown,COMPARE_MODELS,EXPLORE_DATA,MIXED,EVALUATING,HIGH
Irma,codap_21apr,frame_0113,1338.0,motion_only_fallback,9.1723,unknown,COMPARE_MODELS,EXPLORE_DATA,MIXED,EVALUATING,HIGH
Irma,codap_21apr,frame_0114,1360.9,motion_only_fallback,4.4259,unknown,COMPARE_MODELS,EXPLORE_DATA,MIXED,EVALUATING,HIGH
Irma,codap_21apr,frame_0115,1361.9,motion_only_fallback,1.0864,unknown,COMPARE_MODELS,EXPLORE_DATA,MIXED,EVALUATING,MEDIUM
Irma,codap_21apr,frame_0116,1364.3,motion_only_fallback,2.3086,unknown,COMPARE_MODELS,EXPLORE_DATA,MIXED,EVALUATING,HIGH
Irma,codap_21apr,frame_0117,1365.4,motion_only_fallback,3.1898,unknown,BUILD_TREE,EXPLORE_DATA,MIXED,BUILDING,MEDIUM
Irma,codap_21apr,frame_0118,1366.4,motion_only_fallback,1.3347,unknown,COMPARE_MODELS,EXPLORE_DATA,MIXED,EVALUATING,MEDIUM
Irma,codap_21apr,frame_0119,1368.5,motion_only_fallback,2.7942,unknown,COMPARE_MODELS,EXPLORE_DATA,MIXED,EVALUATING,MEDIUM
Irma,codap_21apr,frame_0120,1369.6,motion_only_fallback,5.2841,unknown,COMPARE_MODELS,EXPLORE_DATA,MIXED,EVALUATING,HIGH
Irma,codap_21apr,frame_0121,1370.7,motion_only_fallback,1.0712,unknown,COMPARE_MODELS,,MIXED,EVALUATING,MEDIUM
Irma,codap_21apr,frame_0122,1372.4,motion_only_fallback,3.4666,unknown,COMPARE_MODELS,EXPLORE_DATA,MIXED,EVALUATING,HIGH
Irma,codap_21apr,frame_0123,1375.2,motion_only_fallback,7.935,unknown,COMPARE_MODELS,,MIXED,EVALUATING,HIGH
Irma,codap_21apr,frame_0124,1377.2,motion_only_fallback,7.9321,unknown,BUILD_TREE,EXPLORE_DATA,MIXED,BUILDING,MEDIUM
Irma,codap_21apr,frame_0125,1379.4,motion_only_fallback,7.9354,unknown,COMPARE_MODELS,EXPLORE_DATA,MIXED,EVALUATING,HIGH
Irma,codap_21apr,frame_0126,1389.0,motion_only_fallback,7.1186,unknown,COMPARE_MODELS,EXPLORE_DATA,MIXED,EVALUATING,MEDIUM
Irma,codap_21apr,frame_0127,1473.2,motion_only_fallback,2.6084,unknown,COMPARE_MODELS,EXPLORE_DATA,MIXED,EVALUATING,HIGH
Irma,codap_21apr,frame_0128,1477.8,motion_only_fallback,2.1148,unknown,COMPARE_MODELS,EXPLORE_DATA,MIXED,EVALUATING,MEDIUM
Irma,codap_21apr,frame_0129,1478.8,motion_only_fallback,1.2589,unknown,COMPARE_MODELS,EXPLORE_DATA,MIXED,EVALUATING,HIGH
Irma,codap_21apr,frame_0130,1501.0,motion_only_fallback,3.5847,unknown,COMPARE_MODELS,EXPLORE_DATA,MIXED,EVALUATING,HIGH
Irma,codap_21apr,frame_0131,1504.4,motion_only_fallback,3.3297,unknown,COMPARE_MODELS,EXPLORE_DATA,MIXED,EVALUATING,MEDIUM
Irma,codap_21apr,frame_0132,1506.5,motion_only_fallback,3.3341,unknown,COMPARE_MODELS,EXPLORE_DATA,MIXED,EVALUATING,HIGH
Irma,codap_21apr,frame_0133,1510.7,motion_only_fallback,3.7398,unknown,TUNE_THRESHOLD,EXPLORE_DATA,MIXED,TUNING,MEDIUM
Irma,codap_21apr,frame_0134,1516.4,motion_only_fallback,1.3347,unknown,TUNE_THRESHOLD,EXPLORE_DATA,MIXED,TUNING,MEDIUM
Irma,codap_21apr,frame_0135,1517.8,motion_only_fallback,3.3565,unknown,COMPARE_MODELS,EXPLORE_DATA,MIXED,EVALUATING,MEDIUM
Irma,codap_21apr,frame_0136,1585.4,motion_only_fallback,2.402,unknown,COMPARE_MODELS,EXPLORE_DATA,MIXED,EVALUATING,MEDIUM
Irma,codap_21apr,frame_0137,1676.4,silent_screen_gap_fill,,unknown,BUILD_TREE,EXPLORE_DATA,MIXED,BUILDING,MEDIUM
Irma,codap_21apr,frame_0138,1766.7,silent_screen_gap_fill,,unknown,COMPARE_MODELS,EXPLORE_DATA,MIXED,EVALUATING,MEDIUM
Irma,codap_21apr,frame_0139,1857.4,silent_screen_gap_fill,,unknown,COMPARE_MODELS,EXPLORE_DATA,MIXED,EVALUATING,MEDIUM
Irma,codap_21apr,frame_0140,1947.8,silent_screen_gap_fill,,unknown,COMPARE_MODELS,EVALUATE_MODEL,MIXED,EVALUATING,MEDIUM
Irma,codap_21apr,frame_0141,2036.7,motion_only_fallback,5.376,unknown,COMPARE_MODELS,EXPLORE_DATA,MIXED,EVALUATING,MEDIUM
Irma,codap_21apr,frame_0142,2038.4,motion_only_fallback,1.0619,unknown,COMPARE_MODELS,EXPLORE_DATA,MIXED,EVALUATING,HIGH
Irma,codap_21apr,frame_0143,2039.5,motion_only_fallback,5.5201,unknown,COMPARE_MODELS,EXPLORE_DATA,MIXED,EVALUATING,MEDIUM
Irma,codap_21apr,frame_0144,2050.9,motion_only_fallback,3.3449,unknown,COMPARE_MODELS,EXPLORE_DATA,MIXED,EVALUATING,MEDIUM
Irma,codap_21apr,frame_0145,2055.0,motion_only_fallback,1.1715,unknown,COMPARE_MODELS,EXPLORE_DATA,MIXED,EVALUATING,MEDIUM
Irma,codap_21apr,frame_0146,2059.8,motion_only_fallback,3.034,unknown,COMPARE_MODELS,EXPLORE_DATA,MIXED,EVALUATING,MEDIUM
Irma,codap_21apr,frame_0147,2060.8,motion_only_fallback,4.4342,unknown,COMPARE_MODELS,EVALUATE_MODEL,MIXED,EVALUATING,HIGH
Irma,codap_21apr,frame_0148,2089.2,motion_only_fallback,3.1478,unknown,COMPARE_MODELS,EXPLORE_DATA,MIXED,EVALUATING,MEDIUM
Irma,codap_21apr,frame_0149,2094.0,motion_only_fallback,5.4913,unknown,COMPARE_MODELS,EXPLORE_DATA,MIXED,EVALUATING,MEDIUM
Irma,codap_21apr,frame_0150,2099.7,motion_only_fallback,1.4217,unknown,BUILD_TREE,EXPLORE_DATA,MIXED,BUILDING,MEDIUM
Irma,codap_21apr,frame_0151,2105.5,motion_only_fallback,1.2728,unknown,COMPARE_MODELS,EXPLORE_DATA,MIXED,EVALUATING,MEDIUM
Irma,codap_21apr,frame_0152,2113.4,motion_only_fallback,3.7728,unknown,TUNE_THRESHOLD,EXPLORE_DATA,MIXED,TUNING,HIGH
Irma,codap_21apr,frame_0153,2121.1,motion_only_fallback,3.7105,unknown,COMPARE_MODELS,EXPLORE_DATA,MIXED,EVALUATING,HIGH
Irma,codap_21apr,frame_0154,2130.1,motion_only_fallback,2.4961,unknown,COMPARE_MODELS,EXPLORE_DATA,MIXED,EVALUATING,MEDIUM
Irma,codap_21apr,frame_0155,2138.0,motion_only_fallback,3.3353,unknown,COMPARE_MODELS,EXPLORE_DATA,MIXED,EVALUATING,HIGH
Irma,codap_21apr,frame_0156,2228.6,silent_screen_gap_fill,,unknown,COMPARE_MODELS,EXPLORE_DATA,MIXED,EVALUATING,MEDIUM
Irma,codap_21apr,frame_0157,2269.8,motion_only_fallback,1.6701,unknown,COMPARE_MODELS,EXPLORE_DATA,MIXED,EVALUATING,MEDIUM
Irma,codap_21apr,frame_0158,2272.5,motion_only_fallback,2.1121,unknown,COMPARE_MODELS,EXPLORE_DATA,MIXED,EVALUATING,MEDIUM
Irma,codap_21apr,frame_0159,2273.8,motion_only_fallback,2.124,unknown,COMPARE_MODELS,EXPLORE_DATA,MIXED,EVALUATING,HIGH
Irma,codap_21apr,frame_0160,2275.6,motion_only_fallback,4.8038,unknown,COMPARE_MODELS,EXPLORE_DATA,MIXED,EVALUATING,MEDIUM
Irma,codap_21apr,frame_0161,2289.8,motion_only_fallback,3.9462,unknown,TUNE_THRESHOLD,COMPARE_MODELS,MIXED,TUNING,MEDIUM
Irma,codap_21apr,frame_0162,2294.5,motion_only_fallback,9.0004,unknown,COMPARE_MODELS,,MIXED,EVALUATING,MEDIUM
Irma,codap_21apr,frame_0163,2302.6,motion_only_fallback,3.0264,unknown,COMPARE_MODELS,EXPLORE_DATA,MIXED,EVALUATING,HIGH
Irma,codap_21apr,frame_0164,2304.5,motion_only_fallback,1.0278,unknown,COMPARE_MODELS,EXPLORE_DATA,MIXED,EVALUATING,MEDIUM
Irma,codap_21apr,frame_0165,2306.5,motion_only_fallback,9.7681,unknown,COMPARE_MODELS,EXPLORE_DATA,MIXED,EVALUATING,HIGH
Irma,codap_21apr,frame_0166,2308.9,motion_only_fallback,8.5787,unknown,COMPARE_MODELS,,MIXED,EVALUATING,MEDIUM
Irma,codap_21apr,frame_0167,2312.8,motion_only_fallback,7.1109,unknown,COMPARE_MODELS,EXPLORE_DATA,MIXED,EVALUATING,HIGH
Irma,codap_21apr,frame_0168,2320.3,motion_only_fallback,3.1555,unknown,COMPARE_MODELS,EXPLORE_DATA,MIXED,EVALUATING,HIGH
Irma,codap_21apr,frame_0169,2332.0,motion_only_fallback,3.1418,unknown,COMPARE_MODELS,EXPLORE_DATA,MIXED,EVALUATING,HIGH
Irma,codap_21apr,frame_0170,2336.6,motion_only_fallback,2.3877,unknown,COMPARE_MODELS,EXPLORE_DATA,MIXED,EVALUATING,HIGH
Irma,codap_21apr,frame_0171,2344.8,motion_only_fallback,1.4126,unknown,COMPARE_MODELS,EXPLORE_DATA,MIXED,EVALUATING,HIGH
Irma,codap_21apr,frame_0172,2346.4,motion_only_fallback,8.6466,unknown,COMPARE_MODELS,,MIXED,EVALUATING,MEDIUM
Irma,codap_21apr,frame_0173,2349.5,motion_only_fallback,9.734,unknown,COMPARE_MODELS,EXPLORE_DATA,MIXED,EVALUATING,HIGH
Irma,codap_21apr,frame_0174,2356.0,motion_only_fallback,1.684,unknown,BUILD_TREE,EXPLORE_DATA,MIXED,BUILDING,MEDIUM
Irma,codap_21apr,frame_0175,2358.6,motion_only_fallback,3.7141,unknown,TUNE_THRESHOLD,EXPLORE_DATA,MIXED,TUNING,MEDIUM
Irma,codap_21apr,frame_0176,2359.6,motion_only_fallback,3.7074,unknown,BUILD_TREE,EXPLORE_DATA,MIXED,BUILDING,MEDIUM
Irma,codap_21apr,frame_0177,2368.7,motion_only_fallback,2.5226,unknown,BUILD_TREE,EXPLORE_DATA,MIXED,BUILDING,MEDIUM
Irma,codap_21apr,frame_0178,2376.6,motion_only_fallback,3.4471,unknown,TUNE_THRESHOLD,COMPARE_MODELS,MIXED,TUNING,MEDIUM
Irma,codap_21apr,frame_0179,2382.0,motion_only_fallback,3.4608,unknown,COMPARE_MODELS,EXPLORE_DATA,MIXED,EVALUATING,MEDIUM
Irma,codap_21apr,frame_0180,2385.6,motion_only_fallback,5.9066,unknown,COMPARE_MODELS,EXPLORE_DATA,MIXED,EVALUATING,MEDIUM
Irma,codap_21apr,frame_0181,2387.2,motion_only_fallback,7.8009,unknown,COMPARE_MODELS,EXPLORE_DATA,MIXED,EVALUATING,HIGH
Irma,codap_21apr,frame_0182,2389.9,motion_only_fallback,0.9801,unknown,BUILD_TREE,EXPLORE_DATA,MIXED,BUILDING,MEDIUM
Irma,codap_21apr,frame_0183,2391.8,motion_only_fallback,4.5185,unknown,BUILD_TREE,EXPLORE_DATA,MIXED,BUILDING,MEDIUM
Irma,codap_21apr,frame_0184,2394.9,motion_only_fallback,3.4431,unknown,BUILD_TREE,EXPLORE_DATA,MIXED,BUILDING,MEDIUM
Irma,codap_21apr,frame_0185,2398.2,motion_only_fallback,7.1547,unknown,EXPLORE_DATA,,MIXED,SETUP,MEDIUM
Irma,codap_21apr,frame_0186,2401.6,motion_only_fallback,5.7477,unknown,BUILD_TREE,,MIXED,BUILDING,MEDIUM
Irma,codap_21apr,frame_0187,2416.2,motion_only_fallback,8.327,unknown,BUILD_TREE,EXPLORE_DATA,MIXED,BUILDING,HIGH
Irma,codap_21apr,frame_0188,2438.5,motion_only_fallback,1.402,unknown,COMPARE_MODELS,EXPLORE_DATA,MIXED,EVALUATING,MEDIUM
Irma,codap_21apr,frame_0189,2444.4,motion_only_fallback,3.4226,unknown,COMPARE_MODELS,EXPLORE_DATA,MIXED,EVALUATING,MEDIUM
Irma,codap_21apr,frame_0190,2447.4,motion_only_fallback,2.0644,unknown,COMPARE_MODELS,EVALUATE_MODEL,MIXED,EVALUATING,HIGH
Irma,codap_21apr,frame_0191,2449.8,motion_only_fallback,7.1184,unknown,COMPARE_MODELS,EXPLORE_DATA,MIXED,EVALUATING,HIGH
Irma,codap_21apr,frame_0192,2459.4,motion_only_fallback,3.7305,unknown,TUNE_THRESHOLD,COMPARE_MODELS,MIXED,TUNING,MEDIUM
Irma,codap_21apr,frame_0193,2480.7,motion_only_fallback,1.2772,unknown,BUILD_TREE,EXPLORE_DATA,MIXED,BUILDING,HIGH
Irma,codap_21apr,frame_0194,2486.7,motion_only_fallback,3.7008,unknown,TUNE_THRESHOLD,,MIXED,TUNING,MEDIUM
Irma,codap_21apr,frame_0195,2488.3,motion_only_fallback,3.6748,unknown,BUILD_TREE,EXPLORE_DATA,MIXED,BUILDING,MEDIUM
Irma,codap_21apr,frame_0196,2495.8,motion_only_fallback,3.7045,unknown,TUNE_THRESHOLD,,MIXED,TUNING,MEDIUM
Irma,codap_21apr,frame_0197,2497.6,motion_only_fallback,3.6711,unknown,EXPLORE_DATA,,MIXED,SETUP,MEDIUM
Irma,codap_21apr,frame_0198,2543.4,motion_only_fallback,71.1543,unknown,OFF_TASK,,MIXED,IDLE,LOW
Irma,codap_21apr,frame_0199,2559.3,motion_only_fallback,11.8337,unknown,BUILD_TREE,EXPLORE_DATA,MIXED,BUILDING,MEDIUM
Irma,codap_21apr,frame_0200,2573.1,motion_only_fallback,0.8395,unknown,BUILD_TREE,EXPLORE_DATA,MIXED,BUILDING,HIGH
Irma,codap_21apr,frame_0201,2576.6,motion_only_fallback,1.0135,unknown,BUILD_TREE,EXPLORE_DATA,MIXED,BUILDING,MEDIUM
Irma,codap_21apr,frame_0202,2577.6,motion_only_fallback,0.8781,unknown,BUILD_TREE,EXPLORE_DATA,MIXED,BUILDING,MEDIUM
Irma,codap_21apr,frame_0203,2585.0,motion_only_fallback,1.2764,unknown,BUILD_TREE,EXPLORE_DATA,MIXED,BUILDING,MEDIUM
Irma,codap_21apr,frame_0204,2586.3,motion_only_fallback,3.5228,unknown,BUILD_TREE,EXPLORE_DATA,MIXED,BUILDING,HIGH
Irma,codap_21apr,frame_0205,2587.5,motion_only_fallback,1.3704,unknown,BUILD_TREE,EXPLORE_DATA,MIXED,BUILDING,MEDIUM
Irma,codap_21apr,frame_0206,2589.9,motion_only_fallback,2.2483,unknown,BUILD_TREE,EXPLORE_DATA,MIXED,BUILDING,MEDIUM
Irma,codap_21apr,frame_0207,2591.1,motion_only_fallback,11.5305,unknown,BUILD_TREE,EXPLORE_DATA,MIXED,BUILDING,MEDIUM
Irma,codap_21apr,frame_0208,2604.9,motion_only_fallback,2.2461,unknown,BUILD_TREE,EXPLORE_DATA,MIXED,BUILDING,MEDIUM
Irma,codap_21apr,frame_0209,2607.1,motion_only_fallback,2.0098,unknown,BUILD_TREE,EXPLORE_DATA,MIXED,BUILDING,MEDIUM
Irma,codap_21apr,frame_0210,2608.3,motion_only_fallback,1.1194,unknown,BUILD_TREE,EXPLORE_DATA,MIXED,BUILDING,MEDIUM
Irma,codap_21apr,frame_0211,2698.5,silent_screen_gap_fill,,unknown,BUILD_TREE,EXPLORE_DATA,MIXED,BUILDING,HIGH
Irma,codap_21apr,frame_0212,2736.1,motion_only_fallback,46.3239,unknown,OFF_TASK,,MENU,IDLE,HIGH
Irma,codap_21apr,frame_0213,2737.1,motion_only_fallback,19.5384,unknown,OFF_TASK,,MENU,IDLE,HIGH
Irma,codap_21apr,frame_0214,2739.9,motion_only_fallback,9.284,unknown,EXPLORE_DATA,,MENU,SETUP,MEDIUM
Irma,codap_21apr,frame_0215,2741.3,motion_only_fallback,1.2199,unknown,EXPLORE_DATA,,MENU,SETUP,MEDIUM
Irma,codap_21apr,frame_0216,2745.5,motion_only_fallback,0.9113,unknown,EXPLORE_DATA,,MENU,SETUP,HIGH
Irma,codap_21apr,frame_0217,2746.7,motion_only_fallback,54.7232,unknown,OFF_TASK,,MENU,IDLE,MEDIUM
Irma,codap_21apr,frame_0218,2748.6,motion_only_fallback,11.4711,unknown,BUILD_TREE,EXPLORE_DATA,MIXED,BUILDING,MEDIUM
Irma,codap_21apr,frame_0219,2770.4,motion_only_fallback,6.9967,unknown,IDLE_THINKING,,TREE,IDLE,MEDIUM
Irma,codap_21apr,frame_0220,2782.3,motion_only_fallback,1.8461,unknown,EXPLORE_DATA,,MENU,SETUP,MEDIUM
Irma,codap_21apr,frame_0221,2784.2,motion_only_fallback,0.8875,unknown,EXPLORE_DATA,,MENU,SETUP,MEDIUM
Irma,codap_21apr,frame_0222,2785.2,motion_only_fallback,0.9061,unknown,BUILD_TREE,EXPLORE_DATA,MIXED,BUILDING,MEDIUM
Irma,codap_21apr,frame_0223,2796.7,motion_only_fallback,1.1651,unknown,IDLE_THINKING,,MIXED,IDLE,MEDIUM
Irma,codap_21apr,frame_0224,2808.9,motion_only_fallback,2.957,unknown,EXPLORE_DATA,,TREE,SETUP,MEDIUM
Irma,codap_21apr,frame_0225,2822.3,motion_only_fallback,3.0874,unknown,OFF_TASK,,MENU,IDLE,HIGH
Irma,codap_21apr,frame_0226,2826.9,motion_only_fallback,17.3783,unknown,OFF_TASK,,MENU,IDLE,HIGH
Irma,codap_21apr,frame_0227,2829.0,motion_only_fallback,7.0206,unknown,OFF_TASK,,MENU,IDLE,HIGH
Irma,codap_21apr,frame_0228,2833.2,motion_only_fallback,0.8387,unknown,EXPLORE_DATA,,MIXED,SETUP,MEDIUM
Irma,codap_21apr,frame_0229,2836.4,motion_only_fallback,68.5145,unknown,EXPLORE_DATA,,TREE,SETUP,MEDIUM
Irma,codap_21apr,frame_0230,2840.9,motion_only_fallback,2.4948,unknown,EXPLORE_DATA,,TREE,SETUP,HIGH
Irma,codap_21apr,frame_0231,2843.7,motion_only_fallback,1.7895,unknown,EXPLORE_DATA,,CODAP,SETUP,HIGH
Irma,codap_21apr,frame_0232,2852.5,motion_only_fallback,2.4149,unknown,EXPLORE_DATA,,MIXED,SETUP,MEDIUM
Irma,codap_21apr,frame_0233,2854.1,motion_only_fallback,2.5729,unknown,EXPLORE_DATA,,MIXED,SETUP,MEDIUM
Irma,codap_21apr,frame_0234,2855.2,motion_only_fallback,2.5708,unknown,EXPLORE_DATA,,MIXED,SETUP,MEDIUM
Irma,codap_21apr,frame_0235,2858.2,motion_only_fallback,2.9383,unknown,EXPLORE_DATA,,MIXED,SETUP,MEDIUM
Irma,codap_21apr,frame_0236,2909.5,motion_only_fallback,1.0654,unknown,EXPLORE_DATA,,CODAP,SETUP,MEDIUM
Irma,codap_21apr,frame_0237,2913.3,motion_only_fallback,2.4255,unknown,EXPLORE_DATA,,MIXED,SETUP,MEDIUM
Irma,codap_21apr,frame_0238,2917.3,motion_only_fallback,1.0721,unknown,EXPLORE_DATA,,MIXED,SETUP,HIGH
Irma,codap_21apr,frame_0239,2918.5,motion_only_fallback,4.137,unknown,EXPLORE_DATA,,CODAP,SETUP,HIGH
Irma,codap_21apr,frame_0240,2921.0,motion_only_fallback,9.6076,unknown,EXPLORE_DATA,,CODAP,SETUP,HIGH
Irma,codap_21apr,frame_0241,2929.5,motion_only_fallback,2.8453,unknown,EXPLORE_DATA,,MIXED,SETUP,MEDIUM
Irma,codap_21apr,frame_0242,2932.1,motion_only_fallback,7.381,unknown,EXPLORE_DATA,,MIXED,SETUP,MEDIUM
Irma,codap_21apr,frame_0243,2935.1,motion_only_fallback,3.7334,unknown,BUILD_TREE,EXPLORE_DATA,MIXED,BUILDING,MEDIUM
Irma,codap_21apr,frame_0244,2944.1,motion_only_fallback,14.2087,unknown,BUILD_TREE,EXPLORE_DATA,MIXED,BUILDING,MEDIUM
Irma,codap_21apr,frame_0245,2950.4,motion_only_fallback,14.213,unknown,BUILD_TREE,EXPLORE_DATA,MIXED,BUILDING,MEDIUM
Irma,codap_21apr,frame_0246,2954.8,motion_only_fallback,3.4448,unknown,TUNE_THRESHOLD,EXPLORE_DATA,MIXED,TUNING,HIGH
Irma,codap_21apr,frame_0247,2963.4,motion_only_fallback,3.4412,unknown,BUILD_TREE,EXPLORE_DATA,MIXED,BUILDING,HIGH
Irma,codap_21apr,frame_0248,2971.2,motion_only_fallback,14.4037,unknown,BUILD_TREE,COMPARE_MODELS,MIXED,BUILDING,MEDIUM
Irma,codap_21apr,frame_0249,2975.1,motion_only_fallback,1.6074,unknown,BUILD_TREE,EXPLORE_DATA,MIXED,BUILDING,MEDIUM
Irma,codap_21apr,frame_0250,2976.2,motion_only_fallback,14.4051,unknown,TUNE_THRESHOLD,EXPLORE_DATA,MIXED,TUNING,MEDIUM
Irma,codap_21apr,frame_0251,2979.4,motion_only_fallback,1.5828,unknown,EVALUATE_MODEL,EXPLORE_DATA,MIXED,EVALUATING,HIGH
Irma,codap_21apr,frame_0252,2980.8,motion_only_fallback,2.5008,unknown,EVALUATE_MODEL,EXPLORE_DATA,MIXED,EVALUATING,HIGH
Irma,codap_21apr,frame_0253,3001.7,motion_only_fallback,2.4383,unknown,EVALUATE_MODEL,EXPLORE_DATA,MIXED,EVALUATING,HIGH
Irma,codap_21apr,frame_0254,3014.5,motion_only_fallback,2.4855,unknown,COMPARE_MODELS,EXPLORE_DATA,MIXED,EVALUATING,HIGH
Irma,codap_21apr,frame_0255,3017.1,motion_only_fallback,6.39,unknown,EVALUATE_MODEL,,MIXED,EVALUATING,LOW
Irma,codap_21apr,frame_0256,3018.8,motion_only_fallback,5.9238,unknown,COMPARE_MODELS,EVALUATE_MODEL,MIXED,EVALUATING,HIGH
Irma,codap_21apr,frame_0257,3026.3,motion_only_fallback,1.0561,unknown,EVALUATE_MODEL,EXPLORE_DATA,MIXED,EVALUATING,HIGH
Irma,codap_21apr,frame_0258,3029.1,motion_only_fallback,10.011,unknown,EVALUATE_MODEL,EXPLORE_DATA,MIXED,EVALUATING,HIGH
Irma,codap_21apr,frame_0259,3030.1,motion_only_fallback,3.5797,unknown,EVALUATE_MODEL,EXPLORE_DATA,MIXED,EVALUATING,HIGH
Irma,codap_21apr,frame_0260,3032.0,motion_only_fallback,9.4008,unknown,EVALUATE_MODEL,EXPLORE_DATA,MIXED,EVALUATING,HIGH
Irma,codap_21apr,frame_0261,3035.7,motion_only_fallback,5.7062,unknown,EVALUATE_MODEL,EXPLORE_DATA,MIXED,EVALUATING,HIGH
Irma,codap_21apr,frame_0262,3038.4,motion_only_fallback,2.4794,unknown,COMPARE_MODELS,,MIXED,EVALUATING,HIGH
Irma,codap_21apr,frame_0263,3097.9,motion_only_fallback,1.5988,unknown,COMPARE_MODELS,EXPLORE_DATA,MIXED,EVALUATING,HIGH
Irma,codap_21apr,frame_0264,3101.3,motion_only_fallback,1.6375,unknown,COMPARE_MODELS,,MIXED,EVALUATING,HIGH
Irma,codap_21apr,frame_0265,3111.0,motion_only_fallback,2.9649,unknown,COMPARE_MODELS,EXPLORE_DATA,MIXED,EVALUATING,HIGH
Irma,codap_21apr,frame_0266,3114.8,motion_only_fallback,9.5675,unknown,COMPARE_MODELS,,MIXED,EVALUATING,HIGH
Irma,codap_21apr,frame_0267,3128.2,motion_only_fallback,3.7907,unknown,COMPARE_MODELS,EXPLORE_DATA,MIXED,EVALUATING,HIGH
Irma,codap_21apr,frame_0268,3154.5,motion_only_fallback,2.9946,unknown,COMPARE_MODELS,EXPLORE_DATA,MIXED,EVALUATING,HIGH
Irma,codap_21apr,frame_0269,3156.5,motion_only_fallback,0.9344,unknown,COMPARE_MODELS,EXPLORE_DATA,MIXED,EVALUATING,HIGH
Irma,codap_21apr,frame_0270,3186.9,motion_only_fallback,2.8414,unknown,COMPARE_MODELS,EXPLORE_DATA,MIXED,EVALUATING,HIGH
Irma,codap_21apr,frame_0271,3188.0,motion_only_fallback,5.6644,unknown,COMPARE_MODELS,EXPLORE_DATA,MIXED,EVALUATING,HIGH
Irma,codap_21apr,frame_0272,3192.3,motion_only_fallback,3.7897,unknown,COMPARE_MODELS,EXPLORE_DATA,MIXED,EVALUATING,HIGH
Irma,codap_21apr,frame_0273,3282.5,silent_screen_gap_fill,,unknown,COMPARE_MODELS,EXPLORE_DATA,MIXED,EVALUATING,HIGH
Irma,codap_21apr,frame_0274,3341.3,motion_only_fallback,6.7411,unknown,COMPARE_MODELS,,MIXED,EVALUATING,HIGH
Irma,codap_21apr,frame_0275,3362.4,motion_only_fallback,2.6871,unknown,COMPARE_MODELS,EXPLORE_DATA,MIXED,EVALUATING,MEDIUM
Irma,codap_21apr,frame_0276,3365.8,motion_only_fallback,2.9959,unknown,COMPARE_MODELS,EXPLORE_DATA,MIXED,EVALUATING,HIGH
Irma,codap_21apr,frame_0277,3368.4,motion_only_fallback,5.597,unknown,COMPARE_MODELS,EXPLORE_DATA,MIXED,EVALUATING,HIGH
Irma,codap_21apr,frame_0278,3369.6,motion_only_fallback,8.5943,unknown,COMPARE_MODELS,EXPLORE_DATA,MIXED,EVALUATING,HIGH
Irma,codap_21apr,frame_0279,3372.0,motion_only_fallback,8.5793,unknown,COMPARE_MODELS,,MIXED,EVALUATING,MEDIUM
Irma,codap_21apr,frame_0280,3374.9,motion_only_fallback,9.9352,unknown,COMPARE_MODELS,EXPLORE_DATA,MIXED,EVALUATING,HIGH
Irma,codap_21apr,frame_0281,3378.0,motion_only_fallback,6.6121,unknown,COMPARE_MODELS,EXPLORE_DATA,MIXED,EVALUATING,HIGH
Irma,codap_21apr,frame_0282,3382.2,motion_only_fallback,3.0673,unknown,COMPARE_MODELS,EXPLORE_DATA,MIXED,EVALUATING,HIGH
Irma,codap_21apr,frame_0283,3406.3,motion_only_fallback,4.9495,unknown,COMPARE_MODELS,EVALUATE_MODEL,MIXED,EVALUATING,HIGH
Irma,codap_21apr,frame_0284,3413.7,motion_only_fallback,2.994,unknown,COMPARE_MODELS,EXPLORE_DATA,MIXED,EVALUATING,HIGH
Irma,codap_21apr,frame_0285,3460.4,motion_only_fallback,1.7336,unknown,COMPARE_MODELS,EXPLORE_DATA,MIXED,EVALUATING,HIGH
Irma,codap_21apr,frame_0286,3477.4,motion_only_fallback,0.8528,unknown,COMPARE_MODELS,EXPLORE_DATA,MIXED,EVALUATING,HIGH
Irma,codap_21apr,frame_0287,3492.4,motion_only_fallback,8.5758,unknown,COMPARE_MODELS,EVALUATE_MODEL,MIXED,EVALUATING,HIGH
Irma,codap_21apr,frame_0288,3493.6,motion_only_fallback,3.5068,unknown,COMPARE_MODELS,EXPLORE_DATA,MIXED,EVALUATING,HIGH
Irma,codap_21apr,frame_0289,3499.2,motion_only_fallback,6.6273,unknown,COMPARE_MODELS,EXPLORE_DATA,MIXED,EVALUATING,HIGH
Irma,codap_21apr,frame_0290,3502.0,motion_only_fallback,3.0642,unknown,COMPARE_MODELS,,MIXED,EVALUATING,HIGH
Irma,codap_21apr,frame_0291,3528.5,motion_only_fallback,2.9956,unknown,COMPARE_MODELS,EXPLORE_DATA,MIXED,EVALUATING,MEDIUM
Irma,codap_21apr,frame_0292,3531.0,motion_only_fallback,4.9514,unknown,COMPARE_MODELS,EXPLORE_DATA,MIXED,EVALUATING,HIGH
Irma,codap_21apr,frame_0293,3548.5,motion_only_fallback,1.3613,unknown,COMPARE_MODELS,EXPLORE_DATA,MIXED,EVALUATING,HIGH
Irma,codap_21apr,frame_0294,3560.8,motion_only_fallback,1.1993,unknown,COMPARE_MODELS,,MIXED,EVALUATING,HIGH
Irma,codap_21apr,frame_0295,3562.5,motion_only_fallback,1.0625,unknown,COMPARE_MODELS,EXPLORE_DATA,MIXED,EVALUATING,HIGH
Irma,codap_21apr,frame_0296,3593.8,motion_only_fallback,1.8148,unknown,COMPARE_MODELS,EXPLORE_DATA,MIXED,EVALUATING,MEDIUM
Irma,codap_21apr,frame_0297,3633.2,motion_only_fallback,1.4466,unknown,COMPARE_MODELS,EVALUATE_MODEL,MIXED,EVALUATING,HIGH
Irma,codap_21apr,frame_0298,3637.1,motion_only_fallback,4.0197,unknown,COMPARE_MODELS,EVALUATE_MODEL,MIXED,EVALUATING,HIGH
Irma,codap_21apr,frame_0299,3647.3,motion_only_fallback,8.4707,unknown,BUILD_TREE,EXPLORE_DATA,MIXED,BUILDING,MEDIUM
Irma,codap_21apr,frame_0300,3667.6,motion_only_fallback,0.8773,unknown,TUNE_THRESHOLD,COMPARE_MODELS,MIXED,TUNING,HIGH
Irma,codap_21apr,frame_0301,3676.3,motion_only_fallback,0.9444,unknown,COMPARE_MODELS,,TREE,EVALUATING,HIGH
Irma,codap_21apr,frame_0302,3689.2,motion_only_fallback,2.5557,unknown,BUILD_TREE,,MIXED,BUILDING,HIGH
Irma,codap_21apr,frame_0303,3695.6,motion_only_fallback,1.3063,unknown,COMPARE_MODELS,EVALUATE_MODEL,MIXED,EVALUATING,HIGH
Irma,codap_21apr,frame_0304,3737.5,motion_only_fallback,1.4824,unknown,COMPARE_MODELS,EVALUATE_MODEL,MIXED,EVALUATING,HIGH
Irma,codap_21apr,frame_0305,3743.2,motion_only_fallback,1.6194,unknown,COMPARE_MODELS,,MIXED,EVALUATING,HIGH
Irma,codap_21apr,frame_0306,3760.8,motion_only_fallback,0.8721,unknown,COMPARE_MODELS,,MIXED,EVALUATING,MEDIUM
Irma,codap_21apr,frame_0307,3772.7,motion_only_fallback,2.9919,unknown,COMPARE_MODELS,EXPLORE_DATA,MIXED,EVALUATING,HIGH
Irma,codap_21apr,frame_0308,3775.2,motion_only_fallback,7.935,unknown,COMPARE_MODELS,EXPLORE_DATA,MIXED,EVALUATING,HIGH
Irma,codap_21apr,frame_0309,3776.2,motion_only_fallback,2.7189,unknown,COMPARE_MODELS,EXPLORE_DATA,MIXED,EVALUATING,HIGH
Irma,codap_21apr,frame_0310,3782.4,motion_only_fallback,7.6534,unknown,COMPARE_MODELS,EXPLORE_DATA,MIXED,EVALUATING,HIGH
Irma,codap_21apr,frame_0311,3792.2,motion_only_fallback,0.9547,unknown,COMPARE_MODELS,EXPLORE_DATA,MIXED,EVALUATING,HIGH
Irma,codap_21apr,frame_0312,3865.9,motion_only_fallback,0.9612,unknown,COMPARE_MODELS,,MIXED,EVALUATING,MEDIUM
Irma,codap_21apr,frame_0313,3956.6,silent_screen_gap_fill,,unknown,COMPARE_MODELS,EXPLORE_DATA,MIXED,EVALUATING,MEDIUM
Irma,codap_21apr,frame_0314,4046.9,silent_screen_gap_fill,,unknown,COMPARE_MODELS,EXPLORE_DATA,MIXED,EVALUATING,HIGH
Irma,codap_21apr,frame_0315,4137.6,silent_screen_gap_fill,,unknown,COMPARE_MODELS,EXPLORE_DATA,MIXED,EVALUATING,HIGH
Irma,codap_21apr,frame_0316,4228.0,silent_screen_gap_fill,,unknown,COMPARE_MODELS,EXPLORE_DATA,MIXED,EVALUATING,HIGH
Irma,codap_21apr,frame_0317,4281.6,motion_only_fallback,2.0476,unknown,COMPARE_MODELS,EXPLORE_DATA,MIXED,EVALUATING,HIGH
Irma,codap_21apr,frame_0318,4282.8,motion_only_fallback,2.0451,unknown,COMPARE_MODELS,EXPLORE_DATA,MIXED,EVALUATING,HIGH
Irma,codap_21apr,frame_0319,4288.5,motion_only_fallback,2.5934,unknown,OFF_TASK,,MIXED,IDLE,HIGH
Irma,codap_21apr,frame_0320,4296.3,motion_only_fallback,78.6337,unknown,COMPARE_MODELS,EXPLORE_DATA,MIXED,EVALUATING,HIGH
Irma,codap_21apr,frame_0321,4297.4,motion_only_fallback,17.0966,unknown,BUILD_TREE,EXPLORE_DATA,MIXED,BUILDING,MEDIUM
Irma,codap_21apr,frame_0322,4301.8,motion_only_fallback,4.5212,unknown,COMPARE_MODELS,EXPLORE_DATA,MIXED,EVALUATING,HIGH
Irma,codap_21apr,frame_0323,4359.5,motion_only_fallback,17.0995,unknown,BUILD_TREE,EXPLORE_DATA,MIXED,BUILDING,MEDIUM
Irma,codap_21apr,frame_0324,4361.2,motion_only_fallback,1.1345,unknown,BUILD_TREE,EXPLORE_DATA,MIXED,BUILDING,MEDIUM
Irma,codap_21apr,frame_0325,4375.9,motion_only_fallback,67.9047,unknown,EXPLORE_DATA,,MENU,SETUP,MEDIUM
Irma,codap_21apr,frame_0326,4377.4,motion_only_fallback,1.9674,unknown,EXPLORE_DATA,,MENU,SETUP,MEDIUM
Irma,codap_21apr,frame_0327,4378.6,motion_only_fallback,67.4716,unknown,COMPARE_MODELS,,MIXED,EVALUATING,MEDIUM
Irma,codap_21apr,frame_0328,4387.2,motion_only_fallback,10.1252,unknown,COMPARE_MODELS,EXPLORE_DATA,MIXED,EVALUATING,MEDIUM
Irma,codap_21apr,frame_0329,4389.4,motion_only_fallback,10.4086,unknown,COMPARE_MODELS,EXPLORE_DATA,MIXED,EVALUATING,HIGH
Irma,codap_21apr,frame_0330,4393.6,motion_only_fallback,9.4226,unknown,OFF_TASK,,MIXED,IDLE,MEDIUM
Irma,codap_21apr,frame_0331,4395.9,motion_only_fallback,6.8221,unknown,OFF_TASK,,MIXED,IDLE,MEDIUM
Irma,codap_21apr,frame_0332,4398.5,motion_only_fallback,10.4857,unknown,COMPARE_MODELS,EXPLORE_DATA,MIXED,EVALUATING,HIGH
Irma,codap_21apr,frame_0333,4399.6,motion_only_fallback,2.8918,unknown,BUILD_TREE,COMPARE_MODELS,MIXED,BUILDING,MEDIUM
Irma,codap_21apr,frame_0334,4403.6,motion_only_fallback,3.0581,unknown,BUILD_TREE,EXPLORE_DATA,MIXED,BUILDING,MEDIUM
Irma,codap_21apr,frame_0335,4405.0,motion_only_fallback,5.0372,unknown,BUILD_TREE,EXPLORE_DATA,MIXED,BUILDING,MEDIUM
Irma,codap_21apr,frame_0336,4419.2,motion_only_fallback,16.8779,unknown,COMPARE_MODELS,EXPLORE_DATA,MIXED,EVALUATING,HIGH
Irma,codap_21apr,frame_0337,4420.3,motion_only_fallback,16.8779,unknown,BUILD_TREE,EXPLORE_DATA,MIXED,BUILDING,MEDIUM
Irma,codap_21apr,frame_0338,4427.6,motion_only_fallback,65.9091,unknown,EXPLORE_DATA,,MENU,SETUP,MEDIUM
Irma,codap_21apr,frame_0339,4429.4,motion_only_fallback,66.32,unknown,BUILD_TREE,EXPLORE_DATA,MIXED,BUILDING,MEDIUM
Irma,codap_21apr,frame_0340,4430.5,motion_only_fallback,2.6032,unknown,BUILD_TREE,EXPLORE_DATA,MIXED,BUILDING,MEDIUM
Irma,codap_21apr,frame_0341,4433.7,motion_only_fallback,9.0484,unknown,BUILD_TREE,EXPLORE_DATA,MIXED,BUILDING,MEDIUM
Irma,codap_21apr,frame_0342,4435.1,motion_only_fallback,1.7867,unknown,OFF_TASK,,MIXED,IDLE,MEDIUM
Irma,codap_21apr,frame_0343,4449.3,motion_only_fallback,69.8252,unknown,BUILD_TREE,EXPLORE_DATA,MIXED,BUILDING,LOW
Isabel,codap_21apr,frame_0001,4.8,motion_only_fallback,1.6834,unknown,OFF_TASK,,MENU,IDLE,HIGH
Isabel,codap_21apr,frame_0002,10.7,motion_only_fallback,9.4498,unknown,OFF_TASK,,MENU,IDLE,MEDIUM
Isabel,codap_21apr,frame_0003,19.0,motion_only_fallback,1.777,unknown,OFF_TASK,,MENU,IDLE,MEDIUM
Isabel,codap_21apr,frame_0004,21.3,motion_only_fallback,1.8304,unknown,OFF_TASK,,MIXED,IDLE,HIGH
Isabel,codap_21apr,frame_0005,66.5,motion_only_fallback,61.2459,unknown,OFF_TASK,,MENU,IDLE,MEDIUM
Isabel,codap_21apr,frame_0006,69.7,motion_only_fallback,1.8567,unknown,OFF_TASK,,MENU,IDLE,MEDIUM
Isabel,codap_21apr,frame_0007,118.3,motion_only_fallback,61.8266,unknown,EXPLORE_DATA,,MIXED,SETUP,LOW
Isabel,codap_21apr,frame_0008,263.9,silent_screen_gap_fill,,unknown,OFF_TASK,,MENU,IDLE,HIGH
Isabel,codap_21apr,frame_0009,268.4,motion_only_fallback,28.6939,unknown,OFF_TASK,,MENU,IDLE,HIGH
Isabel,codap_21apr,frame_0010,269.7,motion_only_fallback,0.8833,unknown,OFF_TASK,,MENU,IDLE,HIGH
Isabel,codap_21apr,frame_0011,271.5,motion_only_fallback,2.875,unknown,OFF_TASK,,MENU,IDLE,HIGH
Isabel,codap_21apr,frame_0012,273.5,motion_only_fallback,5.8596,unknown,OFF_TASK,,MIXED,IDLE,HIGH
Isabel,codap_21apr,frame_0013,274.7,motion_only_fallback,5.9657,unknown,OFF_TASK,,MENU,IDLE,HIGH
Isabel,codap_21apr,frame_0014,276.4,motion_only_fallback,1.1186,unknown,OFF_TASK,,MENU,IDLE,HIGH
Isabel,codap_21apr,frame_0015,278.9,motion_only_fallback,3.3069,unknown,OFF_TASK,,MENU,IDLE,HIGH
Isabel,codap_21apr,frame_0016,280.0,motion_only_fallback,5.5228,unknown,OFF_TASK,,MENU,IDLE,HIGH
Isabel,codap_21apr,frame_0017,281.1,motion_only_fallback,5.5681,unknown,OFF_TASK,,MENU,IDLE,HIGH
Isabel,codap_21apr,frame_0018,288.0,motion_only_fallback,1.5488,unknown,OFF_TASK,,MENU,IDLE,HIGH
Isabel,codap_21apr,frame_0019,310.2,motion_only_fallback,85.3221,unknown,EXPLORE_DATA,,MENU,SETUP,MEDIUM
Isabel,codap_21apr,frame_0020,311.2,motion_only_fallback,5.3964,unknown,OFF_TASK,,MENU,IDLE,HIGH
Isabel,codap_21apr,frame_0021,327.3,motion_only_fallback,48.9512,unknown,OFF_TASK,,MENU,IDLE,HIGH
Isabel,codap_21apr,frame_0022,358.5,motion_only_fallback,85.0972,unknown,OFF_TASK,,MENU,IDLE,HIGH
Isabel,codap_21apr,frame_0023,360.4,motion_only_fallback,5.9537,unknown,OFF_TASK,,MENU,IDLE,HIGH
Isabel,codap_21apr,frame_0024,373.2,motion_only_fallback,5.3245,unknown,OFF_TASK,,MENU,IDLE,HIGH
Isabel,codap_21apr,frame_0025,374.3,motion_only_fallback,5.5071,unknown,OFF_TASK,,MENU,IDLE,HIGH
Isabel,codap_21apr,frame_0026,377.4,motion_only_fallback,1.2242,unknown,OFF_TASK,,MENU,IDLE,HIGH
Isabel,codap_21apr,frame_0027,382.1,motion_only_fallback,0.9925,unknown,OFF_TASK,,MENU,IDLE,HIGH
Isabel,codap_21apr,frame_0028,383.9,motion_only_fallback,1.0438,unknown,EXPLORE_DATA,,MENU,SETUP,MEDIUM
Isabel,codap_21apr,frame_0029,387.0,motion_only_fallback,4.1375,unknown,OFF_TASK,,MENU,IDLE,HIGH
Isabel,codap_21apr,frame_0030,388.2,motion_only_fallback,5.5164,unknown,EXPLORE_DATA,,MENU,SETUP,MEDIUM
Isabel,codap_21apr,frame_0031,390.5,motion_only_fallback,5.1537,unknown,EXPLORE_DATA,,CODAP,SETUP,MEDIUM
Isabel,codap_21apr,frame_0032,397.2,motion_only_fallback,27.9896,unknown,OFF_TASK,,MIXED,IDLE,HIGH
Isabel,codap_21apr,frame_0033,398.5,motion_only_fallback,3.2901,unknown,OFF_TASK,,MENU,IDLE,HIGH
Isabel,codap_21apr,frame_0034,401.3,motion_only_fallback,2.8478,unknown,OFF_TASK,,MENU,IDLE,HIGH
Isabel,codap_21apr,frame_0035,458.7,motion_only_fallback,51.7787,unknown,EXPLORE_DATA,,TREE,SETUP,MEDIUM
Isabel,codap_21apr,frame_0036,460.5,motion_only_fallback,2.5814,unknown,EXPLORE_DATA,,TREE,SETUP,HIGH
Isabel,codap_21apr,frame_0037,461.7,motion_only_fallback,13.0174,unknown,OFF_TASK,,MENU,IDLE,MEDIUM
Isabel,codap_21apr,frame_0038,464.3,motion_only_fallback,21.4757,unknown,EXPLORE_DATA,,TREE,SETUP,MEDIUM
Isabel,codap_21apr,frame_0039,465.4,motion_only_fallback,5.5783,unknown,OFF_TASK,,MIXED,IDLE,MEDIUM
Isabel,codap_21apr,frame_0040,476.2,motion_only_fallback,9.4061,unknown,OFF_TASK,,MENU,IDLE,HIGH
Isabel,codap_21apr,frame_0041,477.2,motion_only_fallback,9.3765,unknown,OFF_TASK,,MENU,IDLE,HIGH
Isabel,codap_21apr,frame_0042,481.1,motion_only_fallback,10.9732,unknown,EXPLORE_DATA,,TREE,SETUP,HIGH
Isabel,codap_21apr,frame_0043,482.8,motion_only_fallback,70.82,unknown,EXPLORE_DATA,,TREE,SETUP,MEDIUM
Isabel,codap_21apr,frame_0044,490.7,motion_only_fallback,1.0826,unknown,EXPLORE_DATA,,MIXED,SETUP,HIGH
Isabel,codap_21apr,frame_0045,494.1,motion_only_fallback,1.5222,unknown,EXPLORE_DATA,,MIXED,SETUP,HIGH
Isabel,codap_21apr,frame_0046,527.2,motion_only_fallback,2.7411,unknown,EXPLORE_DATA,,MIXED,SETUP,HIGH
Isabel,codap_21apr,frame_0047,575.5,motion_only_fallback,0.8088,unknown,EXPLORE_DATA,,CODAP,SETUP,HIGH
Isabel,codap_21apr,frame_0048,578.1,motion_only_fallback,1.0307,unknown,EXPLORE_DATA,,CODAP,SETUP,HIGH
Isabel,codap_21apr,frame_0049,620.8,motion_only_fallback,2.0287,unknown,EXPLORE_DATA,,MIXED,SETUP,HIGH
Isabel,codap_21apr,frame_0050,641.3,motion_only_fallback,2.814,unknown,EXPLORE_DATA,,MIXED,SETUP,HIGH
Isabel,codap_21apr,frame_0051,680.6,motion_only_fallback,1.3474,unknown,EXPLORE_DATA,,MIXED,SETUP,HIGH
Isabel,codap_21apr,frame_0052,771.2,silent_screen_gap_fill,,unknown,EXPLORE_DATA,,MIXED,SETUP,HIGH
Isabel,codap_21apr,frame_0053,827.9,motion_only_fallback,2.6875,unknown,EXPLORE_DATA,,MIXED,SETUP,MEDIUM
Isabel,codap_21apr,frame_0054,857.9,motion_only_fallback,2.2338,unknown,EXPLORE_DATA,,MIXED,SETUP,MEDIUM
Isabel,codap_21apr,frame_0055,899.3,motion_only_fallback,2.0033,unknown,EXPLORE_DATA,,MIXED,SETUP,MEDIUM
Isabel,codap_21apr,frame_0056,917.0,motion_only_fallback,1.7436,unknown,EXPLORE_DATA,,MIXED,SETUP,HIGH
Isabel,codap_21apr,frame_0057,946.7,motion_only_fallback,1.9977,unknown,EXPLORE_DATA,SELECT_TARGET,MIXED,SETUP,MEDIUM
Isabel,codap_21apr,frame_0058,971.1,motion_only_fallback,1.2843,unknown,EXPLORE_DATA,SELECT_TARGET,MIXED,SETUP,HIGH
Isabel,codap_21apr,frame_0059,979.4,motion_only_fallback,3.2676,unknown,EXPLORE_DATA,,CODAP,SETUP,HIGH
Isabel,codap_21apr,frame_0060,983.6,motion_only_fallback,1.1944,unknown,EXPLORE_DATA,SELECT_TARGET,MIXED,SETUP,HIGH
Isabel,codap_21apr,frame_0061,986.6,motion_only_fallback,2.7386,unknown,EXPLORE_DATA,,MIXED,SETUP,HIGH
Isabel,codap_21apr,frame_0062,991.3,motion_only_fallback,1.8005,unknown,EXPLORE_DATA,,MIXED,SETUP,HIGH
Isabel,codap_21apr,frame_0063,992.8,motion_only_fallback,2.7234,unknown,EXPLORE_DATA,,MIXED,SETUP,HIGH
Isabel,codap_21apr,frame_0064,999.1,motion_only_fallback,2.1478,unknown,EXPLORE_DATA,SELECT_TARGET,MIXED,SETUP,MEDIUM
Isabel,codap_21apr,frame_0065,1015.7,motion_only_fallback,0.8659,unknown,EXPLORE_DATA,,MIXED,SETUP,HIGH
Isabel,codap_21apr,frame_0066,1026.2,motion_only_fallback,2.2378,unknown,EXPLORE_DATA,,MIXED,SETUP,HIGH
Isabel,codap_21apr,frame_0067,1052.1,motion_only_fallback,65.1514,unknown,EXPLORE_DATA,,MIXED,SETUP,LOW
Isabel,codap_21apr,frame_0068,1054.0,motion_only_fallback,65.2568,unknown,EXPLORE_DATA,,MIXED,SETUP,MEDIUM
Isabel,codap_21apr,frame_0069,1144.4,silent_screen_gap_fill,,unknown,EXPLORE_DATA,,MIXED,SETUP,HIGH
Isabel,codap_21apr,frame_0070,1234.7,silent_screen_gap_fill,,unknown,EXPLORE_DATA,,MIXED,SETUP,HIGH
Isabel,codap_21apr,frame_0071,1325.5,silent_screen_gap_fill,,unknown,EXPLORE_DATA,,MIXED,SETUP,HIGH
Isabel,codap_21apr,frame_0072,1410.3,motion_only_fallback,2.1275,unknown,EXPLORE_DATA,,MIXED,SETUP,HIGH
Isabel,codap_21apr,frame_0073,1417.4,motion_only_fallback,1.1236,unknown,EXPLORE_DATA,,MIXED,SETUP,HIGH
Isabel,codap_21apr,frame_0074,1437.4,motion_only_fallback,2.227,unknown,EXPLORE_DATA,,MIXED,SETUP,HIGH
Isabel,codap_21apr,frame_0075,1443.1,motion_only_fallback,1.1728,unknown,EXPLORE_DATA,,MIXED,SETUP,HIGH
Isabel,codap_21apr,frame_0076,1466.8,motion_only_fallback,2.8951,unknown,EXPLORE_DATA,,MIXED,SETUP,HIGH
Isabel,codap_21apr,frame_0077,1556.8,silent_screen_gap_fill,,unknown,EXPLORE_DATA,,MIXED,SETUP,MEDIUM
Isabel,codap_21apr,frame_0078,1641.6,motion_only_fallback,1.3152,unknown,EXPLORE_DATA,,MIXED,SETUP,MEDIUM
Isabel,codap_21apr,frame_0079,1666.2,motion_only_fallback,2.5368,unknown,EXPLORE_DATA,,CODAP,SETUP,HIGH
Isabel,codap_21apr,frame_0080,1671.0,motion_only_fallback,7.2365,unknown,EXPLORE_DATA,,CODAP,SETUP,MEDIUM
Isabel,codap_21apr,frame_0081,1685.8,motion_only_fallback,2.1269,unknown,EXPLORE_DATA,,CODAP,SETUP,HIGH
Isabel,codap_21apr,frame_0082,1731.3,motion_only_fallback,3.8214,unknown,EXPLORE_DATA,,MIXED,SETUP,MEDIUM
Isabel,codap_21apr,frame_0083,1732.4,motion_only_fallback,1.1838,unknown,EXPLORE_DATA,,MIXED,SETUP,MEDIUM
Isabel,codap_21apr,frame_0084,1733.6,motion_only_fallback,14.1192,unknown,EXPLORE_DATA,,MIXED,SETUP,MEDIUM
Isabel,codap_21apr,frame_0085,1735.7,motion_only_fallback,4.6865,unknown,EXPLORE_DATA,,CODAP,SETUP,HIGH
Isabel,codap_21apr,frame_0086,1762.2,motion_only_fallback,4.7816,unknown,EXPLORE_DATA,,CODAP,SETUP,MEDIUM
Isabel,codap_21apr,frame_0087,1766.7,motion_only_fallback,4.3916,unknown,EXPLORE_DATA,,CODAP,SETUP,MEDIUM
Isabel,codap_21apr,frame_0088,1767.8,motion_only_fallback,3.886,unknown,EXPLORE_DATA,,CODAP,SETUP,MEDIUM
Isabel,codap_21apr,frame_0089,1771.7,motion_only_fallback,3.9755,unknown,EXPLORE_DATA,,MIXED,SETUP,MEDIUM
Isabel,codap_21apr,frame_0090,1773.2,motion_only_fallback,14.1209,unknown,EXPLORE_DATA,,CODAP,SETUP,MEDIUM
Isabel,codap_21apr,frame_0091,1778.6,motion_only_fallback,2.0434,unknown,EXPLORE_DATA,,CODAP,SETUP,MEDIUM
Isabel,codap_21apr,frame_0092,1779.9,motion_only_fallback,3.6065,unknown,EXPLORE_DATA,,CODAP,SETUP,MEDIUM
Isabel,codap_21apr,frame_0093,1785.8,motion_only_fallback,13.5876,unknown,EXPLORE_DATA,,CODAP,SETUP,MEDIUM
Isabel,codap_21apr,frame_0094,1786.9,motion_only_fallback,4.7309,unknown,EXPLORE_DATA,,CODAP,SETUP,HIGH
Isabel,codap_21apr,frame_0095,1877.6,silent_screen_gap_fill,,unknown,EXPLORE_DATA,,MIXED,SETUP,MEDIUM
Isabel,codap_21apr,frame_0096,1968.0,silent_screen_gap_fill,,unknown,EXPLORE_DATA,,MIXED,SETUP,HIGH
Isabel,codap_21apr,frame_0097,1981.0,motion_only_fallback,3.9605,unknown,EXPLORE_DATA,,CODAP,SETUP,HIGH
Isabel,codap_21apr,frame_0098,1988.0,motion_only_fallback,0.9716,unknown,EXPLORE_DATA,,MIXED,SETUP,HIGH
Isabel,codap_21apr,frame_0099,2078.4,silent_screen_gap_fill,,unknown,EXPLORE_DATA,,CODAP,SETUP,HIGH
Isabel,codap_21apr,frame_0100,2168.4,silent_screen_gap_fill,,unknown,EXPLORE_DATA,,CODAP,SETUP,HIGH
Isabel,codap_21apr,frame_0101,2180.9,motion_only_fallback,6.5743,unknown,EXPLORE_DATA,EXPLORE_DATA,MIXED,SETUP,MEDIUM
Isabel,codap_21apr,frame_0102,2271.3,silent_screen_gap_fill,,unknown,EXPLORE_DATA,EXPLORE_DATA,MIXED,SETUP,MEDIUM
Isabel,codap_21apr,frame_0103,2340.9,motion_only_fallback,1.9909,unknown,BUILD_TREE,EXPLORE_DATA,MIXED,BUILDING,MEDIUM
Isabel,codap_21apr,frame_0104,2431.7,silent_screen_gap_fill,,unknown,EVALUATE_MODEL,EXPLORE_DATA,MIXED,EVALUATING,MEDIUM
Isabel,codap_21apr,frame_0105,2522.5,silent_screen_gap_fill,,unknown,EVALUATE_MODEL,EXPLORE_DATA,MIXED,EVALUATING,MEDIUM
Isabel,codap_21apr,frame_0106,2612.8,silent_screen_gap_fill,,unknown,TUNE_THRESHOLD,EXPLORE_DATA,MIXED,TUNING,MEDIUM
Isabel,codap_21apr,frame_0107,2620.7,motion_only_fallback,2.7182,unknown,EVALUATE_MODEL,EXPLORE_DATA,MIXED,EVALUATING,MEDIUM
Isabel,codap_21apr,frame_0108,2622.4,motion_only_fallback,3.1549,unknown,EVALUATE_MODEL,EXPLORE_DATA,MIXED,EVALUATING,MEDIUM
Isabel,codap_21apr,frame_0109,2651.9,motion_only_fallback,1.8989,unknown,BUILD_TREE,EXPLORE_DATA,MIXED,BUILDING,MEDIUM
Isabel,codap_21apr,frame_0110,2653.3,motion_only_fallback,1.8989,unknown,TUNE_THRESHOLD,EXPLORE_DATA,MIXED,TUNING,MEDIUM
Isabel,codap_21apr,frame_0111,2659.3,motion_only_fallback,3.4392,unknown,TUNE_THRESHOLD,EXPLORE_DATA,MIXED,TUNING,MEDIUM
Isabel,codap_21apr,frame_0112,2739.9,motion_only_fallback,1.3964,unknown,EVALUATE_MODEL,EXPLORE_DATA,MIXED,EVALUATING,MEDIUM
Isabel,codap_21apr,frame_0113,2783.5,motion_only_fallback,1.1088,unknown,EVALUATE_MODEL,EXPLORE_DATA,MIXED,EVALUATING,MEDIUM
Isabel,codap_21apr,frame_0114,2791.2,motion_only_fallback,0.8505,unknown,EVALUATE_MODEL,EXPLORE_DATA,MIXED,EVALUATING,HIGH
Isabel,codap_21apr,frame_0115,2799.2,motion_only_fallback,0.8507,unknown,EVALUATE_MODEL,EXPLORE_DATA,MIXED,EVALUATING,HIGH
Isabel,codap_21apr,frame_0116,2801.2,motion_only_fallback,0.8561,unknown,EVALUATE_MODEL,EXPLORE_DATA,MIXED,EVALUATING,HIGH
Isabel,codap_21apr,frame_0117,2808.4,motion_only_fallback,0.8465,unknown,EVALUATE_MODEL,EXPLORE_DATA,MIXED,EVALUATING,HIGH
Isabel,codap_21apr,frame_0118,2820.3,motion_only_fallback,0.8495,unknown,EVALUATE_MODEL,EXPLORE_DATA,MIXED,EVALUATING,HIGH
Isabel,codap_21apr,frame_0119,2827.8,motion_only_fallback,0.8497,unknown,EVALUATE_MODEL,EXPLORE_DATA,MIXED,EVALUATING,HIGH
Isabel,codap_21apr,frame_0120,2834.9,motion_only_fallback,0.8542,unknown,EVALUATE_MODEL,EXPLORE_DATA,MIXED,EVALUATING,HIGH
Isabel,codap_21apr,frame_0121,2837.7,motion_only_fallback,0.854,unknown,EVALUATE_MODEL,EXPLORE_DATA,MIXED,EVALUATING,HIGH
Isabel,codap_21apr,frame_0122,2841.6,motion_only_fallback,0.848,unknown,EVALUATE_MODEL,EXPLORE_DATA,MIXED,EVALUATING,HIGH
Isabel,codap_21apr,frame_0123,2929.0,motion_only_fallback,0.8478,unknown,EVALUATE_MODEL,EXPLORE_DATA,MIXED,EVALUATING,HIGH
Isabel,codap_21apr,frame_0124,2993.4,motion_only_fallback,0.8511,unknown,EVALUATE_MODEL,EXPLORE_DATA,MIXED,EVALUATING,HIGH
Isabel,codap_21apr,frame_0125,2995.8,motion_only_fallback,0.8513,unknown,EVALUATE_MODEL,EXPLORE_DATA,MIXED,EVALUATING,HIGH
Isabel,codap_21apr,frame_0126,3046.5,motion_only_fallback,0.8555,unknown,EVALUATE_MODEL,EXPLORE_DATA,MIXED,EVALUATING,HIGH
Isabel,codap_21apr,frame_0127,3048.2,motion_only_fallback,0.8555,unknown,EVALUATE_MODEL,EXPLORE_DATA,MIXED,EVALUATING,HIGH
Isabel,codap_21apr,frame_0128,3075.2,motion_only_fallback,0.8511,unknown,EVALUATE_MODEL,EXPLORE_DATA,MIXED,EVALUATING,HIGH
Isabel,codap_21apr,frame_0129,3084.6,motion_only_fallback,0.8466,unknown,EVALUATE_MODEL,EXPLORE_DATA,MIXED,EVALUATING,HIGH
Isabel,codap_21apr,frame_0130,3137.1,motion_only_fallback,1.8806,unknown,EVALUATE_MODEL,EXPLORE_DATA,MIXED,EVALUATING,HIGH
Isabel,codap_21apr,frame_0131,3138.6,motion_only_fallback,1.8808,unknown,EVALUATE_MODEL,EXPLORE_DATA,MIXED,EVALUATING,HIGH
Isabel,codap_21apr,frame_0132,3149.3,motion_only_fallback,1.8999,unknown,EVALUATE_MODEL,EXPLORE_DATA,MIXED,EVALUATING,HIGH
Isabel,codap_21apr,frame_0133,3158.8,motion_only_fallback,0.8401,unknown,EVALUATE_MODEL,EXPLORE_DATA,MIXED,EVALUATING,HIGH
Isabel,codap_21apr,frame_0134,3173.4,motion_only_fallback,1.8931,unknown,EVALUATE_MODEL,EXPLORE_DATA,MIXED,EVALUATING,MEDIUM
Isabel,codap_21apr,frame_0135,3175.0,motion_only_fallback,3.4234,unknown,TUNE_THRESHOLD,EVALUATE_MODEL,MIXED,TUNING,HIGH
Isabel,codap_21apr,frame_0136,3193.3,motion_only_fallback,1.7591,unknown,TUNE_THRESHOLD,EXPLORE_DATA,MIXED,TUNING,MEDIUM
Isabel,codap_21apr,frame_0137,3261.0,motion_only_fallback,1.892,unknown,EVALUATE_MODEL,EXPLORE_DATA,MIXED,EVALUATING,MEDIUM
Isabel,codap_21apr,frame_0138,3262.2,motion_only_fallback,1.8918,unknown,EVALUATE_MODEL,EXPLORE_DATA,MIXED,EVALUATING,MEDIUM
Isabel,codap_21apr,frame_0139,3297.3,motion_only_fallback,2.0046,unknown,COMPARE_MODELS,EXPLORE_DATA,MIXED,EVALUATING,HIGH
Isabel,codap_21apr,frame_0140,3364.7,motion_only_fallback,1.8148,unknown,COMPARE_MODELS,EXPLORE_DATA,MIXED,EVALUATING,HIGH
Isabel,codap_21apr,frame_0141,3382.6,motion_only_fallback,0.8156,unknown,COMPARE_MODELS,EXPLORE_DATA,MIXED,EVALUATING,HIGH
Isabel,codap_21apr,frame_0142,3391.6,motion_only_fallback,1.3783,unknown,COMPARE_MODELS,EXPLORE_DATA,MIXED,EVALUATING,HIGH
Isabel,codap_21apr,frame_0143,3394.7,motion_only_fallback,0.8177,unknown,COMPARE_MODELS,EXPLORE_DATA,MIXED,EVALUATING,HIGH
Isabel,codap_21apr,frame_0144,3418.0,motion_only_fallback,1.4408,unknown,COMPARE_MODELS,EXPLORE_DATA,MIXED,EVALUATING,HIGH
Isabel,codap_21apr,frame_0145,3421.3,motion_only_fallback,0.8289,unknown,COMPARE_MODELS,EXPLORE_DATA,MIXED,EVALUATING,HIGH
Isabel,codap_21apr,frame_0146,3447.7,motion_only_fallback,1.4346,unknown,COMPARE_MODELS,EXPLORE_DATA,MIXED,EVALUATING,HIGH
Isabel,codap_21apr,frame_0147,3537.7,silent_screen_gap_fill,,unknown,COMPARE_MODELS,EXPLORE_DATA,MIXED,EVALUATING,HIGH
Isabel,codap_21apr,frame_0148,3574.0,motion_only_fallback,1.8987,unknown,TUNE_THRESHOLD,EXPLORE_DATA,MIXED,TUNING,MEDIUM
Isabel,codap_21apr,frame_0149,3577.2,motion_only_fallback,2.642,unknown,COMPARE_MODELS,EXPLORE_DATA,MIXED,EVALUATING,HIGH
Isabel,codap_21apr,frame_0150,3589.8,motion_only_fallback,1.2664,unknown,COMPARE_MODELS,EXPLORE_DATA,MIXED,EVALUATING,HIGH
Isabel,codap_21apr,frame_0151,3630.0,motion_only_fallback,0.9419,unknown,COMPARE_MODELS,EXPLORE_DATA,MIXED,EVALUATING,HIGH
Isabel,codap_21apr,frame_0152,3647.5,motion_only_fallback,1.1696,unknown,COMPARE_MODELS,EXPLORE_DATA,MIXED,EVALUATING,HIGH
Isabel,codap_21apr,frame_0153,3652.6,motion_only_fallback,0.8628,unknown,COMPARE_MODELS,EXPLORE_DATA,MIXED,EVALUATING,HIGH
Isabel,codap_21apr,frame_0154,3663.6,motion_only_fallback,1.4618,unknown,COMPARE_MODELS,EXPLORE_DATA,MIXED,EVALUATING,MEDIUM
Isabel,codap_21apr,frame_0155,3666.2,motion_only_fallback,1.8821,unknown,COMPARE_MODELS,EXPLORE_DATA,MIXED,EVALUATING,HIGH
Isabel,codap_21apr,frame_0156,3676.0,motion_only_fallback,2.369,unknown,TUNE_THRESHOLD,COMPARE_MODELS,MIXED,TUNING,MEDIUM
Isabel,codap_21apr,frame_0157,3678.3,motion_only_fallback,3.3694,unknown,COMPARE_MODELS,EXPLORE_DATA,MIXED,EVALUATING,HIGH
Isabel,codap_21apr,frame_0158,3690.6,motion_only_fallback,14.4579,unknown,COMPARE_MODELS,EXPLORE_DATA,MIXED,EVALUATING,HIGH
Isabel,codap_21apr,frame_0159,3744.5,motion_only_fallback,0.8341,unknown,COMPARE_MODELS,EXPLORE_DATA,MIXED,EVALUATING,HIGH
Isabel,codap_21apr,frame_0160,3785.5,motion_only_fallback,0.8872,unknown,BUILD_TREE,EXPLORE_DATA,MIXED,BUILDING,MEDIUM
Isabel,codap_21apr,frame_0161,3808.5,motion_only_fallback,1.1447,unknown,COMPARE_MODELS,EXPLORE_DATA,MIXED,EVALUATING,HIGH
Isabel,codap_21apr,frame_0162,3841.8,motion_only_fallback,14.3619,unknown,COMPARE_MODELS,EXPLORE_DATA,MIXED,EVALUATING,HIGH
Isabel,codap_21apr,frame_0163,3846.6,motion_only_fallback,14.3613,unknown,COMPARE_MODELS,EXPLORE_DATA,MIXED,EVALUATING,HIGH
Isabel,codap_21apr,frame_0164,3849.0,motion_only_fallback,4.3463,unknown,TUNE_THRESHOLD,,MIXED,TUNING,HIGH
Isabel,codap_21apr,frame_0165,3852.8,motion_only_fallback,3.4535,unknown,COMPARE_MODELS,EXPLORE_DATA,MIXED,EVALUATING,HIGH
Isabel,codap_21apr,frame_0166,3868.4,motion_only_fallback,1.8654,unknown,COMPARE_MODELS,EXPLORE_DATA,MIXED,EVALUATING,HIGH
Isabel,codap_21apr,frame_0167,3959.0,silent_screen_gap_fill,,unknown,COMPARE_MODELS,EXPLORE_DATA,MIXED,EVALUATING,HIGH
Isabel,codap_21apr,frame_0168,3981.9,motion_only_fallback,1.8717,unknown,COMPARE_MODELS,EXPLORE_DATA,MIXED,EVALUATING,HIGH
Isabel,codap_21apr,frame_0169,3985.8,motion_only_fallback,9.2178,unknown,COMPARE_MODELS,EXPLORE_DATA,MIXED,EVALUATING,MEDIUM
Isabel,codap_21apr,frame_0170,3986.8,motion_only_fallback,9.211,unknown,COMPARE_MODELS,EXPLORE_DATA,MIXED,EVALUATING,HIGH
Isabel,codap_21apr,frame_0171,4077.1,silent_screen_gap_fill,,unknown,COMPARE_MODELS,EXPLORE_DATA,MIXED,EVALUATING,HIGH
Isabel,codap_21apr,frame_0172,4127.4,motion_only_fallback,1.8324,unknown,COMPARE_MODELS,EXPLORE_DATA,MIXED,EVALUATING,HIGH
Isabel,codap_21apr,frame_0173,4134.5,motion_only_fallback,1.3177,unknown,COMPARE_MODELS,EXPLORE_DATA,MIXED,EVALUATING,HIGH
Isabel,codap_21apr,frame_0174,4145.5,motion_only_fallback,3.4524,unknown,COMPARE_MODELS,EXPLORE_DATA,MIXED,EVALUATING,HIGH
Isabel,codap_21apr,frame_0175,4197.6,motion_only_fallback,14.3659,unknown,EVALUATE_MODEL,EXPLORE_DATA,MIXED,EVALUATING,MEDIUM
Isabel,codap_21apr,frame_0176,4203.0,motion_only_fallback,1.9196,unknown,COMPARE_MODELS,EXPLORE_DATA,MIXED,EVALUATING,HIGH
Isabel,codap_21apr,frame_0177,4204.4,motion_only_fallback,14.1127,unknown,COMPARE_MODELS,EXPLORE_DATA,MIXED,EVALUATING,MEDIUM
Isabel,codap_21apr,frame_0178,4207.9,motion_only_fallback,3.4037,unknown,TUNE_THRESHOLD,EXPLORE_DATA,MIXED,TUNING,HIGH
Isabel,codap_21apr,frame_0179,4212.7,motion_only_fallback,3.4452,unknown,COMPARE_MODELS,EXPLORE_DATA,MIXED,EVALUATING,HIGH
Isabel,codap_21apr,frame_0180,4223.9,motion_only_fallback,2.2753,unknown,COMPARE_MODELS,EXPLORE_DATA,MIXED,EVALUATING,HIGH
Isabel,codap_21apr,frame_0181,4230.1,motion_only_fallback,2.1422,unknown,COMPARE_MODELS,EXPLORE_DATA,MIXED,EVALUATING,MEDIUM
Isabel,codap_21apr,frame_0182,4238.6,motion_only_fallback,1.6019,unknown,COMPARE_MODELS,EXPLORE_DATA,MIXED,EVALUATING,MEDIUM
Isabel,codap_21apr,frame_0183,4240.5,motion_only_fallback,1.8561,unknown,COMPARE_MODELS,EXPLORE_DATA,MIXED,EVALUATING,HIGH
Isabel,codap_21apr,frame_0184,4271.0,motion_only_fallback,1.963,unknown,COMPARE_MODELS,EXPLORE_DATA,MIXED,EVALUATING,HIGH
Isabel,codap_21apr,frame_0185,4324.4,motion_only_fallback,1.8561,unknown,COMPARE_MODELS,EXPLORE_DATA,MIXED,EVALUATING,HIGH
Isabel,codap_21apr,frame_0186,4345.1,motion_only_fallback,2.0108,unknown,COMPARE_MODELS,,MIXED,EVALUATING,MEDIUM
Isabel,codap_21apr,frame_0187,4425.8,motion_only_fallback,1.832,unknown,COMPARE_MODELS,EXPLORE_DATA,MIXED,EVALUATING,HIGH
Isabel,codap_21apr,frame_0188,4427.1,motion_only_fallback,83.6074,unknown,COMPARE_MODELS,EXPLORE_DATA,MIXED,EVALUATING,HIGH
Isabel,codap_21apr,frame_0189,4428.7,motion_only_fallback,79.8488,unknown,EVALUATE_MODEL,,TREE,EVALUATING,MEDIUM
Isabel,codap_21apr,frame_0190,4431.5,motion_only_fallback,1.6105,unknown,COMPARE_MODELS,EXPLORE_DATA,MIXED,EVALUATING,HIGH
Isabel,codap_21apr,frame_0191,4435.6,motion_only_fallback,14.1127,unknown,COMPARE_MODELS,EXPLORE_DATA,MIXED,EVALUATING,HIGH
Isabel,codap_21apr,frame_0192,4438.2,motion_only_fallback,2.7533,unknown,COMPARE_MODELS,EXPLORE_DATA,MIXED,EVALUATING,HIGH
Isabel,codap_21apr,frame_0193,4445.5,motion_only_fallback,1.5793,unknown,COMPARE_MODELS,EXPLORE_DATA,MIXED,EVALUATING,HIGH
Isabel,codap_21apr,frame_0194,4447.8,motion_only_fallback,3.2868,unknown,COMPARE_MODELS,EXPLORE_DATA,MIXED,EVALUATING,MEDIUM
Isabel,codap_21apr,frame_0195,4454.8,motion_only_fallback,2.4626,unknown,COMPARE_MODELS,EXPLORE_DATA,MIXED,EVALUATING,HIGH
Isabel,codap_21apr,frame_0196,4521.4,motion_only_fallback,14.397,unknown,TUNE_THRESHOLD,EXPLORE_DATA,MIXED,TUNING,HIGH
Isabel,codap_21apr,frame_0197,4525.2,motion_only_fallback,2.1453,unknown,TUNE_THRESHOLD,EXPLORE_DATA,MIXED,TUNING,HIGH
Isabel,codap_21apr,frame_0198,4526.4,motion_only_fallback,1.3534,unknown,TUNE_THRESHOLD,EXPLORE_DATA,MIXED,TUNING,MEDIUM
Isabel,codap_21apr,frame_0199,4529.1,motion_only_fallback,3.4533,unknown,COMPARE_MODELS,EXPLORE_DATA,MIXED,EVALUATING,MEDIUM
Isabel,codap_21apr,frame_0200,4533.2,motion_only_fallback,0.8293,unknown,COMPARE_MODELS,EXPLORE_DATA,MIXED,EVALUATING,MEDIUM
Isabel,codap_21apr,frame_0201,4623.7,silent_screen_gap_fill,,unknown,COMPARE_MODELS,EXPLORE_DATA,MIXED,EVALUATING,HIGH
Isabel,codap_21apr,frame_0202,4632.8,motion_only_fallback,1.832,unknown,COMPARE_MODELS,EXPLORE_DATA,MIXED,EVALUATING,HIGH
Isabel,codap_21apr,frame_0203,4703.5,motion_only_fallback,2.0309,unknown,BUILD_TREE,,MIXED,BUILDING,MEDIUM
Isabel,codap_21apr,frame_0204,4710.0,motion_only_fallback,1.4057,unknown,COMPARE_MODELS,EXPLORE_DATA,MIXED,EVALUATING,HIGH
Isabel,codap_21apr,frame_0205,4739.5,motion_only_fallback,1.4057,unknown,COMPARE_MODELS,EXPLORE_DATA,MIXED,EVALUATING,HIGH
Isabel,codap_21apr,frame_0206,4749.8,motion_only_fallback,1.4608,unknown,COMPARE_MODELS,EXPLORE_DATA,MIXED,EVALUATING,HIGH
Isabel,codap_21apr,frame_0207,4766.0,motion_only_fallback,0.9504,unknown,COMPARE_MODELS,EXPLORE_DATA,MIXED,EVALUATING,HIGH
Isabel,codap_21apr,frame_0208,4807.4,motion_only_fallback,2.0824,unknown,TUNE_THRESHOLD,EXPLORE_DATA,MIXED,TUNING,HIGH
Isabel,codap_21apr,frame_0209,4811.5,motion_only_fallback,3.3636,unknown,COMPARE_MODELS,EXPLORE_DATA,MIXED,EVALUATING,HIGH
Isabel,codap_21apr,frame_0210,4815.5,motion_only_fallback,0.8295,unknown,COMPARE_MODELS,EXPLORE_DATA,MIXED,EVALUATING,HIGH
Isabel,codap_21apr,frame_0211,4832.1,motion_only_fallback,0.966,unknown,BUILD_TREE,EXPLORE_DATA,MIXED,BUILDING,MEDIUM
Isabel,codap_21apr,frame_0212,4849.4,motion_only_fallback,2.3825,unknown,TUNE_THRESHOLD,EXPLORE_DATA,MIXED,TUNING,HIGH
Isabel,codap_21apr,frame_0213,4851.2,motion_only_fallback,2.695,unknown,TUNE_THRESHOLD,EXPLORE_DATA,MIXED,TUNING,HIGH
Isabel,codap_21apr,frame_0214,4857.8,motion_only_fallback,0.8223,unknown,COMPARE_MODELS,EXPLORE_DATA,MIXED,EVALUATING,HIGH
Isabel,codap_21apr,frame_0215,4872.8,motion_only_fallback,1.1526,unknown,BUILD_TREE,EXPLORE_DATA,MIXED,BUILDING,MEDIUM
Isabel,codap_21apr,frame_0216,4884.0,motion_only_fallback,5.5513,unknown,COMPARE_MODELS,EXPLORE_DATA,MIXED,EVALUATING,HIGH
Isabel,codap_21apr,frame_0217,4912.5,motion_only_fallback,2.3355,unknown,COMPARE_MODELS,EXPLORE_DATA,MIXED,EVALUATING,MEDIUM
Isabel,codap_21apr,frame_0218,4923.9,motion_only_fallback,1.2365,unknown,COMPARE_MODELS,EXPLORE_DATA,MIXED,EVALUATING,MEDIUM
Isabel,codap_21apr,frame_0219,4925.1,motion_only_fallback,1.9632,unknown,COMPARE_MODELS,EXPLORE_DATA,MIXED,EVALUATING,HIGH
Isabel,codap_21apr,frame_0220,4931.7,motion_only_fallback,0.8497,unknown,COMPARE_MODELS,EXPLORE_DATA,MIXED,EVALUATING,MEDIUM
Isabel,codap_21apr,frame_0221,4960.9,motion_only_fallback,0.8524,unknown,COMPARE_MODELS,,MIXED,EVALUATING,HIGH
Isabel,codap_21apr,frame_0222,4980.6,motion_only_fallback,1.8839,unknown,COMPARE_MODELS,EXPLORE_DATA,MIXED,EVALUATING,HIGH
Isabel,codap_21apr,frame_0223,5039.2,motion_only_fallback,84.4473,unknown,OFF_TASK,,MENU,IDLE,HIGH
Isabel,codap_21apr,frame_0224,5041.3,motion_only_fallback,9.7948,unknown,COMPARE_MODELS,EXPLORE_DATA,MIXED,EVALUATING,HIGH
Isabel,codap_21apr,frame_0225,5104.1,motion_only_fallback,65.8295,unknown,EXPLORE_DATA,,MENU,SETUP,MEDIUM
Isabel,codap_21apr,frame_0226,5110.4,motion_only_fallback,5.5791,unknown,EXPLORE_DATA,,MENU,SETUP,MEDIUM
Isabel,codap_21apr,frame_0227,5111.4,motion_only_fallback,2.1354,unknown,IDLE_THINKING,,MENU,IDLE,MEDIUM
Isabel,codap_21apr,frame_0228,5113.0,motion_only_fallback,5.9252,unknown,EXPLORE_DATA,,MENU,SETUP,MEDIUM
Isabel,codap_21apr,frame_0229,5114.1,motion_only_fallback,0.9869,unknown,EVALUATE_MODEL,,MENU,EVALUATING,MEDIUM
Isabel,codap_21apr,frame_0230,5122.5,motion_only_fallback,4.1703,unknown,EXPLORE_DATA,,MENU,SETUP,MEDIUM
Isabel,codap_21apr,frame_0231,5124.3,motion_only_fallback,65.6443,unknown,COMPARE_MODELS,EXPLORE_DATA,MIXED,EVALUATING,HIGH
Isabel,codap_21apr,frame_0232,5125.8,motion_only_fallback,2.3899,unknown,COMPARE_MODELS,EXPLORE_DATA,MIXED,EVALUATING,HIGH
Isabel,codap_21apr,frame_0233,5127.6,motion_only_fallback,1.7255,unknown,COMPARE_MODELS,EXPLORE_DATA,MIXED,EVALUATING,MEDIUM
Isabel,codap_21apr,frame_0234,5132.3,motion_only_fallback,1.8245,unknown,COMPARE_MODELS,EXPLORE_DATA,MIXED,EVALUATING,HIGH
Isabel,codap_21apr,frame_0235,5133.4,motion_only_fallback,2.6318,unknown,COMPARE_MODELS,EXPLORE_DATA,MIXED,EVALUATING,MEDIUM
Isabel,codap_21apr,frame_0236,5136.2,motion_only_fallback,42.6188,unknown,OFF_TASK,,MIXED,IDLE,MEDIUM
Isabel,codap_21apr,frame_0237,5139.6,motion_only_fallback,1.1757,unknown,EXPLORE_DATA,,MIXED,SETUP,MEDIUM
Isabel,codap_21apr,frame_0238,5140.6,motion_only_fallback,4.9255,unknown,OFF_TASK,,MENU,IDLE,MEDIUM
Isabel,codap_21apr,frame_0239,5141.7,motion_only_fallback,44.6441,unknown,COMPARE_MODELS,EXPLORE_DATA,MIXED,EVALUATING,HIGH
Isabel,codap_21apr,frame_0240,5146.9,motion_only_fallback,5.0189,unknown,OFF_TASK,,MENU,IDLE,HIGH
Isabel,codap_21apr,frame_0241,5149.3,motion_only_fallback,10.178,unknown,COMPARE_MODELS,EXPLORE_DATA,MIXED,EVALUATING,HIGH
Isabel,codap_21apr,frame_0242,5155.6,motion_only_fallback,2.6497,unknown,COMPARE_MODELS,EXPLORE_DATA,MIXED,EVALUATING,MEDIUM
Isabel,codap_21apr,frame_0243,5156.9,motion_only_fallback,2.2008,unknown,COMPARE_MODELS,EXPLORE_DATA,MIXED,EVALUATING,MEDIUM
Isabel,codap_21apr,frame_0244,5158.3,motion_only_fallback,2.6366,unknown,EXPLORE_DATA,,MENU,SETUP,MEDIUM
Isabel,codap_21apr,frame_0245,5160.4,motion_only_fallback,1.059,unknown,EXPLORE_DATA,,MENU,SETUP,MEDIUM
Isabel,codap_21apr,frame_0246,5161.9,motion_only_fallback,44.6414,unknown,COMPARE_MODELS,EXPLORE_DATA,MIXED,EVALUATING,HIGH
Isabel,codap_21apr,frame_0247,5164.4,motion_only_fallback,3.9522,unknown,EVALUATE_MODEL,,TREE,EVALUATING,MEDIUM
Isabel,codap_21apr,frame_0248,5166.4,motion_only_fallback,7.195,unknown,EVALUATE_MODEL,,MIXED,EVALUATING,MEDIUM
Isabel,codap_21apr,frame_0249,5169.2,motion_only_fallback,2.027,unknown,EVALUATE_MODEL,,TREE,EVALUATING,MEDIUM
Isabel,codap_21apr,frame_0250,5170.8,motion_only_fallback,2.3104,unknown,OFF_TASK,,MENU,IDLE,HIGH
Isabel,codap_21apr,frame_0251,5171.8,motion_only_fallback,16.1711,unknown,OFF_TASK,,MENU,IDLE,HIGH
Isabel,codap_21apr,frame_0252,5174.5,motion_only_fallback,0.9334,unknown,EXPLORE_DATA,,MENU,SETUP,MEDIUM
Isabel,codap_21apr,frame_0253,5178.0,motion_only_fallback,0.8133,unknown,EXPLORE_DATA,,MENU,SETUP,MEDIUM
Isabel,codap_21apr,frame_0254,5181.3,motion_only_fallback,1.0754,unknown,EXPLORE_DATA,,MIXED,SETUP,MEDIUM
Isabel,codap_21apr,frame_0255,5182.6,motion_only_fallback,4.3233,unknown,OFF_TASK,,MIXED,IDLE,HIGH
Isabel,codap_21apr,frame_0256,5184.4,motion_only_fallback,1.4007,unknown,OFF_TASK,,MIXED,IDLE,HIGH
Isabel,codap_21apr,frame_0257,5187.0,motion_only_fallback,3.376,unknown,OFF_TASK,,MENU,IDLE,HIGH
Isabel,codap_21apr,frame_0258,5190.9,motion_only_fallback,5.5046,unknown,OFF_TASK,,MENU,IDLE,HIGH
Isabel,codap_21apr,frame_0259,5195.0,motion_only_fallback,5.4354,unknown,OFF_TASK,,MENU,IDLE,HIGH
Marco,codap_21apr,frame_0001,8.7,motion_only_fallback,69.8613,unknown,EXPLORE_DATA,,MIXED,SETUP,MEDIUM
Marco,codap_21apr,frame_0002,99.1,silent_screen_gap_fill,,unknown,EXPLORE_DATA,,MIXED,SETUP,HIGH
Marco,codap_21apr,frame_0003,189.5,silent_screen_gap_fill,,unknown,EXPLORE_DATA,,MIXED,SETUP,HIGH
Marco,codap_21apr,frame_0004,225.4,motion_only_fallback,1.6279,unknown,EXPLORE_DATA,,MIXED,SETUP,MEDIUM
Marco,codap_21apr,frame_0005,226.5,motion_only_fallback,2.0166,unknown,EXPLORE_DATA,,CODAP,SETUP,MEDIUM
Marco,codap_21apr,frame_0006,231.5,motion_only_fallback,2.9647,unknown,EXPLORE_DATA,,CODAP,SETUP,HIGH
Marco,codap_21apr,frame_0007,232.6,motion_only_fallback,4.1254,unknown,EXPLORE_DATA,,CODAP,SETUP,HIGH
Marco,codap_21apr,frame_0008,267.7,motion_only_fallback,0.8281,unknown,EXPLORE_DATA,,MIXED,SETUP,MEDIUM
Marco,codap_21apr,frame_0009,358.4,silent_screen_gap_fill,,unknown,EXPLORE_DATA,,MIXED,SETUP,MEDIUM
Marco,codap_21apr,frame_0010,405.5,motion_only_fallback,1.3212,unknown,EXPLORE_DATA,,MIXED,SETUP,MEDIUM
Marco,codap_21apr,frame_0011,442.5,motion_only_fallback,1.7147,unknown,EXPLORE_DATA,,MIXED,SETUP,MEDIUM
Marco,codap_21apr,frame_0012,532.6,silent_screen_gap_fill,,unknown,EXPLORE_DATA,,MIXED,SETUP,MEDIUM
Marco,codap_21apr,frame_0013,622.9,silent_screen_gap_fill,,unknown,EXPLORE_DATA,,MIXED,SETUP,MEDIUM
Marco,codap_21apr,frame_0014,713.3,silent_screen_gap_fill,,unknown,EXPLORE_DATA,,MIXED,SETUP,HIGH
Marco,codap_21apr,frame_0015,766.2,motion_only_fallback,2.1333,unknown,EXPLORE_DATA,,MIXED,SETUP,MEDIUM
Marco,codap_21apr,frame_0016,786.4,motion_only_fallback,4.1028,unknown,OFF_TASK,,MENU,IDLE,HIGH
Marco,codap_21apr,frame_0017,792.4,motion_only_fallback,14.3771,unknown,EXPLORE_DATA,,MIXED,SETUP,MEDIUM
Marco,codap_21apr,frame_0018,882.6,silent_screen_gap_fill,,unknown,EXPLORE_DATA,EXPLORE_DATA,MIXED,SETUP,MEDIUM
Marco,codap_21apr,frame_0019,973.3,silent_screen_gap_fill,,unknown,EXPLORE_DATA,,MIXED,SETUP,MEDIUM
Marco,codap_21apr,frame_0020,1007.5,motion_only_fallback,5.6582,unknown,EXPLORE_DATA,,MIXED,SETUP,MEDIUM
Marco,codap_21apr,frame_0021,1016.2,motion_only_fallback,1.462,unknown,EXPLORE_DATA,,MIXED,SETUP,MEDIUM
Marco,codap_21apr,frame_0022,1020.5,motion_only_fallback,7.3179,unknown,EXPLORE_DATA,,MIXED,SETUP,MEDIUM
Marco,codap_21apr,frame_0023,1024.7,motion_only_fallback,3.526,unknown,EXPLORE_DATA,,MIXED,SETUP,MEDIUM
Marco,codap_21apr,frame_0024,1025.9,motion_only_fallback,3.4099,unknown,EXPLORE_DATA,,CODAP,SETUP,MEDIUM
Marco,codap_21apr,frame_0025,1030.7,motion_only_fallback,1.2006,unknown,EXPLORE_DATA,EXPLORE_DATA,MIXED,SETUP,MEDIUM
Marco,codap_21apr,frame_0026,1054.2,motion_only_fallback,1.2689,unknown,EXPLORE_DATA,,MIXED,SETUP,MEDIUM
Marco,codap_21apr,frame_0027,1058.8,motion_only_fallback,1.2242,unknown,EXPLORE_DATA,,MIXED,SETUP,MEDIUM
Marco,codap_21apr,frame_0028,1084.5,motion_only_fallback,2.7043,unknown,EXPLORE_DATA,,MIXED,SETUP,MEDIUM
Marco,codap_21apr,frame_0029,1122.7,motion_only_fallback,1.2367,unknown,EXPLORE_DATA,,MIXED,SETUP,MEDIUM
Marco,codap_21apr,frame_0030,1132.5,motion_only_fallback,12.9527,unknown,EXPLORE_DATA,,CODAP,SETUP,MEDIUM
Marco,codap_21apr,frame_0031,1160.0,motion_only_fallback,2.7724,unknown,EXPLORE_DATA,,MIXED,SETUP,MEDIUM
Marco,codap_21apr,frame_0032,1164.3,motion_only_fallback,2.102,unknown,EXPLORE_DATA,,CODAP,SETUP,MEDIUM
Marco,codap_21apr,frame_0033,1166.9,motion_only_fallback,3.3918,unknown,EXPLORE_DATA,,CODAP,SETUP,MEDIUM
Marco,codap_21apr,frame_0034,1169.7,motion_only_fallback,1.4701,unknown,EXPLORE_DATA,,CODAP,SETUP,MEDIUM
Marco,codap_21apr,frame_0035,1177.0,motion_only_fallback,4.3619,unknown,EXPLORE_DATA,,MIXED,SETUP,MEDIUM
Marco,codap_21apr,frame_0036,1179.9,motion_only_fallback,3.505,unknown,EXPLORE_DATA,,MIXED,SETUP,MEDIUM
Marco,codap_21apr,frame_0037,1199.8,motion_only_fallback,1.7087,unknown,EXPLORE_DATA,,CODAP,SETUP,MEDIUM
Marco,codap_21apr,frame_0038,1200.9,motion_only_fallback,2.8787,unknown,EXPLORE_DATA,,MIXED,SETUP,MEDIUM
Marco,codap_21apr,frame_0039,1204.4,motion_only_fallback,2.2876,unknown,EXPLORE_DATA,,MIXED,SETUP,MEDIUM
Marco,codap_21apr,frame_0040,1206.5,motion_only_fallback,1.1981,unknown,EXPLORE_DATA,,MIXED,SETUP,MEDIUM
Marco,codap_21apr,frame_0041,1208.2,motion_only_fallback,4.5544,unknown,EXPLORE_DATA,,MIXED,SETUP,MEDIUM
Marco,codap_21apr,frame_0042,1209.4,motion_only_fallback,6.4479,unknown,EXPLORE_DATA,,CODAP,SETUP,MEDIUM
Marco,codap_21apr,frame_0043,1210.6,motion_only_fallback,11.5658,unknown,EXPLORE_DATA,,MIXED,SETUP,MEDIUM
Marco,codap_21apr,frame_0044,1212.1,motion_only_fallback,11.5718,unknown,EXPLORE_DATA,,MIXED,SETUP,MEDIUM
Marco,codap_21apr,frame_0045,1214.2,motion_only_fallback,11.565,unknown,EXPLORE_DATA,,MIXED,SETUP,MEDIUM
Marco,codap_21apr,frame_0046,1260.4,motion_only_fallback,0.9325,unknown,EXPLORE_DATA,,MIXED,SETUP,MEDIUM
Marco,codap_21apr,frame_0047,1279.2,motion_only_fallback,11.5704,unknown,EXPLORE_DATA,,CODAP,SETUP,MEDIUM
Marco,codap_21apr,frame_0048,1281.2,motion_only_fallback,11.5664,unknown,EXPLORE_DATA,,CODAP,SETUP,MEDIUM
Marco,codap_21apr,frame_0049,1282.6,motion_only_fallback,11.5667,unknown,EXPLORE_DATA,,CODAP,SETUP,MEDIUM
Marco,codap_21apr,frame_0050,1318.6,motion_only_fallback,6.3447,unknown,EXPLORE_DATA,,MIXED,SETUP,MEDIUM
Marco,codap_21apr,frame_0051,1319.9,motion_only_fallback,6.5529,unknown,EXPLORE_DATA,,MIXED,SETUP,MEDIUM
Marco,codap_21apr,frame_0052,1321.6,motion_only_fallback,3.5812,unknown,EXPLORE_DATA,,MIXED,SETUP,MEDIUM
Marco,codap_21apr,frame_0053,1322.6,motion_only_fallback,2.445,unknown,EXPLORE_DATA,,MIXED,SETUP,MEDIUM
Marco,codap_21apr,frame_0054,1324.7,motion_only_fallback,1.8794,unknown,EXPLORE_DATA,,MIXED,SETUP,MEDIUM
Marco,codap_21apr,frame_0055,1340.5,motion_only_fallback,7.2085,unknown,EXPLORE_DATA,,MIXED,SETUP,MEDIUM
Marco,codap_21apr,frame_0056,1431.1,silent_screen_gap_fill,,unknown,EXPLORE_DATA,,MIXED,SETUP,HIGH
Marco,codap_21apr,frame_0057,1485.9,motion_only_fallback,11.3615,unknown,EXPLORE_DATA,,MIXED,SETUP,MEDIUM
Marco,codap_21apr,frame_0058,1491.6,motion_only_fallback,4.0359,unknown,EXPLORE_DATA,,MIXED,SETUP,MEDIUM
Marco,codap_21apr,frame_0059,1498.7,motion_only_fallback,12.2537,unknown,EXPLORE_DATA,,MIXED,SETUP,MEDIUM
Marco,codap_21apr,frame_0060,1504.1,motion_only_fallback,5.6113,unknown,EXPLORE_DATA,,MIXED,SETUP,MEDIUM
Marco,codap_21apr,frame_0061,1510.6,motion_only_fallback,5.1645,unknown,EXPLORE_DATA,,CODAP,SETUP,MEDIUM
Marco,codap_21apr,frame_0062,1522.1,motion_only_fallback,6.7176,unknown,EXPLORE_DATA,,MIXED,SETUP,MEDIUM
Marco,codap_21apr,frame_0063,1525.5,motion_only_fallback,5.7317,unknown,EXPLORE_DATA,,MIXED,SETUP,MEDIUM
Marco,codap_21apr,frame_0064,1526.5,motion_only_fallback,6.5747,unknown,EXPLORE_DATA,,MIXED,SETUP,MEDIUM
Marco,codap_21apr,frame_0065,1528.9,motion_only_fallback,0.8748,unknown,EXPLORE_DATA,,MIXED,SETUP,MEDIUM
Marco,codap_21apr,frame_0066,1531.3,motion_only_fallback,7.2442,unknown,EXPLORE_DATA,,MIXED,SETUP,MEDIUM
Marco,codap_21apr,frame_0067,1559.1,motion_only_fallback,2.51,unknown,EXPLORE_DATA,,MIXED,SETUP,MEDIUM
Marco,codap_21apr,frame_0068,1560.4,motion_only_fallback,1.8756,unknown,EXPLORE_DATA,,MIXED,SETUP,MEDIUM
Marco,codap_21apr,frame_0069,1564.6,motion_only_fallback,2.5542,unknown,EXPLORE_DATA,,MIXED,SETUP,MEDIUM
Marco,codap_21apr,frame_0070,1566.9,motion_only_fallback,1.0203,unknown,EXPLORE_DATA,,MIXED,SETUP,MEDIUM
Marco,codap_21apr,frame_0071,1595.6,motion_only_fallback,1.9373,unknown,EXPLORE_DATA,,MIXED,SETUP,MEDIUM
Marco,codap_21apr,frame_0072,1600.2,motion_only_fallback,6.6404,unknown,EXPLORE_DATA,,MIXED,SETUP,MEDIUM
Marco,codap_21apr,frame_0073,1606.2,motion_only_fallback,9.6046,unknown,EVALUATE_MODEL,EXPLORE_DATA,MIXED,EVALUATING,MEDIUM
Marco,codap_21apr,frame_0074,1610.0,motion_only_fallback,1.1514,unknown,BUILD_TREE,,TREE,BUILDING,MEDIUM
Marco,codap_21apr,frame_0075,1700.0,silent_screen_gap_fill,,unknown,EVALUATE_MODEL,EXPLORE_DATA,MIXED,EVALUATING,MEDIUM
Marco,codap_21apr,frame_0076,1790.6,silent_screen_gap_fill,,unknown,EVALUATE_MODEL,EXPLORE_DATA,MIXED,EVALUATING,HIGH
Marco,codap_21apr,frame_0077,1881.0,silent_screen_gap_fill,,unknown,EVALUATE_MODEL,EXPLORE_DATA,MIXED,EVALUATING,HIGH
Marco,codap_21apr,frame_0078,1971.0,silent_screen_gap_fill,,unknown,EVALUATE_MODEL,EXPLORE_DATA,MIXED,EVALUATING,MEDIUM
Marco,codap_21apr,frame_0079,1985.6,motion_only_fallback,0.86,unknown,EVALUATE_MODEL,INTERPRET_RESULTS,MIXED,EVALUATING,HIGH
Marco,codap_21apr,frame_0080,2076.4,silent_screen_gap_fill,,unknown,EVALUATE_MODEL,,MIXED,EVALUATING,HIGH
Marco,codap_21apr,frame_0081,2097.9,motion_only_fallback,1.3846,unknown,EVALUATE_MODEL,INTERPRET_RESULTS,MIXED,EVALUATING,HIGH
Marco,codap_21apr,frame_0082,2132.4,motion_only_fallback,1.5004,unknown,EVALUATE_MODEL,EXPLORE_DATA,MIXED,EVALUATING,MEDIUM
Marco,codap_21apr,frame_0083,2222.7,silent_screen_gap_fill,,unknown,EVALUATE_MODEL,EXPLORE_DATA,MIXED,EVALUATING,MEDIUM
Marco,codap_21apr,frame_0084,2242.7,motion_only_fallback,1.7305,unknown,EVALUATE_MODEL,EXPLORE_DATA,MIXED,EVALUATING,MEDIUM
Marco,codap_21apr,frame_0085,2245.5,motion_only_fallback,0.9715,unknown,EVALUATE_MODEL,EXPLORE_DATA,MIXED,EVALUATING,HIGH
Marco,codap_21apr,frame_0086,2335.7,silent_screen_gap_fill,,unknown,EVALUATE_MODEL,EXPLORE_DATA,MIXED,EVALUATING,MEDIUM
Marco,codap_21apr,frame_0087,2426.0,silent_screen_gap_fill,,unknown,EVALUATE_MODEL,EXPLORE_DATA,MIXED,EVALUATING,MEDIUM
Marco,codap_21apr,frame_0088,2516.6,silent_screen_gap_fill,,unknown,EVALUATE_MODEL,EXPLORE_DATA,MIXED,EVALUATING,HIGH
Marco,codap_21apr,frame_0089,2607.4,silent_screen_gap_fill,,unknown,EVALUATE_MODEL,INTERPRET_RESULTS,MIXED,EVALUATING,HIGH
Marco,codap_21apr,frame_0090,2697.7,silent_screen_gap_fill,,unknown,EVALUATE_MODEL,INTERPRET_RESULTS,MIXED,EVALUATING,HIGH
Marco,codap_21apr,frame_0091,2751.5,motion_only_fallback,10.8395,unknown,EVALUATE_MODEL,EXPLORE_DATA,MIXED,EVALUATING,HIGH
Marco,codap_21apr,frame_0092,2842.0,silent_screen_gap_fill,,unknown,EVALUATE_MODEL,INTERPRET_RESULTS,MIXED,EVALUATING,HIGH
Marco,codap_21apr,frame_0093,2932.6,silent_screen_gap_fill,,unknown,EVALUATE_MODEL,EXPLORE_DATA,MIXED,EVALUATING,MEDIUM
Marco,codap_21apr,frame_0094,2943.9,motion_only_fallback,2.2228,unknown,EVALUATE_MODEL,EXPLORE_DATA,MIXED,EVALUATING,MEDIUM
Marco,codap_21apr,frame_0095,2957.8,motion_only_fallback,1.2676,unknown,EVALUATE_MODEL,INTERPRET_RESULTS,MIXED,EVALUATING,HIGH
Marco,codap_21apr,frame_0096,2982.8,motion_only_fallback,11.2405,unknown,BUILD_TREE,EVALUATE_MODEL,MIXED,BUILDING,MEDIUM
Marco,codap_21apr,frame_0097,3072.9,silent_screen_gap_fill,,unknown,COMPARE_MODELS,EXPLORE_DATA,MIXED,EVALUATING,HIGH
Marco,codap_21apr,frame_0098,3079.3,motion_only_fallback,1.3275,unknown,EVALUATE_MODEL,INTERPRET_RESULTS,MIXED,EVALUATING,MEDIUM
Marco,codap_21apr,frame_0099,3093.7,motion_only_fallback,0.9331,unknown,EVALUATE_MODEL,EXPLORE_DATA,MIXED,EVALUATING,MEDIUM
Marco,codap_21apr,frame_0100,3094.8,motion_only_fallback,1.0081,unknown,COMPARE_MODELS,BUILD_TREE,MIXED,EVALUATING,HIGH
Marco,codap_21apr,frame_0101,3108.8,motion_only_fallback,0.9053,unknown,EVALUATE_MODEL,EXPLORE_DATA,MIXED,EVALUATING,MEDIUM
Marco,codap_21apr,frame_0102,3110.6,motion_only_fallback,0.8727,unknown,TUNE_THRESHOLD,EVALUATE_MODEL,MIXED,TUNING,MEDIUM
Marco,codap_21apr,frame_0103,3129.0,motion_only_fallback,1.4433,unknown,COMPARE_MODELS,EXPLORE_DATA,MIXED,EVALUATING,HIGH
Marco,codap_21apr,frame_0104,3134.3,motion_only_fallback,0.8382,unknown,COMPARE_MODELS,BUILD_TREE,MIXED,EVALUATING,MEDIUM
Marco,codap_21apr,frame_0105,3165.9,motion_only_fallback,2.0365,unknown,EVALUATE_MODEL,EXPLORE_DATA,MIXED,EVALUATING,MEDIUM
Marco,codap_21apr,frame_0106,3170.5,motion_only_fallback,2.7695,unknown,EVALUATE_MODEL,EXPLORE_DATA,MIXED,EVALUATING,MEDIUM
Marco,codap_21apr,frame_0107,3200.4,motion_only_fallback,0.9329,unknown,COMPARE_MODELS,EXPLORE_DATA,MIXED,EVALUATING,MEDIUM
Marco,codap_21apr,frame_0108,3208.9,motion_only_fallback,1.4319,unknown,COMPARE_MODELS,EXPLORE_DATA,MIXED,EVALUATING,MEDIUM
Marco,codap_21apr,frame_0109,3298.9,silent_screen_gap_fill,,unknown,COMPARE_MODELS,EXPLORE_DATA,MIXED,EVALUATING,HIGH
Marco,codap_21apr,frame_0110,3389.3,silent_screen_gap_fill,,unknown,COMPARE_MODELS,EXPLORE_DATA,MIXED,EVALUATING,HIGH
Marco,codap_21apr,frame_0111,3401.1,motion_only_fallback,2.2882,unknown,COMPARE_MODELS,EXPLORE_DATA,MIXED,EVALUATING,MEDIUM
Marco,codap_21apr,frame_0112,3416.5,motion_only_fallback,0.9747,unknown,COMPARE_MODELS,EXPLORE_DATA,MIXED,EVALUATING,MEDIUM
Marco,codap_21apr,frame_0113,3431.1,motion_only_fallback,13.2606,unknown,COMPARE_MODELS,EXPLORE_DATA,MIXED,EVALUATING,MEDIUM
Marco,codap_21apr,frame_0114,3459.8,motion_only_fallback,1.125,unknown,COMPARE_MODELS,EXPLORE_DATA,MIXED,EVALUATING,MEDIUM
Marco,codap_21apr,frame_0115,3480.5,motion_only_fallback,0.9144,unknown,EVALUATE_MODEL,INTERPRET_RESULTS,MIXED,EVALUATING,MEDIUM
Marco,codap_21apr,frame_0116,3504.4,motion_only_fallback,11.4796,unknown,COMPARE_MODELS,EXPLORE_DATA,MIXED,EVALUATING,HIGH
Marco,codap_21apr,frame_0117,3524.2,motion_only_fallback,11.2405,unknown,TUNE_THRESHOLD,EVALUATE_MODEL,MIXED,TUNING,HIGH
Marco,codap_21apr,frame_0118,3545.7,motion_only_fallback,2.006,unknown,COMPARE_MODELS,EXPLORE_DATA,MIXED,EVALUATING,HIGH
Marco,codap_21apr,frame_0119,3566.4,motion_only_fallback,2.7047,unknown,COMPARE_MODELS,EXPLORE_DATA,MIXED,EVALUATING,MEDIUM
Marco,codap_21apr,frame_0120,3580.9,motion_only_fallback,1.3453,unknown,COMPARE_MODELS,EXPLORE_DATA,MIXED,EVALUATING,MEDIUM
Marco,codap_21apr,frame_0121,3588.7,motion_only_fallback,11.5104,unknown,COMPARE_MODELS,EXPLORE_DATA,MIXED,EVALUATING,MEDIUM
Marco,codap_21apr,frame_0122,3598.8,motion_only_fallback,1.0658,unknown,EVALUATE_MODEL,EXPLORE_DATA,MIXED,EVALUATING,MEDIUM
Marco,codap_21apr,frame_0123,3608.3,motion_only_fallback,1.7284,unknown,COMPARE_MODELS,EXPLORE_DATA,MIXED,EVALUATING,MEDIUM
Marco,codap_21apr,frame_0124,3611.4,motion_only_fallback,1.2132,unknown,COMPARE_MODELS,INTERPRET_RESULTS,MIXED,EVALUATING,HIGH
Marco,codap_21apr,frame_0125,3613.0,motion_only_fallback,1.1157,unknown,COMPARE_MODELS,COMPARE_MODELS,MIXED,EVALUATING,MEDIUM
Marco,codap_21apr,frame_0126,3646.4,motion_only_fallback,2.102,unknown,COMPARE_MODELS,EXPLORE_DATA,MIXED,EVALUATING,MEDIUM
Marco,codap_21apr,frame_0127,3666.0,motion_only_fallback,2.3432,unknown,COMPARE_MODELS,COMPARE_MODELS,MIXED,EVALUATING,HIGH
Marco,codap_21apr,frame_0128,3756.5,silent_screen_gap_fill,,unknown,COMPARE_MODELS,EVALUATE_MODEL,MIXED,EVALUATING,HIGH
Marco,codap_21apr,frame_0129,3846.9,silent_screen_gap_fill,,unknown,COMPARE_MODELS,EVALUATE_MODEL,MIXED,EVALUATING,HIGH
Marco,codap_21apr,frame_0130,3915.9,motion_only_fallback,1.1078,unknown,COMPARE_MODELS,INTERPRET_RESULTS,MIXED,EVALUATING,HIGH
Marco,codap_21apr,frame_0131,3925.7,motion_only_fallback,3.7506,unknown,EXPLORE_DATA,EVALUATE_MODEL,MIXED,SETUP,MEDIUM
Marco,codap_21apr,frame_0132,3930.7,motion_only_fallback,3.7556,unknown,EVALUATE_MODEL,EXPLORE_DATA,MIXED,EVALUATING,MEDIUM
Marco,codap_21apr,frame_0133,3932.4,motion_only_fallback,0.8343,unknown,BUILD_TREE,EVALUATE_MODEL,MIXED,BUILDING,MEDIUM
Marco,codap_21apr,frame_0134,3938.3,motion_only_fallback,0.9824,unknown,COMPARE_MODELS,EXPLORE_DATA,MIXED,EVALUATING,MEDIUM
Marco,codap_21apr,frame_0135,4028.7,silent_screen_gap_fill,,unknown,COMPARE_MODELS,EVALUATE_MODEL,MIXED,EVALUATING,HIGH
Marco,codap_21apr,frame_0136,4119.5,silent_screen_gap_fill,,unknown,COMPARE_MODELS,EXPLORE_DATA,MIXED,EVALUATING,HIGH
Marco,codap_21apr,frame_0137,4146.1,motion_only_fallback,0.8789,unknown,COMPARE_MODELS,EXPLORE_DATA,MIXED,EVALUATING,MEDIUM
Marco,codap_21apr,frame_0138,4169.1,motion_only_fallback,3.4267,unknown,TUNE_THRESHOLD,EVALUATE_MODEL,MIXED,TUNING,HIGH
Marco,codap_21apr,frame_0139,4208.1,motion_only_fallback,11.4811,unknown,COMPARE_MODELS,EXPLORE_DATA,MIXED,EVALUATING,MEDIUM
Marco,codap_21apr,frame_0140,4222.2,motion_only_fallback,11.2405,unknown,COMPARE_MODELS,BUILD_TREE,MIXED,EVALUATING,MEDIUM
Marco,codap_21apr,frame_0141,4236.9,motion_only_fallback,2.6406,unknown,COMPARE_MODELS,EXPLORE_DATA,MIXED,EVALUATING,HIGH
Marco,codap_21apr,frame_0142,4327.9,silent_screen_gap_fill,,unknown,COMPARE_MODELS,INTERPRET_RESULTS,MIXED,EVALUATING,MEDIUM
Marcus,codap_21apr,frame_0001,307.5,motion_threshold_exceeded,32.5451,teacher,OFF_TASK,,MENU,IDLE,HIGH
Marcus,codap_21apr,frame_0002,344.6,motion_threshold_exceeded,4.6128,,OFF_TASK,,MENU,IDLE,HIGH
Marcus,codap_21apr,frame_0003,346.1,motion_threshold_exceeded,5.3563,,OFF_TASK,,MIXED,IDLE,HIGH
Marcus,codap_21apr,frame_0004,349.4,motion_threshold_exceeded,12.7753,,OFF_TASK,,MIXED,IDLE,MEDIUM
Marcus,codap_21apr,frame_0005,413.8,motion_threshold_exceeded,12.4703,classmate,EXPLORE_DATA,,MENU,SETUP,MEDIUM
Marcus,codap_21apr,frame_0006,429.1,motion_threshold_exceeded,1.6015,teacher,EXPLORE_DATA,,MENU,SETUP,MEDIUM
Marcus,codap_21apr,frame_0007,437.6,motion_threshold_exceeded,3.9363,teacher,EXPLORE_DATA,,CODAP,SETUP,MEDIUM
Marcus,codap_21apr,frame_0008,438.9,speech_anchor_midpoint,,classmate,EXPLORE_DATA,,MIXED,SETUP,MEDIUM
Marcus,codap_21apr,frame_0009,447.5,motion_threshold_exceeded,1.5554,teacher,EXPLORE_DATA,,CODAP,SETUP,HIGH
Marcus,codap_21apr,frame_0010,447.8,speech_anchor_midpoint,,classmate,EXPLORE_DATA,,MIXED,SETUP,HIGH
Marcus,codap_21apr,frame_0011,462.6,motion_threshold_exceeded,2.0808,teacher,EXPLORE_DATA,,MIXED,SETUP,MEDIUM
Marcus,codap_21apr,frame_0012,553.2,codap_static_gap_fill,,unknown,EXPLORE_DATA,,CODAP,SETUP,HIGH
Marcus,codap_21apr,frame_0013,584.2,motion_threshold_exceeded,1.5716,teacher,EXPLORE_DATA,,CODAP,SETUP,HIGH
Marcus,codap_21apr,frame_0014,586.8,motion_threshold_exceeded,3.0993,teacher,EXPLORE_DATA,,CODAP,SETUP,HIGH
Marcus,codap_21apr,frame_0015,608.5,motion_threshold_exceeded,1.249,teacher,EXPLORE_DATA,,MIXED,SETUP,HIGH
Marcus,codap_21apr,frame_0016,612.2,speech_anchor_midpoint,,classmate,EXPLORE_DATA,,MIXED,SETUP,MEDIUM
Marcus,codap_21apr,frame_0017,702.4,codap_static_gap_fill,,unknown,EXPLORE_DATA,,MIXED,SETUP,HIGH
Marcus,codap_21apr,frame_0018,792.5,codap_static_gap_fill,,unknown,EXPLORE_DATA,,MIXED,SETUP,HIGH
Marcus,codap_21apr,frame_0019,882.8,codap_static_gap_fill,,unknown,EXPLORE_DATA,,MIXED,SETUP,MEDIUM
Marcus,codap_21apr,frame_0020,897.7,speech_anchor_midpoint,,classmate,EXPLORE_DATA,,MIXED,SETUP,HIGH
Marcus,codap_21apr,frame_0021,900.2,speech_anchor_midpoint,,classmate,EXPLORE_DATA,,MIXED,SETUP,HIGH
Marcus,codap_21apr,frame_0022,990.3,codap_static_gap_fill,,unknown,EXPLORE_DATA,,MIXED,SETUP,HIGH
Marcus,codap_21apr,frame_0023,1080.7,codap_static_gap_fill,,unknown,EXPLORE_DATA,,MIXED,SETUP,HIGH
Marcus,codap_21apr,frame_0024,1113.0,motion_threshold_exceeded,2.2996,teacher,EXPLORE_DATA,,MIXED,SETUP,MEDIUM
Marcus,codap_21apr,frame_0025,1115.2,motion_threshold_exceeded,1.7922,teacher,EXPLORE_DATA,,CODAP,SETUP,MEDIUM
Marcus,codap_21apr,frame_0026,1156.5,motion_threshold_exceeded,10.0039,teacher,EXPLORE_DATA,,MENU,SETUP,MEDIUM
Marcus,codap_21apr,frame_0027,1157.9,speech_anchor_midpoint,,classmate,EXPLORE_DATA,,MENU,SETUP,MEDIUM
Marcus,codap_21apr,frame_0028,1172.4,speech_anchor_midpoint,,classmate,EXPLORE_DATA,,MIXED,SETUP,HIGH
Marcus,codap_21apr,frame_0029,1262.8,codap_static_gap_fill,,unknown,EXPLORE_DATA,,MIXED,SETUP,HIGH
Marcus,codap_21apr,frame_0030,1353.4,codap_static_gap_fill,,unknown,EXPLORE_DATA,,MIXED,SETUP,HIGH
Marcus,codap_21apr,frame_0031,1384.3,speech_anchor_midpoint,,classmate,EXPLORE_DATA,,MENU,SETUP,MEDIUM
Marcus,codap_21apr,frame_0032,1385.3,speech_anchor_midpoint,,classmate,EXPLORE_DATA,,MENU,SETUP,MEDIUM
Marcus,codap_21apr,frame_0033,1386.3,speech_anchor_midpoint,,classmate,EXPLORE_DATA,,MENU,SETUP,MEDIUM
Marcus,codap_21apr,frame_0034,1389.3,speech_anchor_midpoint,,classmate,EXPLORE_DATA,,MIXED,SETUP,HIGH
Marcus,codap_21apr,frame_0035,1391.5,motion_threshold_exceeded,4.3206,teacher,EXPLORE_DATA,,MIXED,SETUP,HIGH
Marcus,codap_21apr,frame_0036,1450.4,motion_threshold_exceeded,2.5671,student,EXPLORE_DATA,,MIXED,SETUP,MEDIUM
Marcus,codap_21apr,frame_0037,1459.8,speech_anchor_midpoint,,classmate,EXPLORE_DATA,,MENU,SETUP,MEDIUM
Marcus,codap_21apr,frame_0038,1465.4,motion_threshold_exceeded,7.4925,teacher,TUNE_THRESHOLD,EXPLORE_DATA,MIXED,TUNING,MEDIUM
Marcus,codap_21apr,frame_0039,1466.3,speech_anchor_midpoint,,classmate,EXPLORE_DATA,,MIXED,SETUP,HIGH
Marcus,codap_21apr,frame_0040,1469.2,motion_threshold_exceeded,2.9832,teacher,EXPLORE_DATA,,MIXED,SETUP,MEDIUM
Marcus,codap_21apr,frame_0041,1477.2,motion_threshold_exceeded,1.2469,teacher,EXPLORE_DATA,,MIXED,SETUP,MEDIUM
Marcus,codap_21apr,frame_0042,1481.0,motion_threshold_exceeded,2.8254,teacher,EXPLORE_DATA,,MIXED,SETUP,HIGH
Marcus,codap_21apr,frame_0043,1527.9,motion_threshold_exceeded,1.5262,teacher,EXPLORE_DATA,,MENU,SETUP,MEDIUM
Marcus,codap_21apr,frame_0044,1537.9,motion_threshold_exceeded,1.526,teacher,EXPLORE_DATA,,MIXED,SETUP,HIGH
Marcus,codap_21apr,frame_0045,1546.3,speech_anchor_midpoint,,classmate,EXPLORE_DATA,,MIXED,SETUP,MEDIUM
Marcus,codap_21apr,frame_0046,1636.4,codap_static_gap_fill,,unknown,EXPLORE_DATA,,MIXED,SETUP,MEDIUM
Marcus,codap_21apr,frame_0047,1665.7,motion_threshold_exceeded,2.1098,teacher,EXPLORE_DATA,,MIXED,SETUP,MEDIUM
Marcus,codap_21apr,frame_0048,1667.1,speech_anchor_midpoint,,classmate,EXPLORE_DATA,,MIXED,SETUP,MEDIUM
Marcus,codap_21apr,frame_0049,1672.8,motion_threshold_exceeded,1.9736,teacher,EXPLORE_DATA,,MIXED,SETUP,MEDIUM
Marcus,codap_21apr,frame_0050,1674.1,motion_threshold_exceeded,1.7803,teacher,EXPLORE_DATA,,MIXED,SETUP,MEDIUM
Marcus,codap_21apr,frame_0051,1675.9,motion_threshold_exceeded,1.5386,teacher,EXPLORE_DATA,,MIXED,SETUP,MEDIUM
Marcus,codap_21apr,frame_0052,1676.1,speech_anchor_midpoint,,student,EXPLORE_DATA,,MIXED,SETUP,MEDIUM
Marcus,codap_21apr,frame_0053,1734.0,motion_threshold_exceeded,2.2371,teacher,EXPLORE_DATA,,MIXED,SETUP,MEDIUM
Marcus,codap_21apr,frame_0054,1742.3,motion_threshold_exceeded,4.6541,classmate,EXPLORE_DATA,,MIXED,SETUP,HIGH
Marcus,codap_21apr,frame_0055,1749.2,motion_threshold_exceeded,1.4182,student,EXPLORE_DATA,,MIXED,SETUP,MEDIUM
Marcus,codap_21apr,frame_0056,1750.5,motion_threshold_exceeded,2.1314,classmate,EXPLORE_DATA,,MIXED,SETUP,MEDIUM
Marcus,codap_21apr,frame_0057,1753.0,speech_anchor_midpoint,,classmate,EXPLORE_DATA,,MIXED,SETUP,MEDIUM
Marcus,codap_21apr,frame_0058,1758.4,speech_anchor_midpoint,,classmate,EXPLORE_DATA,,MIXED,SETUP,MEDIUM
Marcus,codap_21apr,frame_0059,1763.2,motion_threshold_exceeded,2.8951,teacher,EXPLORE_DATA,,MIXED,SETUP,MEDIUM
Marcus,codap_21apr,frame_0060,1772.1,motion_threshold_exceeded,1.3669,teacher,EXPLORE_DATA,,CODAP,SETUP,MEDIUM
Marcus,codap_21apr,frame_0061,1772.4,speech_anchor_midpoint,,classmate,EXPLORE_DATA,,MIXED,SETUP,MEDIUM
Marcus,codap_21apr,frame_0062,1775.9,motion_threshold_exceeded,10.0214,teacher,EXPLORE_DATA,,CODAP,SETUP,MEDIUM
Marcus,codap_21apr,frame_0063,1777.4,motion_threshold_exceeded,13.6443,teacher,EXPLORE_DATA,,CODAP,SETUP,MEDIUM
Marcus,codap_21apr,frame_0064,1778.8,motion_threshold_exceeded,5.2704,teacher,EXPLORE_DATA,,CODAP,SETUP,MEDIUM
Marcus,codap_21apr,frame_0065,1827.4,speech_anchor_midpoint,,classmate,EXPLORE_DATA,,CODAP,SETUP,MEDIUM
Marcus,codap_21apr,frame_0066,1829.7,motion_threshold_exceeded,13.6447,teacher,EXPLORE_DATA,,CODAP,SETUP,MEDIUM
Marcus,codap_21apr,frame_0067,1834.0,motion_threshold_exceeded,12.3482,teacher,EXPLORE_DATA,,CODAP,SETUP,MEDIUM
Marcus,codap_21apr,frame_0068,1835.2,speech_anchor_midpoint,,classmate,EXPLORE_DATA,,MENU,SETUP,MEDIUM
Marcus,codap_21apr,frame_0069,1838.3,motion_threshold_exceeded,5.2724,teacher,EXPLORE_DATA,,CODAP,SETUP,MEDIUM
Marcus,codap_21apr,frame_0070,1848.0,motion_threshold_exceeded,4.0193,teacher,EXPLORE_DATA,,MIXED,SETUP,MEDIUM
Marcus,codap_21apr,frame_0071,1850.4,motion_threshold_exceeded,1.7955,teacher,EXPLORE_DATA,,MIXED,SETUP,MEDIUM
Marcus,codap_21apr,frame_0072,1855.3,speech_anchor_midpoint,,classmate,EXPLORE_DATA,,MIXED,SETUP,MEDIUM
Marcus,codap_21apr,frame_0073,1857.2,motion_threshold_exceeded,2.1464,teacher,EXPLORE_DATA,,MIXED,SETUP,MEDIUM
Marcus,codap_21apr,frame_0074,1864.1,motion_threshold_exceeded,1.6302,teacher,EXPLORE_DATA,,MIXED,SETUP,MEDIUM
Marcus,codap_21apr,frame_0075,1867.1,speech_anchor_midpoint,,teacher,EXPLORE_DATA,SELECT_TARGET,MIXED,SETUP,MEDIUM
Marcus,codap_21apr,frame_0076,1872.9,motion_threshold_exceeded,1.9531,teacher,EXPLORE_DATA,,MIXED,SETUP,MEDIUM
Marcus,codap_21apr,frame_0077,1873.2,speech_anchor_midpoint,,student,EXPLORE_DATA,SELECT_TARGET,MIXED,SETUP,MEDIUM
Marcus,codap_21apr,frame_0078,1877.3,speech_anchor_midpoint,,classmate,EXPLORE_DATA,,MIXED,SETUP,MEDIUM
Marcus,codap_21apr,frame_0079,1881.3,speech_anchor_midpoint,,classmate,EXPLORE_DATA,,MIXED,SETUP,MEDIUM
Marcus,codap_21apr,frame_0080,1898.2,motion_threshold_exceeded,1.358,teacher,EXPLORE_DATA,,MIXED,SETUP,MEDIUM
Marcus,codap_21apr,frame_0081,1899.2,motion_threshold_exceeded,1.5351,teacher,EXPLORE_DATA,,MIXED,SETUP,MEDIUM
Marcus,codap_21apr,frame_0082,1904.2,speech_anchor_midpoint,,classmate,EXPLORE_DATA,,MIXED,SETUP,MEDIUM
Marcus,codap_21apr,frame_0083,1906.1,speech_anchor_midpoint,,classmate,EXPLORE_DATA,,MIXED,SETUP,MEDIUM
Marcus,codap_21apr,frame_0084,1907.6,motion_threshold_exceeded,1.2361,teacher,EXPLORE_DATA,,MIXED,SETUP,MEDIUM
Marcus,codap_21apr,frame_0085,1918.6,motion_threshold_exceeded,12.3546,teacher,EXPLORE_DATA,,MIXED,SETUP,MEDIUM
Marcus,codap_21apr,frame_0086,1925.9,motion_threshold_exceeded,1.5106,student,EXPLORE_DATA,,MIXED,SETUP,MEDIUM
Marcus,codap_21apr,frame_0087,1929.9,motion_threshold_exceeded,12.3586,teacher,EXPLORE_DATA,,MIXED,SETUP,MEDIUM
Marcus,codap_21apr,frame_0088,1930.2,speech_anchor_midpoint,,classmate,EXPLORE_DATA,,MENU,SETUP,MEDIUM
Marcus,codap_21apr,frame_0089,1932.1,speech_anchor_midpoint,,teacher,EXPLORE_DATA,,MIXED,SETUP,MEDIUM
Marcus,codap_21apr,frame_0090,1939.0,motion_threshold_exceeded,12.8752,teacher,EXPLORE_DATA,,MIXED,SETUP,MEDIUM
Marcus,codap_21apr,frame_0091,1940.1,speech_anchor_midpoint,,classmate,EXPLORE_DATA,,MIXED,SETUP,MEDIUM
Marcus,codap_21apr,frame_0092,1953.0,motion_threshold_exceeded,1.5488,teacher,EXPLORE_DATA,SELECT_TARGET,MIXED,SETUP,MEDIUM
Marcus,codap_21apr,frame_0093,1953.2,motion_threshold_exceeded,1.5245,teacher,EXPLORE_DATA,,MIXED,SETUP,HIGH
Marcus,codap_21apr,frame_0094,1954.1,speech_anchor_midpoint,,teacher,EXPLORE_DATA,,MIXED,SETUP,HIGH
Marcus,codap_21apr,frame_0095,1956.2,speech_anchor_midpoint,,teacher,EXPLORE_DATA,,MIXED,SETUP,HIGH
Marcus,codap_21apr,frame_0096,1958.4,motion_threshold_exceeded,12.4132,student,EXPLORE_DATA,,MENU,SETUP,MEDIUM
Marcus,codap_21apr,frame_0097,1960.1,motion_threshold_exceeded,12.3715,teacher,EXPLORE_DATA,,MIXED,SETUP,HIGH
Marcus,codap_21apr,frame_0098,1962.6,motion_threshold_exceeded,15.104,teacher,EXPLORE_DATA,,MIXED,SETUP,MEDIUM
Marcus,codap_21apr,frame_0099,2053.0,codap_static_gap_fill,,unknown,EXPLORE_DATA,,MIXED,SETUP,HIGH
Marcus,codap_21apr,frame_0100,2115.8,motion_threshold_exceeded,2.4468,teacher,EXPLORE_DATA,,MIXED,SETUP,HIGH
Marcus,codap_21apr,frame_0101,2117.1,motion_threshold_exceeded,11.18,teacher,EXPLORE_DATA,,MIXED,SETUP,HIGH
Marcus,codap_21apr,frame_0102,2124.7,motion_threshold_exceeded,13.4066,teacher,EXPLORE_DATA,,MIXED,SETUP,HIGH
Marcus,codap_21apr,frame_0103,2126.7,speech_anchor_midpoint,,teacher,EXPLORE_DATA,,MIXED,SETUP,MEDIUM
Marcus,codap_21apr,frame_0104,2128.2,speech_anchor_midpoint,,teacher,EXPLORE_DATA,SELECT_TARGET,MIXED,SETUP,MEDIUM
Marcus,codap_21apr,frame_0105,2131.6,motion_threshold_exceeded,5.9001,teacher,EXPLORE_DATA,,MIXED,SETUP,HIGH
Marcus,codap_21apr,frame_0106,2162.2,speech_anchor_midpoint,,classmate,EXPLORE_DATA,,MIXED,SETUP,HIGH
Marcus,codap_21apr,frame_0107,2163.8,motion_threshold_exceeded,4.2845,teacher,EXPLORE_DATA,,MIXED,SETUP,MEDIUM
Marcus,codap_21apr,frame_0108,2210.6,speech_anchor_midpoint,,teacher,EXPLORE_DATA,,MIXED,SETUP,HIGH
Marcus,codap_21apr,frame_0109,2211.6,motion_threshold_exceeded,1.6422,teacher,EXPLORE_DATA,,MIXED,SETUP,HIGH
Marcus,codap_21apr,frame_0110,2220.1,speech_anchor_midpoint,,teacher,EXPLORE_DATA,,MIXED,SETUP,HIGH
Marcus,codap_21apr,frame_0111,2225.0,speech_anchor_midpoint,,classmate,EXPLORE_DATA,,MIXED,SETUP,HIGH
Marcus,codap_21apr,frame_0112,2231.1,motion_threshold_exceeded,1.3806,teacher,EXPLORE_DATA,,MIXED,SETUP,MEDIUM
Marcus,codap_21apr,frame_0113,2240.2,speech_anchor_midpoint,,classmate,EXPLORE_DATA,SELECT_TARGET,MIXED,SETUP,MEDIUM
Marcus,codap_21apr,frame_0114,2243.1,speech_anchor_midpoint,,classmate,EXPLORE_DATA,,MIXED,SETUP,HIGH
Marcus,codap_21apr,frame_0115,2294.9,motion_threshold_exceeded,14.3397,teacher,EXPLORE_DATA,,MENU,SETUP,MEDIUM
Marcus,codap_21apr,frame_0116,2296.4,speech_anchor_midpoint,,classmate,EXPLORE_DATA,,MIXED,SETUP,MEDIUM
Marcus,codap_21apr,frame_0117,2297.5,motion_threshold_exceeded,14.4599,teacher,EXPLORE_DATA,,MENU,SETUP,MEDIUM
Marcus,codap_21apr,frame_0118,2298.1,speech_anchor_midpoint,,classmate,OFF_TASK,,MENU,IDLE,MEDIUM
Marcus,codap_21apr,frame_0119,2300.4,motion_threshold_exceeded,14.407,student,EXPLORE_DATA,,MIXED,SETUP,MEDIUM
Marcus,codap_21apr,frame_0120,2337.7,motion_threshold_exceeded,1.909,teacher,BUILD_TREE,EXPLORE_DATA,MIXED,BUILDING,HIGH
Marcus,codap_21apr,frame_0121,2338.2,speech_anchor_midpoint,,teacher,BUILD_TREE,EXPLORE_DATA,MIXED,BUILDING,HIGH
Marcus,codap_21apr,frame_0122,2342.8,speech_anchor_midpoint,,teacher,BUILD_TREE,EXPLORE_DATA,MIXED,BUILDING,MEDIUM
Marcus,codap_21apr,frame_0123,2433.6,codap_static_gap_fill,,unknown,TUNE_THRESHOLD,EXPLORE_DATA,MIXED,TUNING,MEDIUM
Marcus,codap_21apr,frame_0124,2524.1,codap_static_gap_fill,,unknown,TUNE_THRESHOLD,EXPLORE_DATA,MIXED,TUNING,MEDIUM
Marcus,codap_21apr,frame_0125,2596.2,speech_anchor_midpoint,,classmate,TUNE_THRESHOLD,EXPLORE_DATA,MIXED,TUNING,MEDIUM
Marcus,codap_21apr,frame_0126,2600.1,speech_anchor_midpoint,,teacher,EXPLORE_DATA,,MENU,SETUP,MEDIUM
Marcus,codap_21apr,frame_0127,2614.5,speech_anchor_midpoint,,classmate,TUNE_THRESHOLD,EXPLORE_DATA,MIXED,TUNING,MEDIUM
Marcus,codap_21apr,frame_0128,2620.1,speech_anchor_midpoint,,classmate,EVALUATE_MODEL,EXPLORE_DATA,MIXED,EVALUATING,MEDIUM
Marcus,codap_21apr,frame_0129,2626.6,motion_threshold_exceeded,3.033,student,EVALUATE_MODEL,EXPLORE_DATA,MIXED,EVALUATING,MEDIUM
Marcus,codap_21apr,frame_0130,2628.2,speech_anchor_midpoint,,classmate,TUNE_THRESHOLD,EXPLORE_DATA,MIXED,TUNING,MEDIUM
Marcus,codap_21apr,frame_0131,2634.2,speech_anchor_midpoint,,teacher,EVALUATE_MODEL,EXPLORE_DATA,MIXED,EVALUATING,MEDIUM
Marcus,codap_21apr,frame_0132,2636.1,speech_anchor_midpoint,,classmate,TUNE_THRESHOLD,EXPLORE_DATA,MIXED,TUNING,MEDIUM
Marcus,codap_21apr,frame_0133,2726.2,codap_static_gap_fill,,unknown,EVALUATE_MODEL,EXPLORE_DATA,MIXED,EVALUATING,MEDIUM
Marcus,codap_21apr,frame_0134,2750.9,motion_threshold_exceeded,8.0608,teacher,TUNE_THRESHOLD,EXPLORE_DATA,MIXED,TUNING,MEDIUM
Marcus,codap_21apr,frame_0135,2751.2,motion_threshold_exceeded,1.2504,teacher,EVALUATE_MODEL,EXPLORE_DATA,MIXED,EVALUATING,MEDIUM
Marcus,codap_21apr,frame_0136,2752.9,speech_anchor_midpoint,,classmate,EVALUATE_MODEL,EXPLORE_DATA,MIXED,EVALUATING,HIGH
Marcus,codap_21apr,frame_0137,2763.3,motion_threshold_exceeded,2.0951,,EVALUATE_MODEL,EXPLORE_DATA,MIXED,EVALUATING,MEDIUM
Marcus,codap_21apr,frame_0138,2764.4,motion_threshold_exceeded,2.1231,,EVALUATE_MODEL,EXPLORE_DATA,MIXED,EVALUATING,HIGH
Marcus,codap_21apr,frame_0139,2854.8,codap_static_gap_fill,,unknown,EVALUATE_MODEL,EXPLORE_DATA,MIXED,EVALUATING,HIGH
Marcus,codap_21apr,frame_0140,2944.9,codap_static_gap_fill,,unknown,EVALUATE_MODEL,EXPLORE_DATA,MIXED,EVALUATING,HIGH
Marcus,codap_21apr,frame_0141,3035.6,codap_static_gap_fill,,unknown,EVALUATE_MODEL,EXPLORE_DATA,MIXED,EVALUATING,HIGH
Marcus,codap_21apr,frame_0142,3125.7,codap_static_gap_fill,,unknown,EVALUATE_MODEL,EXPLORE_DATA,MIXED,EVALUATING,HIGH
Marcus,codap_21apr,frame_0143,3216.7,codap_static_gap_fill,,unknown,EVALUATE_MODEL,EXPLORE_DATA,MIXED,EVALUATING,HIGH
Marcus,codap_21apr,frame_0144,3278.0,motion_threshold_exceeded,12.3463,,EVALUATE_MODEL,EXPLORE_DATA,MIXED,EVALUATING,HIGH
Marcus,codap_21apr,frame_0145,3280.0,speech_anchor_midpoint,,teacher,EVALUATE_MODEL,EXPLORE_DATA,MIXED,EVALUATING,HIGH
Marcus,codap_21apr,frame_0146,3283.2,motion_threshold_exceeded,1.7344,teacher,EVALUATE_MODEL,EXPLORE_DATA,MIXED,EVALUATING,HIGH
Marcus,codap_21apr,frame_0147,3292.6,speech_anchor_midpoint,,classmate,COMPARE_MODELS,EXPLORE_DATA,MIXED,EVALUATING,HIGH
Marcus,codap_21apr,frame_0148,3297.2,motion_threshold_exceeded,2.1024,teacher,COMPARE_MODELS,EXPLORE_DATA,MIXED,EVALUATING,MEDIUM
Marcus,codap_21apr,frame_0149,3297.7,speech_anchor_midpoint,,teacher,COMPARE_MODELS,EXPLORE_DATA,MIXED,EVALUATING,HIGH
Marcus,codap_21apr,frame_0150,3300.1,motion_threshold_exceeded,12.3655,teacher,COMPARE_MODELS,EXPLORE_DATA,MIXED,EVALUATING,MEDIUM
Marcus,codap_21apr,frame_0151,3301.5,motion_threshold_exceeded,12.3609,,COMPARE_MODELS,EXPLORE_DATA,MIXED,EVALUATING,HIGH
Marcus,codap_21apr,frame_0152,3303.4,motion_threshold_exceeded,1.5378,student,COMPARE_MODELS,EXPLORE_DATA,MIXED,EVALUATING,HIGH
Marcus,codap_21apr,frame_0153,3305.1,motion_threshold_exceeded,1.7706,teacher,COMPARE_MODELS,EXPLORE_DATA,MIXED,EVALUATING,HIGH
Marcus,codap_21apr,frame_0154,3310.4,speech_anchor_midpoint,,teacher,COMPARE_MODELS,EXPLORE_DATA,MIXED,EVALUATING,HIGH
Marcus,codap_21apr,frame_0155,3312.1,motion_threshold_exceeded,2.1094,,COMPARE_MODELS,EXPLORE_DATA,MIXED,EVALUATING,MEDIUM
Marcus,codap_21apr,frame_0156,3312.3,speech_anchor_midpoint,,teacher,COMPARE_MODELS,EXPLORE_DATA,MIXED,EVALUATING,MEDIUM
Marcus,codap_21apr,frame_0157,3317.7,motion_threshold_exceeded,1.586,teacher,COMPARE_MODELS,EXPLORE_DATA,MIXED,EVALUATING,MEDIUM
Marcus,codap_21apr,frame_0158,3319.4,speech_anchor_midpoint,,teacher,COMPARE_MODELS,EXPLORE_DATA,MIXED,EVALUATING,MEDIUM
Marcus,codap_21apr,frame_0159,3331.5,motion_threshold_exceeded,1.7571,student,COMPARE_MODELS,EXPLORE_DATA,MIXED,EVALUATING,HIGH
Marcus,codap_21apr,frame_0160,3339.7,speech_anchor_midpoint,,classmate,COMPARE_MODELS,EXPLORE_DATA,MIXED,EVALUATING,HIGH
Marcus,codap_21apr,frame_0161,3345.8,speech_anchor_midpoint,,classmate,COMPARE_MODELS,EXPLORE_DATA,MIXED,EVALUATING,HIGH
Marcus,codap_21apr,frame_0162,3346.1,motion_threshold_exceeded,1.553,,COMPARE_MODELS,EXPLORE_DATA,MIXED,EVALUATING,HIGH
Marcus,codap_21apr,frame_0163,3347.7,speech_anchor_midpoint,,classmate,COMPARE_MODELS,EXPLORE_DATA,MIXED,EVALUATING,HIGH
Marcus,codap_21apr,frame_0164,3372.9,speech_anchor_midpoint,,classmate,COMPARE_MODELS,EXPLORE_DATA,MIXED,EVALUATING,MEDIUM
Marcus,codap_21apr,frame_0165,3378.6,speech_anchor_midpoint,,classmate,COMPARE_MODELS,EXPLORE_DATA,MIXED,EVALUATING,MEDIUM
Marcus,codap_21apr,frame_0166,3382.4,motion_threshold_exceeded,13.0837,classmate,COMPARE_MODELS,EXPLORE_DATA,MIXED,EVALUATING,HIGH
Marcus,codap_21apr,frame_0167,3472.4,codap_static_gap_fill,,unknown,COMPARE_MODELS,EXPLORE_DATA,MIXED,EVALUATING,MEDIUM
Marcus,codap_21apr,frame_0168,3487.1,speech_anchor_midpoint,,teacher,COMPARE_MODELS,EXPLORE_DATA,MIXED,EVALUATING,HIGH
Marcus,codap_21apr,frame_0169,3503.2,speech_anchor_midpoint,,classmate,COMPARE_MODELS,EXPLORE_DATA,MIXED,EVALUATING,HIGH
Marcus,codap_21apr,frame_0170,3504.6,speech_anchor_midpoint,,classmate,COMPARE_MODELS,EXPLORE_DATA,MIXED,EVALUATING,HIGH
Marcus,codap_21apr,frame_0171,3594.7,codap_static_gap_fill,,unknown,COMPARE_MODELS,EXPLORE_DATA,MIXED,EVALUATING,HIGH
Marcus,codap_21apr,frame_0172,3654.6,motion_threshold_exceeded,12.587,,COMPARE_MODELS,EXPLORE_DATA,MIXED,EVALUATING,MEDIUM
Marcus,codap_21apr,frame_0173,3656.1,motion_threshold_exceeded,12.2982,,COMPARE_MODELS,EXPLORE_DATA,MIXED,EVALUATING,HIGH
Marcus,codap_21apr,frame_0174,3657.7,motion_threshold_exceeded,10.7907,,BUILD_TREE,EXPLORE_DATA,MIXED,BUILDING,MEDIUM
Marcus,codap_21apr,frame_0175,3734.5,motion_threshold_exceeded,12.7199,,COMPARE_MODELS,EXPLORE_DATA,MIXED,EVALUATING,HIGH
Marcus,codap_21apr,frame_0176,3736.5,motion_threshold_exceeded,2.4929,,COMPARE_MODELS,EXPLORE_DATA,MIXED,EVALUATING,HIGH
Marcus,codap_21apr,frame_0177,3737.9,motion_threshold_exceeded,2.2818,,COMPARE_MODELS,EXPLORE_DATA,MIXED,EVALUATING,HIGH
Marcus,codap_21apr,frame_0178,3740.9,motion_threshold_exceeded,11.673,,EVALUATE_MODEL,EXPLORE_DATA,MIXED,EVALUATING,MEDIUM
Marcus,codap_21apr,frame_0179,3771.5,speech_anchor_midpoint,,classmate,COMPARE_MODELS,EXPLORE_DATA,MIXED,EVALUATING,HIGH
Marcus,codap_21apr,frame_0180,3773.0,motion_threshold_exceeded,11.2417,teacher,BUILD_TREE,EXPLORE_DATA,MIXED,BUILDING,HIGH
Marcus,codap_21apr,frame_0181,3779.5,motion_threshold_exceeded,1.8891,teacher,COMPARE_MODELS,EXPLORE_DATA,MIXED,EVALUATING,MEDIUM
Marcus,codap_21apr,frame_0182,3782.7,speech_anchor_midpoint,,teacher,COMPARE_MODELS,EXPLORE_DATA,MIXED,EVALUATING,HIGH
Marcus,codap_21apr,frame_0183,3784.4,motion_threshold_exceeded,11.2704,teacher,COMPARE_MODELS,EXPLORE_DATA,MIXED,EVALUATING,HIGH
Marcus,codap_21apr,frame_0184,3793.9,motion_threshold_exceeded,3.0974,,COMPARE_MODELS,EXPLORE_DATA,MIXED,EVALUATING,HIGH
Marcus,codap_21apr,frame_0185,3798.4,motion_threshold_exceeded,3.0191,student,COMPARE_MODELS,EXPLORE_DATA,MIXED,EVALUATING,HIGH
Marcus,codap_21apr,frame_0186,3800.1,speech_anchor_midpoint,,classmate,COMPARE_MODELS,EXPLORE_DATA,MIXED,EVALUATING,MEDIUM
Marcus,codap_21apr,frame_0187,3803.1,speech_anchor_midpoint,,classmate,COMPARE_MODELS,EXPLORE_DATA,MIXED,EVALUATING,MEDIUM
Marcus,codap_21apr,frame_0188,3804.0,speech_anchor_midpoint,,classmate,COMPARE_MODELS,,MIXED,EVALUATING,MEDIUM
Marcus,codap_21apr,frame_0189,3806.4,speech_anchor_midpoint,,classmate,COMPARE_MODELS,EXPLORE_DATA,MIXED,EVALUATING,HIGH
Marcus,codap_21apr,frame_0190,3812.0,motion_threshold_exceeded,3.3584,teacher,TUNE_THRESHOLD,EXPLORE_DATA,MIXED,TUNING,HIGH
Marcus,codap_21apr,frame_0191,3814.2,speech_anchor_midpoint,,classmate,TUNE_THRESHOLD,COMPARE_MODELS,MIXED,TUNING,MEDIUM
Marcus,codap_21apr,frame_0192,3822.7,motion_threshold_exceeded,2.4637,teacher,COMPARE_MODELS,EXPLORE_DATA,MIXED,EVALUATING,HIGH
Marcus,codap_21apr,frame_0193,3840.0,motion_threshold_exceeded,1.8057,,COMPARE_MODELS,EXPLORE_DATA,MIXED,EVALUATING,HIGH
Marcus,codap_21apr,frame_0194,3846.1,motion_threshold_exceeded,2.2728,,COMPARE_MODELS,EXPLORE_DATA,MIXED,EVALUATING,MEDIUM
Marcus,codap_21apr,frame_0195,3876.5,motion_threshold_exceeded,12.075,,BUILD_TREE,EXPLORE_DATA,MIXED,BUILDING,MEDIUM
Marcus,codap_21apr,frame_0196,3883.8,motion_threshold_exceeded,3.0262,,BUILD_TREE,EXPLORE_DATA,MIXED,BUILDING,MEDIUM
Marcus,codap_21apr,frame_0197,3886.0,motion_threshold_exceeded,1.9686,,EXPLORE_DATA,,MENU,SETUP,MEDIUM
Marcus,codap_21apr,frame_0198,3887.6,motion_threshold_exceeded,6.7276,,BUILD_TREE,EXPLORE_DATA,MIXED,BUILDING,MEDIUM
Marcus,codap_21apr,frame_0199,3905.2,motion_threshold_exceeded,12.3459,,BUILD_TREE,EXPLORE_DATA,MIXED,BUILDING,MEDIUM
Marcus,codap_21apr,frame_0200,3912.5,motion_threshold_exceeded,1.3711,,BUILD_TREE,EXPLORE_DATA,MIXED,BUILDING,MEDIUM
Marcus,codap_21apr,frame_0201,3914.8,motion_threshold_exceeded,1.5534,,BUILD_TREE,EXPLORE_DATA,MIXED,BUILDING,MEDIUM
Marcus,codap_21apr,frame_0202,3944.8,motion_threshold_exceeded,1.4346,teacher,BUILD_TREE,EXPLORE_DATA,MIXED,BUILDING,MEDIUM
Marcus,codap_21apr,frame_0203,3951.1,motion_threshold_exceeded,1.249,teacher,BUILD_TREE,EXPLORE_DATA,MIXED,BUILDING,MEDIUM
Marcus,codap_21apr,frame_0204,3955.1,speech_anchor_midpoint,,classmate,BUILD_TREE,EXPLORE_DATA,MIXED,BUILDING,MEDIUM
Marcus,codap_21apr,frame_0205,3999.1,motion_threshold_exceeded,2.4199,,COMPARE_MODELS,EXPLORE_DATA,MIXED,EVALUATING,HIGH
Marcus,codap_21apr,frame_0206,4015.8,speech_anchor_midpoint,,teacher,COMPARE_MODELS,EXPLORE_DATA,MIXED,EVALUATING,HIGH
Marcus,codap_21apr,frame_0207,4041.5,motion_threshold_exceeded,8.5367,classmate,COMPARE_MODELS,EXPLORE_DATA,MIXED,EVALUATING,MEDIUM
Marcus,codap_21apr,frame_0208,4044.1,motion_threshold_exceeded,3.7419,classmate,COMPARE_MODELS,EXPLORE_DATA,MIXED,EVALUATING,HIGH
Marcus,codap_21apr,frame_0209,4046.3,motion_threshold_exceeded,2.0245,classmate,COMPARE_MODELS,EXPLORE_DATA,MIXED,EVALUATING,HIGH
Marcus,codap_21apr,frame_0210,4046.6,speech_anchor_midpoint,,classmate,COMPARE_MODELS,EXPLORE_DATA,MIXED,EVALUATING,HIGH
Marcus,codap_21apr,frame_0211,4049.9,motion_threshold_exceeded,3.2589,classmate,COMPARE_MODELS,EXPLORE_DATA,MIXED,EVALUATING,HIGH
Marcus,codap_21apr,frame_0212,4051.0,speech_anchor_midpoint,,classmate,COMPARE_MODELS,EXPLORE_DATA,MIXED,EVALUATING,MEDIUM
Marcus,codap_21apr,frame_0213,4052.1,motion_threshold_exceeded,1.9298,classmate,COMPARE_MODELS,EXPLORE_DATA,MIXED,EVALUATING,HIGH
Marcus,codap_21apr,frame_0214,4057.5,speech_anchor_midpoint,,classmate,COMPARE_MODELS,EXPLORE_DATA,MIXED,EVALUATING,MEDIUM
Marcus,codap_21apr,frame_0215,4080.6,speech_anchor_midpoint,,student,COMPARE_MODELS,EXPLORE_DATA,MIXED,EVALUATING,MEDIUM
Marcus,codap_21apr,frame_0216,4096.6,motion_threshold_exceeded,1.5637,teacher,COMPARE_MODELS,EXPLORE_DATA,MIXED,EVALUATING,HIGH
Marcus,codap_21apr,frame_0217,4187.1,codap_static_gap_fill,,unknown,COMPARE_MODELS,EXPLORE_DATA,MIXED,EVALUATING,HIGH
Marcus,codap_21apr,frame_0218,4277.2,codap_static_gap_fill,,unknown,COMPARE_MODELS,EXPLORE_DATA,MIXED,EVALUATING,HIGH
Marcus,codap_21apr,frame_0219,4367.3,codap_static_gap_fill,,unknown,COMPARE_MODELS,EXPLORE_DATA,MIXED,EVALUATING,MEDIUM
Marcus,codap_21apr,frame_0220,4414.9,motion_threshold_exceeded,1.4624,teacher,COMPARE_MODELS,EXPLORE_DATA,MIXED,EVALUATING,HIGH
Marcus,codap_21apr,frame_0221,4416.5,speech_anchor_midpoint,,classmate,COMPARE_MODELS,EXPLORE_DATA,MIXED,EVALUATING,HIGH
Marcus,codap_21apr,frame_0222,4429.2,motion_threshold_exceeded,1.6983,teacher,COMPARE_MODELS,EXPLORE_DATA,MIXED,EVALUATING,HIGH
Marcus,codap_21apr,frame_0223,4430.6,speech_anchor_midpoint,,classmate,COMPARE_MODELS,EXPLORE_DATA,MIXED,EVALUATING,HIGH
Marcus,codap_21apr,frame_0224,4521.4,codap_static_gap_fill,,unknown,COMPARE_MODELS,EXPLORE_DATA,MIXED,EVALUATING,HIGH
Marcus,codap_21apr,frame_0225,4611.9,codap_static_gap_fill,,unknown,COMPARE_MODELS,EXPLORE_DATA,MIXED,EVALUATING,HIGH
Marcus,codap_21apr,frame_0226,4702.0,codap_static_gap_fill,,unknown,COMPARE_MODELS,EXPLORE_DATA,MIXED,EVALUATING,HIGH
Marcus,codap_21apr,frame_0227,4728.3,motion_threshold_exceeded,2.6809,student,COMPARE_MODELS,EXPLORE_DATA,MIXED,EVALUATING,HIGH
Marcus,codap_21apr,frame_0228,4730.6,speech_anchor_midpoint,,teacher,COMPARE_MODELS,EXPLORE_DATA,MIXED,EVALUATING,MEDIUM
Marcus,codap_21apr,frame_0229,4735.0,motion_threshold_exceeded,13.5392,student,COMPARE_MODELS,EXPLORE_DATA,MIXED,EVALUATING,HIGH
Marcus,codap_21apr,frame_0230,4738.0,motion_threshold_exceeded,12.7899,teacher,COMPARE_MODELS,EXPLORE_DATA,MIXED,EVALUATING,HIGH
Marcus,codap_21apr,frame_0231,4786.8,speech_anchor_midpoint,,classmate,COMPARE_MODELS,EXPLORE_DATA,MIXED,EVALUATING,HIGH
Marcus,codap_21apr,frame_0232,4804.2,motion_threshold_exceeded,3.8949,teacher,COMPARE_MODELS,EXPLORE_DATA,MIXED,EVALUATING,HIGH
Marcus,codap_21apr,frame_0233,4804.5,speech_anchor_midpoint,,teacher,COMPARE_MODELS,EXPLORE_DATA,MIXED,EVALUATING,MEDIUM
Marcus,codap_21apr,frame_0234,4808.6,speech_anchor_midpoint,,teacher,BUILD_TREE,,MIXED,BUILDING,MEDIUM
Marcus,codap_21apr,frame_0235,4811.5,motion_threshold_exceeded,1.2903,teacher,BUILD_TREE,EXPLORE_DATA,MIXED,BUILDING,MEDIUM
Marcus,codap_21apr,frame_0236,4812.5,speech_anchor_midpoint,,teacher,BUILD_TREE,EXPLORE_DATA,MIXED,BUILDING,MEDIUM
Marcus,codap_21apr,frame_0237,4820.4,motion_threshold_exceeded,12.3561,teacher,BUILD_TREE,EXPLORE_DATA,MIXED,BUILDING,MEDIUM
Marcus,codap_21apr,frame_0238,4822.5,speech_anchor_midpoint,,classmate,BUILD_TREE,EXPLORE_DATA,MIXED,BUILDING,MEDIUM
Marcus,codap_21apr,frame_0239,4862.0,motion_threshold_exceeded,12.93,,TUNE_THRESHOLD,,MIXED,TUNING,MEDIUM
Marcus,codap_21apr,frame_0240,4868.3,motion_threshold_exceeded,2.1933,teacher,BUILD_TREE,EXPLORE_DATA,MIXED,BUILDING,MEDIUM
Marcus,codap_21apr,frame_0241,4958.3,codap_static_gap_fill,,unknown,COMPARE_MODELS,EXPLORE_DATA,MIXED,EVALUATING,HIGH
Marcus,codap_21apr,frame_0242,5052.3,codap_static_gap_fill,,unknown,COMPARE_MODELS,EXPLORE_DATA,MIXED,EVALUATING,MEDIUM
Marcus,codap_21apr,frame_0243,5065.9,motion_threshold_exceeded,9.4672,classmate,COMPARE_MODELS,EXPLORE_DATA,MIXED,EVALUATING,MEDIUM
Marcus,codap_21apr,frame_0244,5069.0,motion_threshold_exceeded,69.941,classmate,EVALUATE_MODEL,,MIXED,EVALUATING,MEDIUM
Marcus,codap_21apr,frame_0245,5083.6,motion_threshold_exceeded,5.5272,teacher,EXPLORE_DATA,,MENU,SETUP,MEDIUM
Marcus,codap_21apr,frame_0246,5083.8,motion_threshold_exceeded,3.2051,teacher,EXPLORE_DATA,,MENU,SETUP,MEDIUM
Marcus,codap_21apr,frame_0247,5084.8,speech_anchor_midpoint,,teacher,OFF_TASK,,MIXED,IDLE,MEDIUM
Marcus,codap_21apr,frame_0248,5085.8,motion_threshold_exceeded,1.6298,teacher,OFF_TASK,,MENU,IDLE,MEDIUM
Marcus,codap_21apr,frame_0249,5131.9,motion_threshold_exceeded,13.2027,,OFF_TASK,,MIXED,IDLE,MEDIUM
Marcus,codap_21apr,frame_0250,5133.0,motion_threshold_exceeded,1.8939,,EXPLORE_DATA,,MENU,SETUP,MEDIUM
Marcus,codap_21apr,frame_0251,5145.1,motion_threshold_exceeded,1.8935,,EXPLORE_DATA,COMPARE_MODELS,MENU,SETUP,MEDIUM
Marcus,codap_21apr,frame_0252,5146.1,motion_threshold_exceeded,1.8926,,EXPLORE_DATA,,MENU,SETUP,MEDIUM
Marcus,codap_21apr,frame_0253,5148.0,motion_threshold_exceeded,70.1983,student,COMPARE_MODELS,EXPLORE_DATA,MIXED,EVALUATING,HIGH
Marcus,codap_21apr,frame_0254,5153.4,motion_threshold_exceeded,6.8275,student,COMPARE_MODELS,EXPLORE_DATA,MIXED,EVALUATING,HIGH
Marcus,codap_21apr,frame_0255,5185.3,motion_threshold_exceeded,31.8814,,COMPARE_MODELS,EXPLORE_DATA,MIXED,EVALUATING,MEDIUM
Marcus,codap_21apr,frame_0256,5186.5,motion_threshold_exceeded,2.6501,teacher,COMPARE_MODELS,EXPLORE_DATA,MIXED,EVALUATING,MEDIUM
Nadia,codap_21apr,frame_0001,81.9,motion_only_fallback,1.788,unknown,EXPLORE_DATA,,TREE,SETUP,MEDIUM
Nadia,codap_21apr,frame_0002,447.6,silent_screen_gap_fill,,unknown,EXPLORE_DATA,,TREE,SETUP,MEDIUM
Nadia,codap_21apr,frame_0003,450.3,motion_only_fallback,0.8924,unknown,EXPLORE_DATA,,CODAP,SETUP,HIGH
Nadia,codap_21apr,frame_0004,451.8,motion_only_fallback,2.7517,unknown,EXPLORE_DATA,,CODAP,SETUP,HIGH
Nadia,codap_21apr,frame_0005,465.3,motion_only_fallback,0.8123,unknown,EXPLORE_DATA,,CODAP,SETUP,HIGH
Nadia,codap_21apr,frame_0006,513.0,motion_only_fallback,1.4948,unknown,EXPLORE_DATA,,CODAP,SETUP,HIGH
Nadia,codap_21apr,frame_0007,603.5,silent_screen_gap_fill,,unknown,EXPLORE_DATA,,MIXED,SETUP,HIGH
Nadia,codap_21apr,frame_0008,636.9,motion_only_fallback,1.413,unknown,EXPLORE_DATA,,MIXED,SETUP,HIGH
Nadia,codap_21apr,frame_0009,640.4,motion_only_fallback,3.1593,unknown,EXPLORE_DATA,,MIXED,SETUP,MEDIUM
Nadia,codap_21apr,frame_0010,648.1,motion_only_fallback,0.9759,unknown,EXPLORE_DATA,,CODAP,SETUP,HIGH
Nadia,codap_21apr,frame_0011,650.2,motion_only_fallback,2.9875,unknown,EXPLORE_DATA,,MIXED,SETUP,HIGH
Nadia,codap_21apr,frame_0012,686.5,motion_only_fallback,2.565,unknown,EXPLORE_DATA,,MIXED,SETUP,HIGH
Nadia,codap_21apr,frame_0013,777.5,silent_screen_gap_fill,,unknown,EXPLORE_DATA,,MIXED,SETUP,HIGH
Nadia,codap_21apr,frame_0014,860.6,motion_only_fallback,6.5802,unknown,EXPLORE_DATA,,MIXED,SETUP,HIGH
Nadia,codap_21apr,frame_0015,866.5,motion_only_fallback,2.5392,unknown,EXPLORE_DATA,,MIXED,SETUP,HIGH
Nadia,codap_21apr,frame_0016,948.3,motion_only_fallback,0.9269,unknown,EXPLORE_DATA,,MIXED,SETUP,HIGH
Nadia,codap_21apr,frame_0017,958.5,motion_only_fallback,2.826,unknown,EXPLORE_DATA,,MIXED,SETUP,HIGH
Nadia,codap_21apr,frame_0018,983.1,motion_only_fallback,1.5606,unknown,EXPLORE_DATA,,MIXED,SETUP,HIGH
Nadia,codap_21apr,frame_0019,997.9,motion_only_fallback,1.9279,unknown,EXPLORE_DATA,,MIXED,SETUP,HIGH
Nadia,codap_21apr,frame_0020,1009.7,motion_only_fallback,10.31,unknown,EXPLORE_DATA,,MIXED,SETUP,HIGH
Nadia,codap_21apr,frame_0021,1010.9,motion_only_fallback,0.9838,unknown,EXPLORE_DATA,,MIXED,SETUP,HIGH
Nadia,codap_21apr,frame_0022,1014.6,motion_only_fallback,0.8704,unknown,EXPLORE_DATA,,MIXED,SETUP,HIGH
Nadia,codap_21apr,frame_0023,1022.1,motion_only_fallback,10.336,unknown,EXPLORE_DATA,,MIXED,SETUP,HIGH
Nadia,codap_21apr,frame_0024,1027.9,motion_only_fallback,0.8902,unknown,EXPLORE_DATA,,MIXED,SETUP,HIGH
Nadia,codap_21apr,frame_0025,1037.1,motion_only_fallback,3.0702,unknown,EXPLORE_DATA,,CODAP,SETUP,HIGH
Nadia,codap_21apr,frame_0026,1038.4,motion_only_fallback,0.8146,unknown,EXPLORE_DATA,,MIXED,SETUP,HIGH
Nadia,codap_21apr,frame_0027,1046.4,motion_only_fallback,0.9028,unknown,EXPLORE_DATA,,MIXED,SETUP,HIGH
Nadia,codap_21apr,frame_0028,1082.2,motion_only_fallback,0.9198,unknown,EXPLORE_DATA,SELECT_TARGET,MIXED,SETUP,MEDIUM
Nadia,codap_21apr,frame_0029,1083.3,motion_only_fallback,0.8862,unknown,EXPLORE_DATA,,MIXED,SETUP,HIGH
Nadia,codap_21apr,frame_0030,1090.2,motion_only_fallback,2.137,unknown,EXPLORE_DATA,,MIXED,SETUP,HIGH
Nadia,codap_21apr,frame_0031,1091.5,motion_only_fallback,13.5966,unknown,EXPLORE_DATA,,MIXED,SETUP,HIGH
Nadia,codap_21apr,frame_0032,1097.0,motion_only_fallback,2.566,unknown,EXPLORE_DATA,,MIXED,SETUP,HIGH
Nadia,codap_21apr,frame_0033,1156.6,motion_only_fallback,13.6146,unknown,EXPLORE_DATA,,MIXED,SETUP,HIGH
Nadia,codap_21apr,frame_0034,1160.4,motion_only_fallback,2.9871,unknown,EXPLORE_DATA,,MIXED,SETUP,HIGH
Nadia,codap_21apr,frame_0035,1162.1,motion_only_fallback,0.9595,unknown,EXPLORE_DATA,,MIXED,SETUP,HIGH
Nadia,codap_21apr,frame_0036,1165.7,motion_only_fallback,1.1069,unknown,EXPLORE_DATA,,MIXED,SETUP,HIGH
Nadia,codap_21apr,frame_0037,1167.7,motion_only_fallback,0.939,unknown,EXPLORE_DATA,,MIXED,SETUP,HIGH
Nadia,codap_21apr,frame_0038,1171.2,motion_only_fallback,0.9967,unknown,EXPLORE_DATA,,MIXED,SETUP,HIGH
Nadia,codap_21apr,frame_0039,1176.0,motion_only_fallback,13.6231,unknown,EXPLORE_DATA,,MIXED,SETUP,HIGH
Nadia,codap_21apr,frame_0040,1180.0,motion_only_fallback,1.0237,unknown,EXPLORE_DATA,,MIXED,SETUP,HIGH
Nadia,codap_21apr,frame_0041,1270.7,silent_screen_gap_fill,,unknown,EXPLORE_DATA,,MIXED,SETUP,HIGH
Nadia,codap_21apr,frame_0042,1361.1,silent_screen_gap_fill,,unknown,EXPLORE_DATA,,MIXED,SETUP,HIGH
Nadia,codap_21apr,frame_0043,1402.1,motion_only_fallback,2.6869,unknown,EXPLORE_DATA,,MIXED,SETUP,MEDIUM
Nadia,codap_21apr,frame_0044,1403.2,motion_only_fallback,2.7257,unknown,EXPLORE_DATA,,MIXED,SETUP,HIGH
Nadia,codap_21apr,frame_0045,1409.3,motion_only_fallback,0.941,unknown,EXPLORE_DATA,,MIXED,SETUP,MEDIUM
Nadia,codap_21apr,frame_0046,1410.4,motion_only_fallback,1.7957,unknown,EXPLORE_DATA,,MIXED,SETUP,MEDIUM
Nadia,codap_21apr,frame_0047,1411.8,motion_only_fallback,1.0085,unknown,EXPLORE_DATA,,MIXED,SETUP,MEDIUM
Nadia,codap_21apr,frame_0048,1430.2,motion_only_fallback,2.0579,unknown,EXPLORE_DATA,,MIXED,SETUP,HIGH
Nadia,codap_21apr,frame_0049,1433.5,motion_only_fallback,0.9309,unknown,EXPLORE_DATA,,MIXED,SETUP,HIGH
Nadia,codap_21apr,frame_0050,1437.1,motion_only_fallback,2.0284,unknown,EXPLORE_DATA,SELECT_TARGET,MIXED,SETUP,MEDIUM
Nadia,codap_21apr,frame_0051,1440.6,motion_only_fallback,0.9406,unknown,EXPLORE_DATA,,MIXED,SETUP,HIGH
Nadia,codap_21apr,frame_0052,1443.3,motion_only_fallback,1.718,unknown,EXPLORE_DATA,,MIXED,SETUP,MEDIUM
Nadia,codap_21apr,frame_0053,1470.1,motion_only_fallback,2.8713,unknown,EXPLORE_DATA,,MIXED,SETUP,MEDIUM
Nadia,codap_21apr,frame_0054,1560.1,silent_screen_gap_fill,,unknown,EXPLORE_DATA,,MIXED,SETUP,MEDIUM
Nadia,codap_21apr,frame_0055,1592.6,motion_only_fallback,0.9431,unknown,EXPLORE_DATA,,MIXED,SETUP,MEDIUM
Nadia,codap_21apr,frame_0056,1612.6,motion_only_fallback,5.7986,unknown,EXPLORE_DATA,,MIXED,SETUP,MEDIUM
Nadia,codap_21apr,frame_0057,1618.6,motion_only_fallback,1.114,unknown,EXPLORE_DATA,,MIXED,SETUP,MEDIUM
Nadia,codap_21apr,frame_0058,1619.6,motion_only_fallback,2.6397,unknown,EXPLORE_DATA,,CODAP,SETUP,HIGH
Nadia,codap_21apr,frame_0059,1620.9,motion_only_fallback,0.9884,unknown,EXPLORE_DATA,,CODAP,SETUP,HIGH
Nadia,codap_21apr,frame_0060,1623.6,motion_only_fallback,1.6468,unknown,EXPLORE_DATA,,CODAP,SETUP,MEDIUM
Nadia,codap_21apr,frame_0061,1624.7,motion_only_fallback,3.9753,unknown,EXPLORE_DATA,,CODAP,SETUP,MEDIUM
Nadia,codap_21apr,frame_0062,1626.9,motion_only_fallback,0.8113,unknown,EXPLORE_DATA,,CODAP,SETUP,MEDIUM
Nadia,codap_21apr,frame_0063,1629.1,motion_only_fallback,1.5347,unknown,EXPLORE_DATA,,MIXED,SETUP,MEDIUM
Nadia,codap_21apr,frame_0064,1630.1,motion_only_fallback,0.9228,unknown,EXPLORE_DATA,,MIXED,SETUP,MEDIUM
Nadia,codap_21apr,frame_0065,1632.1,motion_only_fallback,2.077,unknown,EXPLORE_DATA,,CODAP,SETUP,MEDIUM
Nadia,codap_21apr,frame_0066,1633.4,motion_only_fallback,3.8592,unknown,EXPLORE_DATA,,MIXED,SETUP,MEDIUM
Nadia,codap_21apr,frame_0067,1634.6,motion_only_fallback,2.326,unknown,EXPLORE_DATA,EXPLORE_DATA,MIXED,SETUP,MEDIUM
Nadia,codap_21apr,frame_0068,1636.6,motion_only_fallback,2.468,unknown,EXPLORE_DATA,,MIXED,SETUP,MEDIUM
Nadia,codap_21apr,frame_0069,1687.8,motion_only_fallback,7.3405,unknown,EXPLORE_DATA,,MIXED,SETUP,MEDIUM
Nadia,codap_21apr,frame_0070,1702.0,motion_only_fallback,5.2454,unknown,EXPLORE_DATA,,MIXED,SETUP,MEDIUM
Nadia,codap_21apr,frame_0071,1703.0,motion_only_fallback,3.0816,unknown,EXPLORE_DATA,,MIXED,SETUP,MEDIUM
Nadia,codap_21apr,frame_0072,1705.4,motion_only_fallback,3.7396,unknown,EXPLORE_DATA,,MIXED,SETUP,MEDIUM
Nadia,codap_21apr,frame_0073,1713.6,motion_only_fallback,2.4118,unknown,EXPLORE_DATA,,MIXED,SETUP,MEDIUM
Nadia,codap_21apr,frame_0074,1717.6,motion_only_fallback,1.7072,unknown,EXPLORE_DATA,,MIXED,SETUP,MEDIUM
Nadia,codap_21apr,frame_0075,1722.9,motion_only_fallback,9.1987,unknown,EXPLORE_DATA,,CODAP,SETUP,MEDIUM
Nadia,codap_21apr,frame_0076,1727.9,motion_only_fallback,13.4585,unknown,EXPLORE_DATA,,CODAP,SETUP,HIGH
Nadia,codap_21apr,frame_0077,1767.3,motion_only_fallback,13.4641,unknown,EXPLORE_DATA,,MIXED,SETUP,HIGH
Nadia,codap_21apr,frame_0078,1770.8,motion_only_fallback,1.3636,unknown,EXPLORE_DATA,SELECT_TARGET,MIXED,SETUP,MEDIUM
Nadia,codap_21apr,frame_0079,1772.3,motion_only_fallback,1.1701,unknown,EXPLORE_DATA,,MIXED,SETUP,MEDIUM
Nadia,codap_21apr,frame_0080,1802.8,motion_only_fallback,2.1998,unknown,EXPLORE_DATA,,MIXED,SETUP,MEDIUM
Nadia,codap_21apr,frame_0081,1893.1,silent_screen_gap_fill,,unknown,EXPLORE_DATA,SELECT_TARGET,MIXED,SETUP,MEDIUM
Nadia,codap_21apr,frame_0082,1919.4,motion_only_fallback,4.8872,unknown,EXPLORE_DATA,,MIXED,SETUP,HIGH
Nadia,codap_21apr,frame_0083,1940.6,motion_only_fallback,2.3584,unknown,EXPLORE_DATA,,MIXED,SETUP,MEDIUM
Nadia,codap_21apr,frame_0084,1944.0,motion_only_fallback,3.0253,unknown,EXPLORE_DATA,,MIXED,SETUP,MEDIUM
Nadia,codap_21apr,frame_0085,1947.7,motion_only_fallback,7.2461,unknown,EXPLORE_DATA,,MIXED,SETUP,MEDIUM
Nadia,codap_21apr,frame_0086,1950.1,motion_only_fallback,14.6132,unknown,EXPLORE_DATA,,MIXED,SETUP,MEDIUM
Nadia,codap_21apr,frame_0087,1952.4,motion_only_fallback,13.5118,unknown,EXPLORE_DATA,,MIXED,SETUP,MEDIUM
Nadia,codap_21apr,frame_0088,1953.5,motion_only_fallback,4.3837,unknown,EXPLORE_DATA,,MIXED,SETUP,MEDIUM
Nadia,codap_21apr,frame_0089,1954.5,motion_only_fallback,13.0548,unknown,EXPLORE_DATA,,MIXED,SETUP,MEDIUM
Nadia,codap_21apr,frame_0090,1957.4,motion_only_fallback,13.0571,unknown,EXPLORE_DATA,EXPLORE_DATA,MIXED,SETUP,MEDIUM
Nadia,codap_21apr,frame_0091,1968.7,motion_only_fallback,2.5297,unknown,EXPLORE_DATA,,MIXED,SETUP,MEDIUM
Nadia,codap_21apr,frame_0092,1972.4,motion_only_fallback,8.9682,unknown,EXPLORE_DATA,,MIXED,SETUP,MEDIUM
Nadia,codap_21apr,frame_0093,1974.4,motion_only_fallback,13.1115,unknown,EXPLORE_DATA,,MIXED,SETUP,MEDIUM
Nadia,codap_21apr,frame_0094,1975.4,motion_only_fallback,3.4018,unknown,EXPLORE_DATA,,CODAP,SETUP,MEDIUM
Nadia,codap_21apr,frame_0095,1986.7,motion_only_fallback,13.4363,unknown,EXPLORE_DATA,,CODAP,SETUP,MEDIUM
Nadia,codap_21apr,frame_0096,1989.5,motion_only_fallback,13.4385,unknown,EXPLORE_DATA,,MIXED,SETUP,MEDIUM
Nadia,codap_21apr,frame_0097,1994.1,motion_only_fallback,13.4371,unknown,EXPLORE_DATA,,MIXED,SETUP,MEDIUM
Nadia,codap_21apr,frame_0098,2084.6,silent_screen_gap_fill,,unknown,EXPLORE_DATA,,MIXED,SETUP,HIGH
Nadia,codap_21apr,frame_0099,2170.3,motion_only_fallback,2.1618,unknown,EXPLORE_DATA,,MIXED,SETUP,HIGH
Nadia,codap_21apr,frame_0100,2171.5,motion_only_fallback,1.1159,unknown,EXPLORE_DATA,,MIXED,SETUP,MEDIUM
Nadia,codap_21apr,frame_0101,2173.0,motion_only_fallback,2.0675,unknown,EXPLORE_DATA,,MIXED,SETUP,HIGH
Nadia,codap_21apr,frame_0102,2175.3,motion_only_fallback,0.8079,unknown,EXPLORE_DATA,,MIXED,SETUP,MEDIUM
Nadia,codap_21apr,frame_0103,2176.9,motion_only_fallback,7.3254,unknown,EXPLORE_DATA,,MIXED,SETUP,HIGH
Nadia,codap_21apr,frame_0104,2219.7,motion_only_fallback,1.637,unknown,EXPLORE_DATA,,MIXED,SETUP,MEDIUM
Nadia,codap_21apr,frame_0105,2310.1,silent_screen_gap_fill,,unknown,EXPLORE_DATA,,MIXED,SETUP,MEDIUM
Nadia,codap_21apr,frame_0106,2370.0,motion_only_fallback,1.5772,unknown,TUNE_THRESHOLD,EXPLORE_DATA,MIXED,TUNING,MEDIUM
Nadia,codap_21apr,frame_0107,2460.0,silent_screen_gap_fill,,unknown,BUILD_TREE,EXPLORE_DATA,MIXED,BUILDING,MEDIUM
Nadia,codap_21apr,frame_0108,2465.7,motion_only_fallback,2.2425,unknown,EVALUATE_MODEL,EXPLORE_DATA,MIXED,EVALUATING,MEDIUM
Nadia,codap_21apr,frame_0109,2556.3,silent_screen_gap_fill,,unknown,EVALUATE_MODEL,EXPLORE_DATA,MIXED,EVALUATING,MEDIUM
Nadia,codap_21apr,frame_0110,2609.5,motion_only_fallback,0.8684,unknown,EVALUATE_MODEL,EXPLORE_DATA,MIXED,EVALUATING,MEDIUM
Nadia,codap_21apr,frame_0111,2612.0,motion_only_fallback,2.1767,unknown,TUNE_THRESHOLD,EXPLORE_DATA,MIXED,TUNING,MEDIUM
Nadia,codap_21apr,frame_0112,2613.7,motion_only_fallback,1.2191,unknown,EVALUATE_MODEL,EXPLORE_DATA,MIXED,EVALUATING,MEDIUM
Nadia,codap_21apr,frame_0113,2675.6,motion_only_fallback,6.7286,unknown,TUNE_THRESHOLD,EXPLORE_DATA,MIXED,TUNING,MEDIUM
Nadia,codap_21apr,frame_0114,2686.2,motion_only_fallback,0.8594,unknown,TUNE_THRESHOLD,EXPLORE_DATA,MIXED,TUNING,MEDIUM
Nadia,codap_21apr,frame_0115,2714.0,motion_only_fallback,3.4414,unknown,TUNE_THRESHOLD,EXPLORE_DATA,MIXED,TUNING,MEDIUM
Nadia,codap_21apr,frame_0116,2784.2,motion_only_fallback,1.2494,unknown,EVALUATE_MODEL,EXPLORE_DATA,MIXED,EVALUATING,MEDIUM
Nadia,codap_21apr,frame_0117,2874.5,silent_screen_gap_fill,,unknown,TUNE_THRESHOLD,EXPLORE_DATA,MIXED,TUNING,MEDIUM
Nadia,codap_21apr,frame_0118,2918.1,motion_only_fallback,1.6003,unknown,TUNE_THRESHOLD,EXPLORE_DATA,MIXED,TUNING,MEDIUM
Nadia,codap_21apr,frame_0119,2920.2,motion_only_fallback,1.5029,unknown,EVALUATE_MODEL,EXPLORE_DATA,MIXED,EVALUATING,HIGH
Nadia,codap_21apr,frame_0120,2922.7,motion_only_fallback,0.9591,unknown,EVALUATE_MODEL,EXPLORE_DATA,MIXED,EVALUATING,HIGH
Nadia,codap_21apr,frame_0121,2924.0,motion_only_fallback,0.9614,unknown,EVALUATE_MODEL,EXPLORE_DATA,MIXED,EVALUATING,HIGH
Nadia,codap_21apr,frame_0122,2933.8,motion_only_fallback,1.0708,unknown,EVALUATE_MODEL,EXPLORE_DATA,MIXED,EVALUATING,HIGH
Nadia,codap_21apr,frame_0123,3002.1,motion_only_fallback,1.6071,unknown,EVALUATE_MODEL,EXPLORE_DATA,MIXED,EVALUATING,HIGH
Nadia,codap_21apr,frame_0124,3011.6,motion_only_fallback,0.8519,unknown,BUILD_TREE,EXPLORE_DATA,MIXED,BUILDING,MEDIUM
Nadia,codap_21apr,frame_0125,3028.1,motion_only_fallback,3.4232,unknown,TUNE_THRESHOLD,EXPLORE_DATA,MIXED,TUNING,MEDIUM
Nadia,codap_21apr,frame_0126,3034.7,motion_only_fallback,1.3818,unknown,COMPARE_MODELS,EXPLORE_DATA,MIXED,EVALUATING,HIGH
Nadia,codap_21apr,frame_0127,3039.1,motion_only_fallback,1.1796,unknown,COMPARE_MODELS,EXPLORE_DATA,MIXED,EVALUATING,MEDIUM
Nadia,codap_21apr,frame_0128,3129.7,silent_screen_gap_fill,,unknown,COMPARE_MODELS,EXPLORE_DATA,MIXED,EVALUATING,HIGH
Nadia,codap_21apr,frame_0129,3220.6,silent_screen_gap_fill,,unknown,COMPARE_MODELS,EXPLORE_DATA,MIXED,EVALUATING,HIGH
Nadia,codap_21apr,frame_0130,3310.8,silent_screen_gap_fill,,unknown,COMPARE_MODELS,EXPLORE_DATA,MIXED,EVALUATING,HIGH
Nadia,codap_21apr,frame_0131,3371.8,motion_only_fallback,2.8275,unknown,COMPARE_MODELS,EXPLORE_DATA,MIXED,EVALUATING,HIGH
Nadia,codap_21apr,frame_0132,3411.2,motion_only_fallback,3.4535,unknown,TUNE_THRESHOLD,EXPLORE_DATA,MIXED,TUNING,HIGH
Nadia,codap_21apr,frame_0133,3501.2,silent_screen_gap_fill,,unknown,COMPARE_MODELS,EXPLORE_DATA,MIXED,EVALUATING,HIGH
Nadia,codap_21apr,frame_0134,3591.5,silent_screen_gap_fill,,unknown,COMPARE_MODELS,EXPLORE_DATA,MIXED,EVALUATING,HIGH
Nadia,codap_21apr,frame_0135,3682.3,silent_screen_gap_fill,,unknown,COMPARE_MODELS,EXPLORE_DATA,MIXED,EVALUATING,HIGH
Nadia,codap_21apr,frame_0136,3717.8,motion_only_fallback,6.2843,unknown,COMPARE_MODELS,EXPLORE_DATA,MIXED,EVALUATING,HIGH
Nadia,codap_21apr,frame_0137,3723.5,motion_only_fallback,1.8638,unknown,COMPARE_MODELS,EXPLORE_DATA,MIXED,EVALUATING,HIGH
Nadia,codap_21apr,frame_0138,3732.2,motion_only_fallback,2.8829,unknown,COMPARE_MODELS,EXPLORE_DATA,MIXED,EVALUATING,MEDIUM
Nadia,codap_21apr,frame_0139,3778.5,motion_only_fallback,16.1993,unknown,COMPARE_MODELS,EXPLORE_DATA,MIXED,EVALUATING,HIGH
Nadia,codap_21apr,frame_0140,3805.3,motion_only_fallback,3.4441,unknown,TUNE_THRESHOLD,COMPARE_MODELS,MIXED,TUNING,MEDIUM
Nadia,codap_21apr,frame_0141,3811.7,motion_only_fallback,3.4282,unknown,TUNE_THRESHOLD,COMPARE_MODELS,MIXED,TUNING,MEDIUM
Nadia,codap_21apr,frame_0142,3902.5,silent_screen_gap_fill,,unknown,COMPARE_MODELS,EXPLORE_DATA,MIXED,EVALUATING,MEDIUM
Nadia,codap_21apr,frame_0143,3957.1,motion_only_fallback,5.4468,unknown,BUILD_TREE,EXPLORE_DATA,MIXED,BUILDING,MEDIUM
Nadia,codap_21apr,frame_0144,4047.4,silent_screen_gap_fill,,unknown,COMPARE_MODELS,EXPLORE_DATA,MIXED,EVALUATING,HIGH
Nadia,codap_21apr,frame_0145,4081.8,motion_only_fallback,5.3993,unknown,BUILD_TREE,EXPLORE_DATA,MIXED,BUILDING,MEDIUM
Nadia,codap_21apr,frame_0146,4084.6,motion_only_fallback,1.5154,unknown,BUILD_TREE,EXPLORE_DATA,MIXED,BUILDING,MEDIUM
Nadia,codap_21apr,frame_0147,4085.7,motion_only_fallback,1.5503,unknown,BUILD_TREE,EXPLORE_DATA,MIXED,BUILDING,HIGH
Nadia,codap_21apr,frame_0148,4115.2,motion_only_fallback,1.4751,unknown,COMPARE_MODELS,EXPLORE_DATA,MIXED,EVALUATING,HIGH
Nadia,codap_21apr,frame_0149,4120.7,motion_only_fallback,1.62,unknown,COMPARE_MODELS,EXPLORE_DATA,MIXED,EVALUATING,HIGH
Nadia,codap_21apr,frame_0150,4124.6,motion_only_fallback,2.0999,unknown,BUILD_TREE,EXPLORE_DATA,MIXED,BUILDING,MEDIUM
Nadia,codap_21apr,frame_0151,4132.4,motion_only_fallback,1.3661,unknown,COMPARE_MODELS,EXPLORE_DATA,MIXED,EVALUATING,HIGH
Nadia,codap_21apr,frame_0152,4133.5,motion_only_fallback,0.8092,unknown,COMPARE_MODELS,EXPLORE_DATA,MIXED,EVALUATING,HIGH
Nadia,codap_21apr,frame_0153,4177.4,motion_only_fallback,2.2064,unknown,COMPARE_MODELS,EXPLORE_DATA,MIXED,EVALUATING,HIGH
Nadia,codap_21apr,frame_0154,4186.8,motion_only_fallback,1.6503,unknown,COMPARE_MODELS,EXPLORE_DATA,MIXED,EVALUATING,HIGH
Nadia,codap_21apr,frame_0155,4187.9,motion_only_fallback,2.189,unknown,COMPARE_MODELS,EXPLORE_DATA,MIXED,EVALUATING,MEDIUM
Nadia,codap_21apr,frame_0156,4193.4,motion_only_fallback,0.8852,unknown,COMPARE_MODELS,EXPLORE_DATA,MIXED,EVALUATING,HIGH
Nadia,codap_21apr,frame_0157,4228.9,motion_only_fallback,0.8611,unknown,COMPARE_MODELS,EXPLORE_DATA,MIXED,EVALUATING,MEDIUM
Nadia,codap_21apr,frame_0158,4239.1,motion_only_fallback,2.0106,unknown,COMPARE_MODELS,EXPLORE_DATA,MIXED,EVALUATING,HIGH
Nadia,codap_21apr,frame_0159,4259.4,motion_only_fallback,3.3185,unknown,COMPARE_MODELS,EXPLORE_DATA,MIXED,EVALUATING,HIGH
Nadia,codap_21apr,frame_0160,4260.6,motion_only_fallback,2.1908,unknown,COMPARE_MODELS,EXPLORE_DATA,MIXED,EVALUATING,HIGH
Nadia,codap_21apr,frame_0161,4271.9,motion_only_fallback,1.5748,unknown,COMPARE_MODELS,EXPLORE_DATA,MIXED,EVALUATING,HIGH
Nadia,codap_21apr,frame_0162,4275.2,motion_only_fallback,1.4338,unknown,COMPARE_MODELS,EXPLORE_DATA,MIXED,EVALUATING,HIGH
Nadia,codap_21apr,frame_0163,4283.9,motion_only_fallback,3.1157,unknown,COMPARE_MODELS,EXPLORE_DATA,MIXED,EVALUATING,HIGH
Nadia,codap_21apr,frame_0164,4374.0,silent_screen_gap_fill,,unknown,COMPARE_MODELS,EXPLORE_DATA,MIXED,EVALUATING,MEDIUM
Nadia,codap_21apr,frame_0165,4464.3,silent_screen_gap_fill,,unknown,COMPARE_MODELS,EXPLORE_DATA,MIXED,EVALUATING,HIGH
Nadia,codap_21apr,frame_0166,4492.7,motion_only_fallback,1.1128,unknown,COMPARE_MODELS,EXPLORE_DATA,MIXED,EVALUATING,HIGH
Nadia,codap_21apr,frame_0167,4496.2,motion_only_fallback,2.788,unknown,COMPARE_MODELS,EXPLORE_DATA,MIXED,EVALUATING,HIGH
Nadia,codap_21apr,frame_0168,4500.9,motion_only_fallback,1.3503,unknown,COMPARE_MODELS,EXPLORE_DATA,MIXED,EVALUATING,HIGH
Nadia,codap_21apr,frame_0169,4501.9,motion_only_fallback,1.4284,unknown,COMPARE_MODELS,EXPLORE_DATA,MIXED,EVALUATING,MEDIUM
Nadia,codap_21apr,frame_0170,4519.0,motion_only_fallback,2.9144,unknown,COMPARE_MODELS,EXPLORE_DATA,MIXED,EVALUATING,HIGH
Nadia,codap_21apr,frame_0171,4561.2,motion_only_fallback,1.3075,unknown,BUILD_TREE,COMPARE_MODELS,MIXED,BUILDING,MEDIUM
Nadia,codap_21apr,frame_0172,4571.8,motion_only_fallback,3.4367,unknown,TUNE_THRESHOLD,COMPARE_MODELS,MIXED,TUNING,MEDIUM
Nadia,codap_21apr,frame_0173,4593.6,motion_only_fallback,2.3057,unknown,COMPARE_MODELS,EXPLORE_DATA,MIXED,EVALUATING,HIGH
Nadia,codap_21apr,frame_0174,4683.9,silent_screen_gap_fill,,unknown,COMPARE_MODELS,EXPLORE_DATA,MIXED,EVALUATING,MEDIUM
Nadia,codap_21apr,frame_0175,4774.3,silent_screen_gap_fill,,unknown,COMPARE_MODELS,EXPLORE_DATA,MIXED,EVALUATING,HIGH
Nadia,codap_21apr,frame_0176,4865.2,silent_screen_gap_fill,,unknown,COMPARE_MODELS,EXPLORE_DATA,MIXED,EVALUATING,HIGH
Nadia,codap_21apr,frame_0177,4955.5,silent_screen_gap_fill,,unknown,COMPARE_MODELS,EXPLORE_DATA,MIXED,EVALUATING,HIGH
Nadia,codap_21apr,frame_0178,5046.2,silent_screen_gap_fill,,unknown,COMPARE_MODELS,EXPLORE_DATA,MIXED,EVALUATING,HIGH
Shana,codap_21apr,frame_0001,12.3,motion_threshold_exceeded,70.4726,,EXPLORE_DATA,,TREE,SETUP,MEDIUM
Shana,codap_21apr,frame_0002,102.5,codap_static_gap_fill,,unknown,EXPLORE_DATA,,TREE,SETUP,HIGH
Shana,codap_21apr,frame_0003,161.3,motion_threshold_exceeded,3.9309,,EXPLORE_DATA,,TREE,SETUP,HIGH
Shana,codap_21apr,frame_0004,178.0,speech_anchor_midpoint,,classmate,EXPLORE_DATA,,TREE,SETUP,MEDIUM
Shana,codap_21apr,frame_0005,221.9,motion_threshold_exceeded,3.2668,teacher,EXPLORE_DATA,,TREE,SETUP,HIGH
Shana,codap_21apr,frame_0006,227.9,motion_threshold_exceeded,1.6362,teacher,EXPLORE_DATA,,TREE,SETUP,HIGH
Shana,codap_21apr,frame_0007,228.4,speech_anchor_midpoint,,student,EXPLORE_DATA,,TREE,SETUP,MEDIUM
Shana,codap_21apr,frame_0008,231.6,speech_anchor_midpoint,,classmate,EXPLORE_DATA,,TREE,SETUP,HIGH
Shana,codap_21apr,frame_0009,269.8,speech_anchor_midpoint,,student,OFF_TASK,,MENU,IDLE,HIGH
Shana,codap_21apr,frame_0010,288.7,motion_threshold_exceeded,11.4622,,EXPLORE_DATA,,TREE,SETUP,HIGH
Shana,codap_21apr,frame_0011,297.1,motion_threshold_exceeded,1.447,student,EXPLORE_DATA,,TREE,SETUP,HIGH
Shana,codap_21apr,frame_0012,297.3,speech_anchor_midpoint,,teacher,EXPLORE_DATA,,TREE,SETUP,MEDIUM
Shana,codap_21apr,frame_0013,323.8,motion_threshold_exceeded,69.8052,student,EXPLORE_DATA,,TREE,SETUP,HIGH
Shana,codap_21apr,frame_0014,333.0,motion_threshold_exceeded,1.4851,,EXPLORE_DATA,,TREE,SETUP,MEDIUM
Shana,codap_21apr,frame_0015,349.6,motion_threshold_exceeded,30.3177,,OFF_TASK,,CODAP,IDLE,HIGH
Shana,codap_21apr,frame_0016,350.7,motion_threshold_exceeded,42.1119,,EXPLORE_DATA,,CODAP,SETUP,MEDIUM
Shana,codap_21apr,frame_0017,352.0,motion_threshold_exceeded,1.2515,,EXPLORE_DATA,,CODAP,SETUP,HIGH
Shana,codap_21apr,frame_0018,355.1,motion_threshold_exceeded,86.7664,student,OFF_TASK,,MIXED,IDLE,HIGH
Shana,codap_21apr,frame_0019,360.6,motion_threshold_exceeded,5.0008,,OFF_TASK,,MENU,IDLE,HIGH
Shana,codap_21apr,frame_0020,361.7,motion_threshold_exceeded,1.4184,,EXPLORE_DATA,,CODAP,SETUP,MEDIUM
Shana,codap_21apr,frame_0021,363.1,speech_anchor_midpoint,,classmate,OFF_TASK,,CODAP,IDLE,HIGH
Shana,codap_21apr,frame_0022,365.4,motion_threshold_exceeded,5.5046,teacher,OFF_TASK,,CODAP,IDLE,HIGH
Shana,codap_21apr,frame_0023,365.7,speech_anchor_midpoint,,classmate,OFF_TASK,,CODAP,IDLE,HIGH
Shana,codap_21apr,frame_0024,366.8,motion_threshold_exceeded,4.9213,,OFF_TASK,,CODAP,IDLE,HIGH
Shana,codap_21apr,frame_0025,369.8,speech_anchor_midpoint,,classmate,EXPLORE_DATA,,CODAP,SETUP,HIGH
Shana,codap_21apr,frame_0026,374.8,motion_threshold_exceeded,86.5887,,OFF_TASK,,MIXED,IDLE,HIGH
Shana,codap_21apr,frame_0027,378.7,motion_threshold_exceeded,71.0671,classmate,EXPLORE_DATA,,TREE,SETUP,HIGH
Shana,codap_21apr,frame_0028,380.0,motion_threshold_exceeded,3.2747,,EXPLORE_DATA,,TREE,SETUP,MEDIUM
Shana,codap_21apr,frame_0029,380.6,speech_anchor_midpoint,,teacher,EXPLORE_DATA,,MENU,SETUP,MEDIUM
Shana,codap_21apr,frame_0030,381.8,motion_threshold_exceeded,3.4277,classmate,EXPLORE_DATA,,TREE,SETUP,MEDIUM
Shana,codap_21apr,frame_0031,383.2,speech_anchor_midpoint,,classmate,EXPLORE_DATA,,MENU,SETUP,MEDIUM
Shana,codap_21apr,frame_0032,387.2,speech_anchor_midpoint,,classmate,EXPLORE_DATA,,TREE,SETUP,HIGH
Shana,codap_21apr,frame_0033,390.0,motion_threshold_exceeded,1.2126,classmate,EXPLORE_DATA,,MIXED,SETUP,HIGH
Shana,codap_21apr,frame_0034,390.7,speech_anchor_midpoint,,classmate,EXPLORE_DATA,,CODAP,SETUP,HIGH
Shana,codap_21apr,frame_0035,391.8,motion_threshold_exceeded,4.4931,classmate,EXPLORE_DATA,,CODAP,SETUP,HIGH
Shana,codap_21apr,frame_0036,477.9,speech_anchor_midpoint,,teacher,EXPLORE_DATA,,CODAP,SETUP,HIGH
Shana,codap_21apr,frame_0037,559.8,speech_anchor_midpoint,,classmate,EXPLORE_DATA,,CODAP,SETUP,HIGH
Shana,codap_21apr,frame_0038,603.9,motion_threshold_exceeded,1.4983,teacher,EXPLORE_DATA,,CODAP,SETUP,MEDIUM
Shana,codap_21apr,frame_0039,611.2,motion_threshold_exceeded,3.1345,teacher,EXPLORE_DATA,,CODAP,SETUP,HIGH
Shana,codap_21apr,frame_0040,612.7,speech_anchor_midpoint,,classmate,EXPLORE_DATA,,MIXED,SETUP,HIGH
Shana,codap_21apr,frame_0041,621.2,speech_anchor_midpoint,,teacher,EXPLORE_DATA,,MIXED,SETUP,HIGH
Shana,codap_21apr,frame_0042,622.8,motion_threshold_exceeded,4.4709,teacher,EXPLORE_DATA,,MIXED,SETUP,HIGH
Shana,codap_21apr,frame_0043,640.4,motion_threshold_exceeded,1.7199,teacher,EXPLORE_DATA,,MIXED,SETUP,HIGH
Shana,codap_21apr,frame_0044,662.0,motion_threshold_exceeded,5.6096,,EXPLORE_DATA,,MIXED,SETUP,HIGH
Shana,codap_21apr,frame_0045,665.9,motion_threshold_exceeded,7.4736,,EXPLORE_DATA,,MIXED,SETUP,HIGH
Shana,codap_21apr,frame_0046,740.6,motion_threshold_exceeded,1.2926,teacher,EXPLORE_DATA,,MIXED,SETUP,HIGH
Shana,codap_21apr,frame_0047,745.1,motion_threshold_exceeded,7.5639,teacher,EXPLORE_DATA,,MIXED,SETUP,HIGH
Shana,codap_21apr,frame_0048,748.3,motion_threshold_exceeded,5.3169,teacher,EXPLORE_DATA,,MIXED,SETUP,HIGH
Shana,codap_21apr,frame_0049,751.9,motion_threshold_exceeded,3.8692,teacher,EXPLORE_DATA,,MIXED,SETUP,HIGH
Shana,codap_21apr,frame_0050,754.1,speech_anchor_midpoint,,student,EXPLORE_DATA,,MIXED,SETUP,HIGH
Shana,codap_21apr,frame_0051,758.2,speech_anchor_midpoint,,classmate,EXPLORE_DATA,,MIXED,SETUP,HIGH
Shana,codap_21apr,frame_0052,760.1,speech_anchor_midpoint,,classmate,EXPLORE_DATA,,MIXED,SETUP,HIGH
Shana,codap_21apr,frame_0053,770.4,motion_threshold_exceeded,1.7465,teacher,EXPLORE_DATA,,MIXED,SETUP,HIGH
Shana,codap_21apr,frame_0054,780.1,speech_anchor_midpoint,,classmate,EXPLORE_DATA,,MIXED,SETUP,HIGH
Shana,codap_21apr,frame_0055,782.1,speech_anchor_midpoint,,classmate,EXPLORE_DATA,,MIXED,SETUP,HIGH
Shana,codap_21apr,frame_0056,872.2,codap_static_gap_fill,,unknown,EXPLORE_DATA,,MIXED,SETUP,HIGH
Shana,codap_21apr,frame_0057,900.0,motion_threshold_exceeded,6.0206,teacher,EXPLORE_DATA,,MIXED,SETUP,HIGH
Shana,codap_21apr,frame_0058,902.1,speech_anchor_midpoint,,teacher,EXPLORE_DATA,,MIXED,SETUP,HIGH
Shana,codap_21apr,frame_0059,992.2,codap_static_gap_fill,,unknown,EXPLORE_DATA,,MIXED,SETUP,HIGH
Shana,codap_21apr,frame_0060,1004.3,motion_threshold_exceeded,2.6829,teacher,EXPLORE_DATA,,MIXED,SETUP,MEDIUM
Shana,codap_21apr,frame_0061,1009.1,speech_anchor_midpoint,,classmate,EXPLORE_DATA,,MIXED,SETUP,HIGH
Shana,codap_21apr,frame_0062,1011.9,motion_threshold_exceeded,1.3478,teacher,EXPLORE_DATA,,MIXED,SETUP,HIGH
Shana,codap_21apr,frame_0063,1014.2,speech_anchor_midpoint,,classmate,EXPLORE_DATA,,MIXED,SETUP,HIGH
Shana,codap_21apr,frame_0064,1018.7,speech_anchor_midpoint,,teacher,EXPLORE_DATA,,MIXED,SETUP,HIGH
Shana,codap_21apr,frame_0065,1020.7,speech_anchor_midpoint,,teacher,EXPLORE_DATA,,MIXED,SETUP,HIGH
Shana,codap_21apr,frame_0066,1024.0,motion_threshold_exceeded,1.5278,teacher,EXPLORE_DATA,,MIXED,SETUP,HIGH
Shana,codap_21apr,frame_0067,1043.0,speech_anchor_midpoint,,student,EXPLORE_DATA,,MIXED,SETUP,HIGH
Shana,codap_21apr,frame_0068,1080.6,motion_threshold_exceeded,6.0905,teacher,EXPLORE_DATA,,MIXED,SETUP,HIGH
Shana,codap_21apr,frame_0069,1083.1,speech_anchor_midpoint,,classmate,EXPLORE_DATA,,MIXED,SETUP,HIGH
Shana,codap_21apr,frame_0070,1113.1,motion_threshold_exceeded,5.9923,,EXPLORE_DATA,,MIXED,SETUP,HIGH
Shana,codap_21apr,frame_0071,1169.1,speech_anchor_midpoint,,classmate,EXPLORE_DATA,,MIXED,SETUP,HIGH
Shana,codap_21apr,frame_0072,1259.8,codap_static_gap_fill,,unknown,EXPLORE_DATA,,MIXED,SETUP,HIGH
Shana,codap_21apr,frame_0073,1274.3,speech_anchor_midpoint,,teacher,EXPLORE_DATA,,MIXED,SETUP,HIGH
Shana,codap_21apr,frame_0074,1364.8,codap_static_gap_fill,,unknown,EXPLORE_DATA,,MIXED,SETUP,HIGH
Shana,codap_21apr,frame_0075,1384.9,speech_anchor_midpoint,,classmate,EXPLORE_DATA,,MIXED,SETUP,MEDIUM
Shana,codap_21apr,frame_0076,1388.9,speech_anchor_midpoint,,classmate,EXPLORE_DATA,,MIXED,SETUP,MEDIUM
Shana,codap_21apr,frame_0077,1393.1,speech_anchor_midpoint,,classmate,EXPLORE_DATA,,MIXED,SETUP,MEDIUM
Shana,codap_21apr,frame_0078,1395.4,speech_anchor_midpoint,,student,EXPLORE_DATA,,MIXED,SETUP,MEDIUM
Shana,codap_21apr,frame_0079,1403.6,motion_threshold_exceeded,1.8341,classmate,EXPLORE_DATA,,MIXED,SETUP,MEDIUM
Shana,codap_21apr,frame_0080,1420.9,speech_anchor_midpoint,,student,EXPLORE_DATA,,MIXED,SETUP,MEDIUM
Shana,codap_21apr,frame_0081,1422.9,speech_anchor_midpoint,,classmate,EXPLORE_DATA,EXPLORE_DATA,MIXED,SETUP,MEDIUM
Shana,codap_21apr,frame_0082,1424.1,motion_threshold_exceeded,2.793,teacher,EXPLORE_DATA,,MIXED,SETUP,MEDIUM
Shana,codap_21apr,frame_0083,1433.9,motion_threshold_exceeded,1.3825,teacher,EXPLORE_DATA,,MIXED,SETUP,MEDIUM
Shana,codap_21apr,frame_0084,1434.9,speech_anchor_midpoint,,student,EXPLORE_DATA,,MIXED,SETUP,MEDIUM
Shana,codap_21apr,frame_0085,1436.9,speech_anchor_midpoint,,student,EXPLORE_DATA,,MIXED,SETUP,HIGH
Shana,codap_21apr,frame_0086,1438.7,motion_threshold_exceeded,1.7901,classmate,EXPLORE_DATA,,MIXED,SETUP,MEDIUM
Shana,codap_21apr,frame_0087,1446.3,motion_threshold_exceeded,1.5502,,EXPLORE_DATA,,MIXED,SETUP,HIGH
Shana,codap_21apr,frame_0088,1451.8,motion_threshold_exceeded,2.2357,teacher,EXPLORE_DATA,,MIXED,SETUP,HIGH
Shana,codap_21apr,frame_0089,1459.7,motion_threshold_exceeded,1.9931,,EXPLORE_DATA,,MIXED,SETUP,HIGH
Shana,codap_21apr,frame_0090,1521.5,speech_anchor_midpoint,,student,EXPLORE_DATA,,MIXED,SETUP,MEDIUM
Shana,codap_21apr,frame_0091,1576.2,motion_threshold_exceeded,1.4236,teacher,EXPLORE_DATA,,MIXED,SETUP,MEDIUM
Shana,codap_21apr,frame_0092,1578.4,speech_anchor_midpoint,,classmate,EXPLORE_DATA,,MIXED,SETUP,MEDIUM
Shana,codap_21apr,frame_0093,1582.4,speech_anchor_midpoint,,classmate,EXPLORE_DATA,,MIXED,SETUP,MEDIUM
Shana,codap_21apr,frame_0094,1588.2,motion_threshold_exceeded,3.8356,student,EXPLORE_DATA,,CODAP,SETUP,MEDIUM
Shana,codap_21apr,frame_0095,1588.5,motion_threshold_exceeded,7.51,classmate,EXPLORE_DATA,,MIXED,SETUP,MEDIUM
Shana,codap_21apr,frame_0096,1652.9,speech_anchor_midpoint,,teacher,EXPLORE_DATA,,MIXED,SETUP,MEDIUM
Shana,codap_21apr,frame_0097,1670.6,motion_threshold_exceeded,3.5245,teacher,EXPLORE_DATA,,MIXED,SETUP,MEDIUM
Shana,codap_21apr,frame_0098,1671.9,motion_threshold_exceeded,2.7207,teacher,EXPLORE_DATA,,MIXED,SETUP,MEDIUM
Shana,codap_21apr,frame_0099,1683.9,speech_anchor_midpoint,,classmate,EXPLORE_DATA,,MIXED,SETUP,MEDIUM
Shana,codap_21apr,frame_0100,1688.0,motion_threshold_exceeded,17.8098,teacher,EXPLORE_DATA,,MIXED,SETUP,MEDIUM
Shana,codap_21apr,frame_0101,1714.5,motion_threshold_exceeded,7.7188,,EXPLORE_DATA,,MIXED,SETUP,MEDIUM
Shana,codap_21apr,frame_0102,1726.1,motion_threshold_exceeded,2.2434,classmate,EXPLORE_DATA,,MIXED,SETUP,MEDIUM
Shana,codap_21apr,frame_0103,1728.0,speech_anchor_midpoint,,classmate,EXPLORE_DATA,,MIXED,SETUP,MEDIUM
Shana,codap_21apr,frame_0104,1766.5,motion_threshold_exceeded,10.4475,teacher,EXPLORE_DATA,,MIXED,SETUP,MEDIUM
Shana,codap_21apr,frame_0105,1856.5,codap_static_gap_fill,,unknown,EXPLORE_DATA,,MIXED,SETUP,MEDIUM
Shana,codap_21apr,frame_0106,1911.4,speech_anchor_midpoint,,student,EXPLORE_DATA,,MIXED,SETUP,MEDIUM
Shana,codap_21apr,frame_0107,1913.4,speech_anchor_midpoint,,student,EXPLORE_DATA,,MIXED,SETUP,MEDIUM
Shana,codap_21apr,frame_0108,1917.5,speech_anchor_midpoint,,student,EXPLORE_DATA,,MIXED,SETUP,HIGH
Shana,codap_21apr,frame_0109,1960.3,motion_threshold_exceeded,10.1775,teacher,EXPLORE_DATA,,MIXED,SETUP,MEDIUM
Shana,codap_21apr,frame_0110,2050.8,codap_static_gap_fill,,unknown,EXPLORE_DATA,,MIXED,SETUP,MEDIUM
Shana,codap_21apr,frame_0111,2107.1,motion_threshold_exceeded,17.3189,student,EXPLORE_DATA,,MIXED,SETUP,MEDIUM
Shana,codap_21apr,frame_0112,2110.2,motion_threshold_exceeded,17.9007,student,EXPLORE_DATA,,MIXED,SETUP,MEDIUM
Shana,codap_21apr,frame_0113,2143.5,motion_threshold_exceeded,1.7529,teacher,EXPLORE_DATA,,MIXED,SETUP,MEDIUM
Shana,codap_21apr,frame_0114,2146.4,speech_anchor_midpoint,,classmate,EXPLORE_DATA,,CODAP,SETUP,HIGH
Shana,codap_21apr,frame_0115,2149.4,motion_threshold_exceeded,1.9533,teacher,EXPLORE_DATA,,CODAP,SETUP,HIGH
Shana,codap_21apr,frame_0116,2150.4,speech_anchor_midpoint,,classmate,EXPLORE_DATA,,CODAP,SETUP,HIGH
Shana,codap_21apr,frame_0117,2164.7,motion_threshold_exceeded,1.3274,teacher,EXPLORE_DATA,,CODAP,SETUP,MEDIUM
Shana,codap_21apr,frame_0118,2166.5,speech_anchor_midpoint,,classmate,EXPLORE_DATA,,MIXED,SETUP,HIGH
Shana,codap_21apr,frame_0119,2168.0,motion_threshold_exceeded,5.5203,teacher,EXPLORE_DATA,EXPLORE_DATA,MIXED,SETUP,MEDIUM
Shana,codap_21apr,frame_0120,2176.4,speech_anchor_midpoint,,teacher,BUILD_TREE,,TREE,BUILDING,MEDIUM
Shana,codap_21apr,frame_0121,2204.5,motion_threshold_exceeded,2.7122,teacher,EXPLORE_DATA,,MIXED,SETUP,MEDIUM
Shana,codap_21apr,frame_0122,2206.6,speech_anchor_midpoint,,classmate,EXPLORE_DATA,EXPLORE_DATA,MIXED,SETUP,MEDIUM
Shana,codap_21apr,frame_0123,2213.2,motion_threshold_exceeded,3.6998,teacher,BUILD_TREE,EXPLORE_DATA,MIXED,BUILDING,MEDIUM
Shana,codap_21apr,frame_0124,2255.5,motion_threshold_exceeded,3.7164,,EXPLORE_DATA,EXPLORE_DATA,MIXED,SETUP,MEDIUM
Shana,codap_21apr,frame_0125,2321.5,motion_threshold_exceeded,1.7984,,BUILD_TREE,EXPLORE_DATA,MIXED,BUILDING,HIGH
Shana,codap_21apr,frame_0126,2411.8,codap_static_gap_fill,,unknown,TUNE_THRESHOLD,EXPLORE_DATA,MIXED,TUNING,MEDIUM
Shana,codap_21apr,frame_0127,2502.5,codap_static_gap_fill,,unknown,TUNE_THRESHOLD,EXPLORE_DATA,MIXED,TUNING,MEDIUM
Shana,codap_21apr,frame_0128,2593.1,codap_static_gap_fill,,unknown,TUNE_THRESHOLD,EXPLORE_DATA,MIXED,TUNING,MEDIUM
Shana,codap_21apr,frame_0129,2601.7,motion_threshold_exceeded,2.762,student,TUNE_THRESHOLD,EXPLORE_DATA,MIXED,TUNING,MEDIUM
Shana,codap_21apr,frame_0130,2603.3,speech_anchor_midpoint,,classmate,TUNE_THRESHOLD,,MIXED,TUNING,MEDIUM
Shana,codap_21apr,frame_0131,2605.3,motion_threshold_exceeded,3.1329,student,TUNE_THRESHOLD,EXPLORE_DATA,MIXED,TUNING,MEDIUM
Shana,codap_21apr,frame_0132,2606.3,speech_anchor_midpoint,,classmate,TUNE_THRESHOLD,EXPLORE_DATA,MIXED,TUNING,MEDIUM
Shana,codap_21apr,frame_0133,2643.8,motion_threshold_exceeded,1.9599,classmate,EXPLORE_DATA,,MIXED,SETUP,MEDIUM
Shana,codap_21apr,frame_0134,2644.8,motion_threshold_exceeded,1.956,classmate,TUNE_THRESHOLD,EXPLORE_DATA,MIXED,TUNING,MEDIUM
Shana,codap_21apr,frame_0135,2646.4,speech_anchor_midpoint,,student,TUNE_THRESHOLD,EXPLORE_DATA,MIXED,TUNING,MEDIUM
Shana,codap_21apr,frame_0136,2704.5,motion_threshold_exceeded,1.3426,teacher,TUNE_THRESHOLD,EXPLORE_DATA,MIXED,TUNING,MEDIUM
Shana,codap_21apr,frame_0137,2707.8,motion_threshold_exceeded,1.4417,teacher,EVALUATE_MODEL,EXPLORE_DATA,MIXED,EVALUATING,HIGH
Shana,codap_21apr,frame_0138,2708.9,motion_threshold_exceeded,2.0754,teacher,EVALUATE_MODEL,EXPLORE_DATA,MIXED,EVALUATING,MEDIUM
Shana,codap_21apr,frame_0139,2709.8,speech_anchor_midpoint,,teacher,EVALUATE_MODEL,EXPLORE_DATA,MIXED,EVALUATING,HIGH
Shana,codap_21apr,frame_0140,2714.3,motion_threshold_exceeded,1.2245,teacher,EVALUATE_MODEL,EXPLORE_DATA,MIXED,EVALUATING,MEDIUM
Shana,codap_21apr,frame_0141,2715.5,motion_threshold_exceeded,1.909,teacher,EVALUATE_MODEL,EXPLORE_DATA,MIXED,EVALUATING,HIGH
Shana,codap_21apr,frame_0142,2717.2,speech_anchor_midpoint,,student,EVALUATE_MODEL,EXPLORE_DATA,MIXED,EVALUATING,HIGH
Shana,codap_21apr,frame_0143,2719.1,motion_threshold_exceeded,2.1167,teacher,EVALUATE_MODEL,EXPLORE_DATA,MIXED,EVALUATING,HIGH
Shana,codap_21apr,frame_0144,2720.1,motion_threshold_exceeded,1.3841,teacher,EVALUATE_MODEL,EXPLORE_DATA,MIXED,EVALUATING,HIGH
Shana,codap_21apr,frame_0145,2756.8,speech_anchor_midpoint,,classmate,EVALUATE_MODEL,EXPLORE_DATA,MIXED,EVALUATING,HIGH
Shana,codap_21apr,frame_0146,2758.4,motion_threshold_exceeded,2.7753,teacher,EVALUATE_MODEL,EXPLORE_DATA,MIXED,EVALUATING,MEDIUM
Shana,codap_21apr,frame_0147,2761.3,motion_threshold_exceeded,2.0704,teacher,EVALUATE_MODEL,EXPLORE_DATA,MIXED,EVALUATING,HIGH
Shana,codap_21apr,frame_0148,2765.2,motion_threshold_exceeded,3.1101,teacher,EVALUATE_MODEL,EXPLORE_DATA,MIXED,EVALUATING,MEDIUM
Shana,codap_21apr,frame_0149,2768.4,motion_threshold_exceeded,2.0882,teacher,EVALUATE_MODEL,EXPLORE_DATA,MIXED,EVALUATING,HIGH
Shana,codap_21apr,frame_0150,2771.8,speech_anchor_midpoint,,teacher,EVALUATE_MODEL,EXPLORE_DATA,MIXED,EVALUATING,MEDIUM
Shana,codap_21apr,frame_0151,2773.2,motion_threshold_exceeded,1.9907,teacher,EVALUATE_MODEL,EXPLORE_DATA,MIXED,EVALUATING,HIGH
Shana,codap_21apr,frame_0152,2775.8,speech_anchor_midpoint,,classmate,EXPLORE_DATA,EVALUATE_MODEL,MENU,SETUP,MEDIUM
Shana,codap_21apr,frame_0153,2777.2,motion_threshold_exceeded,1.2228,teacher,EVALUATE_MODEL,EXPLORE_DATA,MIXED,EVALUATING,HIGH
Shana,codap_21apr,frame_0154,2777.8,speech_anchor_midpoint,,student,EVALUATE_MODEL,EXPLORE_DATA,MIXED,EVALUATING,HIGH
Shana,codap_21apr,frame_0155,2867.9,codap_static_gap_fill,,unknown,EVALUATE_MODEL,EXPLORE_DATA,MIXED,EVALUATING,HIGH
Shana,codap_21apr,frame_0156,2958.0,codap_static_gap_fill,,unknown,EVALUATE_MODEL,EXPLORE_DATA,MIXED,EVALUATING,HIGH
Shana,codap_21apr,frame_0157,3048.3,codap_static_gap_fill,,unknown,EVALUATE_MODEL,EXPLORE_DATA,MIXED,EVALUATING,HIGH
Shana,codap_21apr,frame_0158,3117.8,motion_threshold_exceeded,2.6441,teacher,EVALUATE_MODEL,EXPLORE_DATA,MIXED,EVALUATING,MEDIUM
Shana,codap_21apr,frame_0159,3125.7,motion_threshold_exceeded,1.9458,student,EVALUATE_MODEL,EXPLORE_DATA,MIXED,EVALUATING,MEDIUM
Shana,codap_21apr,frame_0160,3127.9,motion_threshold_exceeded,2.0114,classmate,EVALUATE_MODEL,EXPLORE_DATA,MIXED,EVALUATING,HIGH
Shana,codap_21apr,frame_0161,3141.3,motion_threshold_exceeded,1.4689,classmate,COMPARE_MODELS,,MIXED,EVALUATING,HIGH
Shana,codap_21apr,frame_0162,3141.8,speech_anchor_midpoint,,classmate,COMPARE_MODELS,EXPLORE_DATA,MIXED,EVALUATING,MEDIUM
Shana,codap_21apr,frame_0163,3143.7,motion_threshold_exceeded,1.321,classmate,BUILD_TREE,EXPLORE_DATA,MIXED,BUILDING,MEDIUM
Shana,codap_21apr,frame_0164,3145.3,motion_threshold_exceeded,1.4516,classmate,BUILD_TREE,EXPLORE_DATA,MIXED,BUILDING,MEDIUM
Shana,codap_21apr,frame_0165,3146.8,speech_anchor_midpoint,,classmate,BUILD_TREE,EXPLORE_DATA,MIXED,BUILDING,MEDIUM
Shana,codap_21apr,frame_0166,3153.0,motion_threshold_exceeded,1.424,classmate,BUILD_TREE,EXPLORE_DATA,MIXED,BUILDING,MEDIUM
Shana,codap_21apr,frame_0167,3157.9,speech_anchor_midpoint,,classmate,COMPARE_MODELS,EXPLORE_DATA,MIXED,EVALUATING,MEDIUM
Shana,codap_21apr,frame_0168,3162.1,speech_anchor_midpoint,,classmate,COMPARE_MODELS,EXPLORE_DATA,MIXED,EVALUATING,MEDIUM
Shana,codap_21apr,frame_0169,3163.4,motion_threshold_exceeded,4.7436,classmate,COMPARE_MODELS,EXPLORE_DATA,MIXED,EVALUATING,HIGH
Shana,codap_21apr,frame_0170,3166.3,speech_anchor_midpoint,,student,COMPARE_MODELS,EXPLORE_DATA,MIXED,EVALUATING,MEDIUM
Shana,codap_21apr,frame_0171,3167.7,motion_threshold_exceeded,1.45,classmate,COMPARE_MODELS,EXPLORE_DATA,MIXED,EVALUATING,HIGH
Shana,codap_21apr,frame_0172,3173.8,speech_anchor_midpoint,,classmate,BUILD_TREE,EXPLORE_DATA,MIXED,BUILDING,MEDIUM
Shana,codap_21apr,frame_0173,3179.6,motion_threshold_exceeded,1.4743,classmate,BUILD_TREE,EXPLORE_DATA,MIXED,BUILDING,MEDIUM
Shana,codap_21apr,frame_0174,3201.3,speech_anchor_midpoint,,teacher,BUILD_TREE,EXPLORE_DATA,MIXED,BUILDING,HIGH
Shana,codap_21apr,frame_0175,3203.6,motion_threshold_exceeded,1.4765,teacher,COMPARE_MODELS,EVALUATE_MODEL,MIXED,EVALUATING,HIGH
Shana,codap_21apr,frame_0176,3208.6,motion_threshold_exceeded,2.2967,classmate,BUILD_TREE,COMPARE_MODELS,MIXED,BUILDING,HIGH
Shana,codap_21apr,frame_0177,3211.3,speech_anchor_midpoint,,student,BUILD_TREE,EXPLORE_DATA,MIXED,BUILDING,MEDIUM
Shana,codap_21apr,frame_0178,3212.4,motion_threshold_exceeded,1.6782,classmate,BUILD_TREE,EXPLORE_DATA,MIXED,BUILDING,MEDIUM
Shana,codap_21apr,frame_0179,3218.7,motion_threshold_exceeded,1.5671,teacher,COMPARE_MODELS,EXPLORE_DATA,MIXED,EVALUATING,HIGH
Shana,codap_21apr,frame_0180,3303.8,speech_anchor_midpoint,,classmate,COMPARE_MODELS,EXPLORE_DATA,MIXED,EVALUATING,HIGH
Shana,codap_21apr,frame_0181,3349.6,motion_threshold_exceeded,1.565,teacher,COMPARE_MODELS,EXPLORE_DATA,MIXED,EVALUATING,MEDIUM
Shana,codap_21apr,frame_0182,3363.5,motion_threshold_exceeded,8.5874,teacher,EXPLORE_DATA,COMPARE_MODELS,MENU,SETUP,MEDIUM
Shana,codap_21apr,frame_0183,3364.6,motion_threshold_exceeded,3.8661,classmate,COMPARE_MODELS,EXPLORE_DATA,MIXED,EVALUATING,HIGH
Shana,codap_21apr,frame_0184,3365.8,motion_threshold_exceeded,2.413,classmate,COMPARE_MODELS,EXPLORE_DATA,MIXED,EVALUATING,HIGH
Shana,codap_21apr,frame_0185,3376.4,speech_anchor_midpoint,,classmate,COMPARE_MODELS,EXPLORE_DATA,MIXED,EVALUATING,HIGH
Shana,codap_21apr,frame_0186,3377.8,speech_anchor_midpoint,,student,COMPARE_MODELS,EXPLORE_DATA,MIXED,EVALUATING,HIGH
Shana,codap_21apr,frame_0187,3379.3,speech_anchor_midpoint,,student,COMPARE_MODELS,EXPLORE_DATA,MIXED,EVALUATING,MEDIUM
Shana,codap_21apr,frame_0188,3380.9,motion_threshold_exceeded,79.9614,classmate,COMPARE_MODELS,EXPLORE_DATA,MIXED,EVALUATING,HIGH
Shana,codap_21apr,frame_0189,3382.1,motion_threshold_exceeded,3.2083,classmate,COMPARE_MODELS,,MIXED,EVALUATING,MEDIUM
Shana,codap_21apr,frame_0190,3383.8,speech_anchor_midpoint,,classmate,COMPARE_MODELS,EXPLORE_DATA,MIXED,EVALUATING,HIGH
Shana,codap_21apr,frame_0191,3386.2,motion_threshold_exceeded,1.4107,classmate,COMPARE_MODELS,EXPLORE_DATA,MIXED,EVALUATING,MEDIUM
Shana,codap_21apr,frame_0192,3392.1,speech_anchor_midpoint,,classmate,COMPARE_MODELS,EXPLORE_DATA,MIXED,EVALUATING,MEDIUM
Shana,codap_21apr,frame_0193,3395.7,motion_threshold_exceeded,1.3073,classmate,COMPARE_MODELS,EXPLORE_DATA,MIXED,EVALUATING,HIGH
Shana,codap_21apr,frame_0194,3396.3,speech_anchor_midpoint,,student,COMPARE_MODELS,EXPLORE_DATA,MIXED,EVALUATING,MEDIUM
Shana,codap_21apr,frame_0195,3398.3,speech_anchor_midpoint,,classmate,COMPARE_MODELS,EXPLORE_DATA,MIXED,EVALUATING,HIGH
Shana,codap_21apr,frame_0196,3401.0,motion_threshold_exceeded,80.1262,classmate,COMPARE_MODELS,EXPLORE_DATA,MIXED,EVALUATING,MEDIUM
Shana,codap_21apr,frame_0197,3402.3,motion_threshold_exceeded,4.9211,classmate,IDLE_THINKING,,MENU,IDLE,MEDIUM
Shana,codap_21apr,frame_0198,3404.3,speech_anchor_midpoint,,teacher,COMPARE_MODELS,EXPLORE_DATA,MIXED,EVALUATING,HIGH
Shana,codap_21apr,frame_0199,3406.3,speech_anchor_midpoint,,classmate,COMPARE_MODELS,EXPLORE_DATA,MIXED,EVALUATING,MEDIUM
Shana,codap_21apr,frame_0200,3408.1,motion_threshold_exceeded,76.8916,teacher,COMPARE_MODELS,,MIXED,EVALUATING,MEDIUM
Shana,codap_21apr,frame_0201,3408.4,speech_anchor_midpoint,,classmate,COMPARE_MODELS,,MIXED,EVALUATING,LOW
Shana,codap_21apr,frame_0202,3409.3,motion_threshold_exceeded,3.0779,teacher,COMPARE_MODELS,EXPLORE_DATA,MIXED,EVALUATING,MEDIUM
Shana,codap_21apr,frame_0203,3411.5,motion_threshold_exceeded,77.0965,teacher,COMPARE_MODELS,EXPLORE_DATA,MIXED,EVALUATING,MEDIUM
Shana,codap_21apr,frame_0204,3412.5,speech_anchor_midpoint,,classmate,COMPARE_MODELS,,MIXED,EVALUATING,HIGH
Shana,codap_21apr,frame_0205,3413.5,motion_threshold_exceeded,1.7757,teacher,IDLE_THINKING,,MIXED,IDLE,MEDIUM
Shana,codap_21apr,frame_0206,3414.8,motion_threshold_exceeded,77.2321,teacher,IDLE_THINKING,,MIXED,IDLE,MEDIUM
Shana,codap_21apr,frame_0207,3415.9,speech_anchor_midpoint,,classmate,COMPARE_MODELS,EXPLORE_DATA,MIXED,EVALUATING,MEDIUM
Shana,codap_21apr,frame_0208,3416.3,motion_threshold_exceeded,2.7,teacher,COMPARE_MODELS,EXPLORE_DATA,MIXED,EVALUATING,HIGH
Shana,codap_21apr,frame_0209,3419.2,motion_threshold_exceeded,80.2251,teacher,COMPARE_MODELS,EXPLORE_DATA,MIXED,EVALUATING,MEDIUM
Shana,codap_21apr,frame_0210,3420.3,speech_anchor_midpoint,,teacher,COMPARE_MODELS,,MIXED,EVALUATING,MEDIUM
Shana,codap_21apr,frame_0211,3421.9,motion_threshold_exceeded,77.2463,teacher,COMPARE_MODELS,EXPLORE_DATA,MIXED,EVALUATING,MEDIUM
Shana,codap_21apr,frame_0212,3422.3,motion_threshold_exceeded,3.4132,teacher,COMPARE_MODELS,EXPLORE_DATA,MIXED,EVALUATING,HIGH
Shana,codap_21apr,frame_0213,3423.6,speech_anchor_midpoint,,classmate,COMPARE_MODELS,,TREE,EVALUATING,MEDIUM
Shana,codap_21apr,frame_0214,3424.7,motion_threshold_exceeded,3.3474,teacher,COMPARE_MODELS,,MIXED,EVALUATING,MEDIUM
Shana,codap_21apr,frame_0215,3425.8,speech_anchor_midpoint,,classmate,IDLE_THINKING,,MIXED,IDLE,MEDIUM
Shana,codap_21apr,frame_0216,3427.4,speech_anchor_midpoint,,teacher,COMPARE_MODELS,EXPLORE_DATA,MIXED,EVALUATING,HIGH
Shana,codap_21apr,frame_0217,3431.3,motion_threshold_exceeded,2.5689,teacher,COMPARE_MODELS,EXPLORE_DATA,MIXED,EVALUATING,MEDIUM
Shana,codap_21apr,frame_0218,3432.6,speech_anchor_midpoint,,classmate,COMPARE_MODELS,EXPLORE_DATA,MIXED,EVALUATING,HIGH
Shana,codap_21apr,frame_0219,3440.3,speech_anchor_midpoint,,classmate,COMPARE_MODELS,EXPLORE_DATA,MIXED,EVALUATING,HIGH
Shana,codap_21apr,frame_0220,3442.3,motion_threshold_exceeded,1.2967,student,COMPARE_MODELS,EXPLORE_DATA,MIXED,EVALUATING,HIGH
Shana,codap_21apr,frame_0221,3443.4,speech_anchor_midpoint,,classmate,COMPARE_MODELS,EXPLORE_DATA,MIXED,EVALUATING,HIGH
Shana,codap_21apr,frame_0222,3462.8,speech_anchor_midpoint,,student,COMPARE_MODELS,EXPLORE_DATA,MIXED,EVALUATING,MEDIUM
Shana,codap_21apr,frame_0223,3466.9,speech_anchor_midpoint,,classmate,COMPARE_MODELS,EXPLORE_DATA,MIXED,EVALUATING,HIGH
Shana,codap_21apr,frame_0224,3472.8,speech_anchor_midpoint,,student,COMPARE_MODELS,EXPLORE_DATA,MIXED,EVALUATING,MEDIUM
Shana,codap_21apr,frame_0225,3475.3,speech_anchor_midpoint,,classmate,COMPARE_MODELS,EXPLORE_DATA,MIXED,EVALUATING,MEDIUM
Shana,codap_21apr,frame_0226,3477.4,speech_anchor_midpoint,,classmate,COMPARE_MODELS,EXPLORE_DATA,MIXED,EVALUATING,HIGH
Shana,codap_21apr,frame_0227,3506.2,speech_anchor_midpoint,,student,COMPARE_MODELS,EXPLORE_DATA,MIXED,EVALUATING,HIGH
Shana,codap_21apr,frame_0228,3512.7,speech_anchor_midpoint,,classmate,COMPARE_MODELS,EXPLORE_DATA,MIXED,EVALUATING,HIGH
Shana,codap_21apr,frame_0229,3588.9,motion_threshold_exceeded,2.9132,classmate,COMPARE_MODELS,EXPLORE_DATA,MIXED,EVALUATING,HIGH
Shana,codap_21apr,frame_0230,3678.9,codap_static_gap_fill,,unknown,COMPARE_MODELS,EXPLORE_DATA,MIXED,EVALUATING,HIGH
Shana,codap_21apr,frame_0231,3769.6,codap_static_gap_fill,,unknown,COMPARE_MODELS,EXPLORE_DATA,MIXED,EVALUATING,HIGH
Shana,codap_21apr,frame_0232,3820.8,speech_anchor_midpoint,,classmate,COMPARE_MODELS,EXPLORE_DATA,MIXED,EVALUATING,HIGH
Shana,codap_21apr,frame_0233,3822.4,motion_threshold_exceeded,1.2674,teacher,COMPARE_MODELS,EXPLORE_DATA,MIXED,EVALUATING,HIGH
Shana,codap_21apr,frame_0234,3822.9,speech_anchor_midpoint,,classmate,COMPARE_MODELS,EXPLORE_DATA,MIXED,EVALUATING,HIGH
Shana,codap_21apr,frame_0235,3824.9,speech_anchor_midpoint,,teacher,COMPARE_MODELS,EXPLORE_DATA,MIXED,EVALUATING,HIGH
Shana,codap_21apr,frame_0236,3844.9,speech_anchor_midpoint,,classmate,COMPARE_MODELS,EXPLORE_DATA,MIXED,EVALUATING,HIGH
Shana,codap_21apr,frame_0237,3889.8,motion_threshold_exceeded,2.7915,teacher,COMPARE_MODELS,EXPLORE_DATA,MIXED,EVALUATING,HIGH
Shana,codap_21apr,frame_0238,3980.4,codap_static_gap_fill,,unknown,COMPARE_MODELS,EXPLORE_DATA,MIXED,EVALUATING,HIGH
Shana,codap_21apr,frame_0239,3989.3,motion_threshold_exceeded,2.608,,COMPARE_MODELS,EXPLORE_DATA,MIXED,EVALUATING,HIGH
Shana,codap_21apr,frame_0240,4014.2,motion_threshold_exceeded,2.7924,,COMPARE_MODELS,EXPLORE_DATA,MIXED,EVALUATING,HIGH
Shana,codap_21apr,frame_0241,4104.4,codap_static_gap_fill,,unknown,COMPARE_MODELS,EXPLORE_DATA,MIXED,EVALUATING,HIGH
Shana,codap_21apr,frame_0242,4194.8,codap_static_gap_fill,,unknown,COMPARE_MODELS,EXPLORE_DATA,MIXED,EVALUATING,HIGH
Shana,codap_21apr,frame_0243,4288.1,codap_static_gap_fill,,unknown,COMPARE_MODELS,EXPLORE_DATA,MIXED,EVALUATING,HIGH
Shana,codap_21apr,frame_0244,4378.1,codap_static_gap_fill,,unknown,COMPARE_MODELS,EXPLORE_DATA,MIXED,EVALUATING,HIGH
Shana,codap_21apr,frame_0245,4380.5,motion_threshold_exceeded,1.4475,,COMPARE_MODELS,EXPLORE_DATA,MIXED,EVALUATING,HIGH
Shana,codap_21apr,frame_0246,4382.9,motion_threshold_exceeded,2.2031,,BUILD_TREE,EXPLORE_DATA,MIXED,BUILDING,MEDIUM
Shana,codap_21apr,frame_0247,4385.2,motion_threshold_exceeded,2.1698,,BUILD_TREE,EXPLORE_DATA,MIXED,BUILDING,MEDIUM
Shana,codap_21apr,frame_0248,4395.9,motion_threshold_exceeded,5.0932,,COMPARE_MODELS,EXPLORE_DATA,MIXED,EVALUATING,MEDIUM
Shana,codap_21apr,frame_0249,4397.5,motion_threshold_exceeded,4.6219,,COMPARE_MODELS,EXPLORE_DATA,MIXED,EVALUATING,HIGH
Shana,codap_21apr,frame_0250,4400.6,motion_threshold_exceeded,3.0029,,COMPARE_MODELS,EXPLORE_DATA,MIXED,EVALUATING,HIGH
Shana,codap_21apr,frame_0251,4406.8,motion_threshold_exceeded,3.4622,,COMPARE_MODELS,EXPLORE_DATA,MIXED,EVALUATING,HIGH
Shana,codap_21apr,frame_0252,4497.1,codap_static_gap_fill,,unknown,COMPARE_MODELS,EXPLORE_DATA,MIXED,EVALUATING,HIGH
Shana,codap_21apr,frame_0253,4587.4,codap_static_gap_fill,,unknown,COMPARE_MODELS,EXPLORE_DATA,MIXED,EVALUATING,HIGH
Shana,codap_21apr,frame_0254,4678.3,codap_static_gap_fill,,unknown,COMPARE_MODELS,EXPLORE_DATA,MIXED,EVALUATING,HIGH
Shana,codap_21apr,frame_0255,4768.4,codap_static_gap_fill,,unknown,COMPARE_MODELS,EXPLORE_DATA,MIXED,EVALUATING,HIGH
Shana,codap_21apr,frame_0256,4803.8,speech_anchor_midpoint,,student,COMPARE_MODELS,EXPLORE_DATA,MIXED,EVALUATING,HIGH
Shana,codap_21apr,frame_0257,4808.3,speech_anchor_midpoint,,classmate,BUILD_TREE,EXPLORE_DATA,MIXED,BUILDING,MEDIUM
Shana,codap_21apr,frame_0258,4815.3,speech_anchor_midpoint,,classmate,COMPARE_MODELS,EXPLORE_DATA,MIXED,EVALUATING,HIGH
Shana,codap_21apr,frame_0259,4819.8,motion_threshold_exceeded,1.4487,teacher,COMPARE_MODELS,EXPLORE_DATA,MIXED,EVALUATING,HIGH
Shana,codap_21apr,frame_0260,4820.8,speech_anchor_midpoint,,classmate,BUILD_TREE,EXPLORE_DATA,MIXED,BUILDING,MEDIUM
Shana,codap_21apr,frame_0261,4911.8,codap_static_gap_fill,,unknown,COMPARE_MODELS,EXPLORE_DATA,MIXED,EVALUATING,HIGH
Shana,codap_21apr,frame_0262,4934.8,motion_threshold_exceeded,67.0328,,EXPLORE_DATA,,MENU,SETUP,MEDIUM
Shana,codap_21apr,frame_0263,4937.4,motion_threshold_exceeded,1.9792,,EXPLORE_DATA,,MENU,SETUP,MEDIUM
Shana,codap_21apr,frame_0264,4938.9,motion_threshold_exceeded,66.5544,teacher,COMPARE_MODELS,EXPLORE_DATA,MIXED,EVALUATING,HIGH
Shana,codap_21apr,frame_0265,4940.0,speech_anchor_midpoint,,classmate,COMPARE_MODELS,EXPLORE_DATA,MIXED,EVALUATING,HIGH
Shana,codap_21apr,frame_0266,4941.0,motion_threshold_exceeded,3.9151,teacher,COMPARE_MODELS,,MIXED,EVALUATING,HIGH
Shana,codap_21apr,frame_0267,4942.4,speech_anchor_midpoint,,classmate,COMPARE_MODELS,,MIXED,EVALUATING,MEDIUM
Shana,codap_21apr,frame_0268,4951.5,speech_anchor_midpoint,,classmate,COMPARE_MODELS,EXPLORE_DATA,MIXED,EVALUATING,HIGH
Shana,codap_21apr,frame_0269,4954.2,motion_threshold_exceeded,1.9959,teacher,COMPARE_MODELS,EXPLORE_DATA,MIXED,EVALUATING,HIGH
Shana,codap_21apr,frame_0270,4955.8,motion_threshold_exceeded,77.4904,teacher,COMPARE_MODELS,EXPLORE_DATA,MIXED,EVALUATING,HIGH
Sheila,codap_21apr,frame_0001,7.0,motion_only_fallback,24.0164,unknown,EXPLORE_DATA,,MENU,SETUP,MEDIUM
Sheila,codap_21apr,frame_0002,9.2,motion_only_fallback,2.381,unknown,EXPLORE_DATA,,TREE,SETUP,MEDIUM
Sheila,codap_21apr,frame_0003,48.6,motion_only_fallback,60.2521,unknown,OFF_TASK,,MENU,IDLE,MEDIUM
Sheila,codap_21apr,frame_0004,58.8,motion_only_fallback,70.026,unknown,EXPLORE_DATA,,TREE,SETUP,MEDIUM
Sheila,codap_21apr,frame_0005,103.2,motion_only_fallback,60.2508,unknown,OFF_TASK,,MENU,IDLE,LOW
Sheila,codap_21apr,frame_0006,109.3,motion_only_fallback,2.6073,unknown,OFF_TASK,,MENU,IDLE,MEDIUM
Sheila,codap_21apr,frame_0007,117.5,motion_only_fallback,70.0521,unknown,EXPLORE_DATA,,TREE,SETUP,MEDIUM
Sheila,codap_21apr,frame_0008,130.4,motion_only_fallback,6.1653,unknown,EXPLORE_DATA,,MENU,SETUP,MEDIUM
Sheila,codap_21apr,frame_0009,251.4,motion_only_fallback,26.2486,unknown,EXPLORE_DATA,,MENU,SETUP,MEDIUM
Sheila,codap_21apr,frame_0010,253.1,motion_only_fallback,13.1894,unknown,EXPLORE_DATA,,MENU,SETUP,MEDIUM
Sheila,codap_21apr,frame_0011,254.1,motion_only_fallback,3.4354,unknown,OFF_TASK,,MENU,IDLE,MEDIUM
Sheila,codap_21apr,frame_0012,262.9,motion_only_fallback,6.0123,unknown,OFF_TASK,,MENU,IDLE,HIGH
Sheila,codap_21apr,frame_0013,264.1,motion_only_fallback,1.1146,unknown,OFF_TASK,,MENU,IDLE,HIGH
Sheila,codap_21apr,frame_0014,265.5,motion_only_fallback,1.1186,unknown,OFF_TASK,,MENU,IDLE,HIGH
Sheila,codap_21apr,frame_0015,268.1,motion_only_fallback,6.7085,unknown,OFF_TASK,,MENU,IDLE,HIGH
Sheila,codap_21apr,frame_0016,269.2,motion_only_fallback,7.0195,unknown,OFF_TASK,,MENU,IDLE,HIGH
Sheila,codap_21apr,frame_0017,270.3,motion_only_fallback,6.2371,unknown,OFF_TASK,,MENU,IDLE,HIGH
Sheila,codap_21apr,frame_0018,271.5,motion_only_fallback,7.0197,unknown,OFF_TASK,,MENU,IDLE,HIGH
Sheila,codap_21apr,frame_0019,276.0,motion_only_fallback,1.9535,unknown,OFF_TASK,,MENU,IDLE,HIGH
Sheila,codap_21apr,frame_0020,278.6,motion_only_fallback,3.0073,unknown,OFF_TASK,,MENU,IDLE,HIGH
Sheila,codap_21apr,frame_0021,280.1,motion_only_fallback,6.8083,unknown,OFF_TASK,,MENU,IDLE,HIGH
Sheila,codap_21apr,frame_0022,281.3,motion_only_fallback,5.2413,unknown,OFF_TASK,,MENU,IDLE,HIGH
Sheila,codap_21apr,frame_0023,282.5,motion_only_fallback,9.2521,unknown,OFF_TASK,,MENU,IDLE,HIGH
Sheila,codap_21apr,frame_0024,302.1,motion_only_fallback,85.2919,unknown,OFF_TASK,,MENU,IDLE,HIGH
Sheila,codap_21apr,frame_0025,303.9,motion_only_fallback,0.9292,unknown,OFF_TASK,,MENU,IDLE,HIGH
Sheila,codap_21apr,frame_0026,310.5,motion_only_fallback,6.8742,unknown,EXPLORE_DATA,,MENU,SETUP,HIGH
Sheila,codap_21apr,frame_0027,312.5,motion_only_fallback,7.0355,unknown,EXPLORE_DATA,,MENU,SETUP,HIGH
Sheila,codap_21apr,frame_0028,316.2,motion_only_fallback,4.2126,unknown,OFF_TASK,,MENU,IDLE,HIGH
Sheila,codap_21apr,frame_0029,354.9,motion_only_fallback,6.0448,unknown,OFF_TASK,,MENU,IDLE,HIGH
Sheila,codap_21apr,frame_0030,362.1,motion_only_fallback,10.4479,unknown,OFF_TASK,,MENU,IDLE,HIGH
Sheila,codap_21apr,frame_0031,363.2,motion_only_fallback,66.0503,unknown,OFF_TASK,,MIXED,IDLE,LOW
Sheila,codap_21apr,frame_0032,399.5,motion_only_fallback,6.56,unknown,EXPLORE_DATA,,CODAP,SETUP,HIGH
Sheila,codap_21apr,frame_0033,403.6,motion_only_fallback,1.4178,unknown,EXPLORE_DATA,,MENU,SETUP,MEDIUM
Sheila,codap_21apr,frame_0034,412.0,motion_only_fallback,5.6177,unknown,EXPLORE_DATA,,CODAP,SETUP,MEDIUM
Sheila,codap_21apr,frame_0035,435.5,motion_only_fallback,51.2259,unknown,EXPLORE_DATA,,MENU,SETUP,HIGH
Sheila,codap_21apr,frame_0036,437.7,motion_only_fallback,3.4564,unknown,EXPLORE_DATA,,MENU,SETUP,HIGH
Sheila,codap_21apr,frame_0037,440.4,motion_only_fallback,2.7438,unknown,OFF_TASK,,MENU,IDLE,HIGH
Sheila,codap_21apr,frame_0038,444.0,motion_only_fallback,76.053,unknown,OFF_TASK,,MENU,IDLE,HIGH
Sheila,codap_21apr,frame_0039,445.0,motion_only_fallback,1.4574,unknown,OFF_TASK,,MENU,IDLE,HIGH
Sheila,codap_21apr,frame_0040,446.0,motion_only_fallback,6.9225,unknown,OFF_TASK,,MENU,IDLE,HIGH
Sheila,codap_21apr,frame_0041,447.3,motion_only_fallback,20.4861,unknown,EXPLORE_DATA,,TREE,SETUP,MEDIUM
Sheila,codap_21apr,frame_0042,448.3,motion_only_fallback,3.2504,unknown,EXPLORE_DATA,,TREE,SETUP,MEDIUM
Sheila,codap_21apr,frame_0043,453.9,motion_only_fallback,37.6761,unknown,OFF_TASK,,MENU,IDLE,MEDIUM
Sheila,codap_21apr,frame_0044,455.2,motion_only_fallback,1.0446,unknown,OFF_TASK,,MENU,IDLE,HIGH
Sheila,codap_21apr,frame_0045,459.6,motion_only_fallback,1.8478,unknown,EXPLORE_DATA,,TREE,SETUP,MEDIUM
Sheila,codap_21apr,frame_0046,460.6,motion_only_fallback,7.4252,unknown,EXPLORE_DATA,,TREE,SETUP,MEDIUM
Sheila,codap_21apr,frame_0047,469.3,motion_only_fallback,34.2423,unknown,EXPLORE_DATA,,CODAP,SETUP,MEDIUM
Sheila,codap_21apr,frame_0048,470.6,motion_only_fallback,8.9817,unknown,EXPLORE_DATA,,CODAP,SETUP,MEDIUM
Sheila,codap_21apr,frame_0049,471.6,motion_only_fallback,4.8125,unknown,EXPLORE_DATA,,MIXED,SETUP,MEDIUM
Sheila,codap_21apr,frame_0050,472.6,motion_only_fallback,4.4871,unknown,EXPLORE_DATA,,MIXED,SETUP,MEDIUM
Sheila,codap_21apr,frame_0051,473.9,motion_only_fallback,5.8248,unknown,EXPLORE_DATA,,MIXED,SETUP,MEDIUM
Sheila,codap_21apr,frame_0052,474.9,motion_only_fallback,10.8746,unknown,EXPLORE_DATA,,MIXED,SETUP,MEDIUM
Sheila,codap_21apr,frame_0053,475.9,motion_only_fallback,15.9192,unknown,EXPLORE_DATA,,MIXED,SETUP,MEDIUM
Sheila,codap_21apr,frame_0054,477.0,motion_only_fallback,6.082,unknown,EXPLORE_DATA,,MIXED,SETUP,MEDIUM
Sheila,codap_21apr,frame_0055,480.0,motion_only_fallback,24.3725,unknown,EXPLORE_DATA,,MIXED,SETUP,MEDIUM
Sheila,codap_21apr,frame_0056,481.2,motion_only_fallback,8.8573,unknown,EXPLORE_DATA,,CODAP,SETUP,MEDIUM
Sheila,codap_21apr,frame_0057,482.2,motion_only_fallback,4.2778,unknown,EXPLORE_DATA,,CODAP,SETUP,MEDIUM
Sheila,codap_21apr,frame_0058,484.6,motion_only_fallback,7.7882,unknown,EXPLORE_DATA,,CODAP,SETUP,MEDIUM
Sheila,codap_21apr,frame_0059,489.0,motion_only_fallback,6.4471,unknown,EXPLORE_DATA,,CODAP,SETUP,MEDIUM
Sheila,codap_21apr,frame_0060,549.1,motion_only_fallback,1.1572,unknown,EXPLORE_DATA,,MIXED,SETUP,MEDIUM
Sheila,codap_21apr,frame_0061,550.3,motion_only_fallback,0.9128,unknown,EXPLORE_DATA,,CODAP,SETUP,MEDIUM
Sheila,codap_21apr,frame_0062,553.1,motion_only_fallback,1.4578,unknown,EXPLORE_DATA,,CODAP,SETUP,MEDIUM
Sheila,codap_21apr,frame_0063,557.6,motion_only_fallback,2.9213,unknown,EXPLORE_DATA,,MIXED,SETUP,MEDIUM
Sheila,codap_21apr,frame_0064,559.5,motion_only_fallback,2.2043,unknown,EXPLORE_DATA,,CODAP,SETUP,HIGH
Sheila,codap_21apr,frame_0065,560.7,motion_only_fallback,1.463,unknown,EXPLORE_DATA,,MIXED,SETUP,HIGH
Sheila,codap_21apr,frame_0066,561.9,motion_only_fallback,2.2485,unknown,EXPLORE_DATA,,MIXED,SETUP,HIGH
Sheila,codap_21apr,frame_0067,606.8,motion_only_fallback,6.5066,unknown,EXPLORE_DATA,,CODAP,SETUP,HIGH
Sheila,codap_21apr,frame_0068,608.2,motion_only_fallback,1.0102,unknown,EXPLORE_DATA,,MIXED,SETUP,HIGH
Sheila,codap_21apr,frame_0069,609.4,motion_only_fallback,4.9389,unknown,EXPLORE_DATA,,MIXED,SETUP,HIGH
Sheila,codap_21apr,frame_0070,616.8,motion_only_fallback,2.3042,unknown,EXPLORE_DATA,,MIXED,SETUP,HIGH
Sheila,codap_21apr,frame_0071,622.8,motion_only_fallback,2.0272,unknown,EXPLORE_DATA,,MIXED,SETUP,HIGH
Sheila,codap_21apr,frame_0072,712.6,motion_only_fallback,1.9786,unknown,EXPLORE_DATA,,MIXED,SETUP,HIGH
Sheila,codap_21apr,frame_0073,716.2,motion_only_fallback,1.9932,unknown,EXPLORE_DATA,,MIXED,SETUP,MEDIUM
Sheila,codap_21apr,frame_0074,729.3,motion_only_fallback,3.0976,unknown,EXPLORE_DATA,,MIXED,SETUP,HIGH
Sheila,codap_21apr,frame_0075,753.2,motion_only_fallback,1.6422,unknown,EXPLORE_DATA,SELECT_TARGET,MIXED,SETUP,MEDIUM
Sheila,codap_21apr,frame_0076,838.2,motion_only_fallback,2.6019,unknown,EXPLORE_DATA,,MIXED,SETUP,HIGH
Sheila,codap_21apr,frame_0077,847.0,motion_only_fallback,1.7164,unknown,EXPLORE_DATA,SELECT_TARGET,MIXED,SETUP,MEDIUM
Sheila,codap_21apr,frame_0078,852.6,motion_only_fallback,0.8696,unknown,EXPLORE_DATA,,MIXED,SETUP,HIGH
Sheila,codap_21apr,frame_0079,853.6,motion_only_fallback,3.485,unknown,EXPLORE_DATA,,MENU,SETUP,MEDIUM
Sheila,codap_21apr,frame_0080,856.8,motion_only_fallback,3.413,unknown,EXPLORE_DATA,,MIXED,SETUP,HIGH
Sheila,codap_21apr,frame_0081,861.2,motion_only_fallback,0.8665,unknown,EXPLORE_DATA,,MIXED,SETUP,HIGH
Sheila,codap_21apr,frame_0082,866.4,motion_only_fallback,10.5069,unknown,EXPLORE_DATA,,MIXED,SETUP,HIGH
Sheila,codap_21apr,frame_0083,869.2,motion_only_fallback,7.8125,unknown,EXPLORE_DATA,,MIXED,SETUP,HIGH
Sheila,codap_21apr,frame_0084,923.6,motion_only_fallback,2.6474,unknown,EXPLORE_DATA,,MIXED,SETUP,HIGH
Sheila,codap_21apr,frame_0085,927.9,motion_only_fallback,2.7172,unknown,EXPLORE_DATA,,MIXED,SETUP,HIGH
Sheila,codap_21apr,frame_0086,929.4,motion_only_fallback,2.6753,unknown,EXPLORE_DATA,,MIXED,SETUP,HIGH
Sheila,codap_21apr,frame_0087,943.9,motion_only_fallback,1.5066,unknown,EXPLORE_DATA,SELECT_TARGET,MIXED,SETUP,MEDIUM
Sheila,codap_21apr,frame_0088,962.6,motion_only_fallback,2.6433,unknown,EXPLORE_DATA,,MIXED,SETUP,HIGH
Sheila,codap_21apr,frame_0089,1063.4,silent_screen_gap_fill,,unknown,EXPLORE_DATA,,MIXED,SETUP,HIGH
Sheila,codap_21apr,frame_0090,1163.5,silent_screen_gap_fill,,unknown,EXPLORE_DATA,,MIXED,SETUP,HIGH
Sheila,codap_21apr,frame_0091,1263.5,silent_screen_gap_fill,,unknown,EXPLORE_DATA,,MIXED,SETUP,HIGH
Sheila,codap_21apr,frame_0092,1363.8,silent_screen_gap_fill,,unknown,EXPLORE_DATA,EXPLORE_DATA,MIXED,SETUP,MEDIUM
Sheila,codap_21apr,frame_0093,1399.3,motion_only_fallback,1.9875,unknown,EXPLORE_DATA,,MIXED,SETUP,MEDIUM
Sheila,codap_21apr,frame_0094,1400.7,motion_only_fallback,4.1657,unknown,EXPLORE_DATA,,MIXED,SETUP,MEDIUM
Sheila,codap_21apr,frame_0095,1402.7,motion_only_fallback,0.9603,unknown,EXPLORE_DATA,,MIXED,SETUP,MEDIUM
Sheila,codap_21apr,frame_0096,1403.7,motion_only_fallback,0.814,unknown,EXPLORE_DATA,,MIXED,SETUP,MEDIUM
Sheila,codap_21apr,frame_0097,1452.4,motion_only_fallback,2.8893,unknown,EXPLORE_DATA,,MIXED,SETUP,MEDIUM
Sheila,codap_21apr,frame_0098,1493.0,motion_only_fallback,2.8546,unknown,EXPLORE_DATA,,MIXED,SETUP,MEDIUM
Sheila,codap_21apr,frame_0099,1586.4,motion_only_fallback,1.0934,unknown,EXPLORE_DATA,,MIXED,SETUP,MEDIUM
Sheila,codap_21apr,frame_0100,1593.7,motion_only_fallback,3.4552,unknown,EXPLORE_DATA,,MIXED,SETUP,MEDIUM
Sheila,codap_21apr,frame_0101,1628.9,motion_only_fallback,1.5779,unknown,EXPLORE_DATA,,MIXED,SETUP,MEDIUM
Sheila,codap_21apr,frame_0102,1634.3,motion_only_fallback,1.0191,unknown,EXPLORE_DATA,,MIXED,SETUP,MEDIUM
Sheila,codap_21apr,frame_0103,1641.5,motion_only_fallback,1.8902,unknown,EXPLORE_DATA,,MIXED,SETUP,MEDIUM
Sheila,codap_21apr,frame_0104,1647.5,motion_only_fallback,3.3343,unknown,EXPLORE_DATA,,MIXED,SETUP,MEDIUM
Sheila,codap_21apr,frame_0105,1655.5,motion_only_fallback,6.1387,unknown,EXPLORE_DATA,,MIXED,SETUP,MEDIUM
Sheila,codap_21apr,frame_0106,1678.2,motion_only_fallback,2.2564,unknown,EXPLORE_DATA,,MIXED,SETUP,MEDIUM
Sheila,codap_21apr,frame_0107,1681.3,motion_only_fallback,17.8412,unknown,EXPLORE_DATA,,MIXED,SETUP,MEDIUM
Sheila,codap_21apr,frame_0108,1683.0,motion_only_fallback,8.8486,unknown,EXPLORE_DATA,,MIXED,SETUP,MEDIUM
Sheila,codap_21apr,frame_0109,1684.5,motion_only_fallback,10.3382,unknown,EXPLORE_DATA,,MIXED,SETUP,MEDIUM
Sheila,codap_21apr,frame_0110,1686.2,motion_only_fallback,16.9024,unknown,EXPLORE_DATA,,MIXED,SETUP,MEDIUM
Sheila,codap_21apr,frame_0111,1687.2,motion_only_fallback,12.3158,unknown,EXPLORE_DATA,,MIXED,SETUP,MEDIUM
Sheila,codap_21apr,frame_0112,1691.0,motion_only_fallback,7.9124,unknown,EXPLORE_DATA,,MIXED,SETUP,MEDIUM
Sheila,codap_21apr,frame_0113,1692.5,motion_only_fallback,3.9742,unknown,EXPLORE_DATA,,MIXED,SETUP,MEDIUM
Sheila,codap_21apr,frame_0114,1701.5,motion_only_fallback,16.8962,unknown,EXPLORE_DATA,,MIXED,SETUP,MEDIUM
Sheila,codap_21apr,frame_0115,1702.7,motion_only_fallback,5.1971,unknown,EXPLORE_DATA,,MIXED,SETUP,MEDIUM
Sheila,codap_21apr,frame_0116,1706.6,motion_only_fallback,17.9381,unknown,EXPLORE_DATA,,MIXED,SETUP,MEDIUM
Sheila,codap_21apr,frame_0117,1707.7,motion_only_fallback,0.8576,unknown,EXPLORE_DATA,,MIXED,SETUP,MEDIUM
Sheila,codap_21apr,frame_0118,1724.1,motion_only_fallback,17.8416,unknown,EXPLORE_DATA,,MIXED,SETUP,MEDIUM
Sheila,codap_21apr,frame_0119,1761.7,motion_only_fallback,7.9444,unknown,EXPLORE_DATA,,MIXED,SETUP,MEDIUM
Sheila,codap_21apr,frame_0120,1762.9,motion_only_fallback,11.1779,unknown,EXPLORE_DATA,,MIXED,SETUP,HIGH
Sheila,codap_21apr,frame_0121,1765.2,motion_only_fallback,16.8989,unknown,EXPLORE_DATA,,MIXED,SETUP,MEDIUM
Sheila,codap_21apr,frame_0122,1865.6,silent_screen_gap_fill,,unknown,EXPLORE_DATA,,MIXED,SETUP,MEDIUM
Sheila,codap_21apr,frame_0123,1950.2,motion_only_fallback,2.7353,unknown,EXPLORE_DATA,,MIXED,SETUP,MEDIUM
Sheila,codap_21apr,frame_0124,1953.9,motion_only_fallback,0.8125,unknown,EXPLORE_DATA,,MIXED,SETUP,MEDIUM
Sheila,codap_21apr,frame_0125,1971.2,motion_only_fallback,18.326,unknown,EXPLORE_DATA,,MIXED,SETUP,HIGH
Sheila,codap_21apr,frame_0126,1977.3,motion_only_fallback,7.9778,unknown,EXPLORE_DATA,,CODAP,SETUP,HIGH
Sheila,codap_21apr,frame_0127,2001.1,motion_only_fallback,3.5224,unknown,EXPLORE_DATA,,CODAP,SETUP,HIGH
Sheila,codap_21apr,frame_0128,2101.2,silent_screen_gap_fill,,unknown,EXPLORE_DATA,,CODAP,SETUP,HIGH
Sheila,codap_21apr,frame_0129,2113.3,motion_only_fallback,0.831,unknown,EXPLORE_DATA,,MIXED,SETUP,MEDIUM
Sheila,codap_21apr,frame_0130,2117.5,motion_only_fallback,0.8169,unknown,EXPLORE_DATA,,CODAP,SETUP,HIGH
Sheila,codap_21apr,frame_0131,2120.1,motion_only_fallback,1.0137,unknown,EXPLORE_DATA,SELECT_TARGET,MIXED,SETUP,MEDIUM
Sheila,codap_21apr,frame_0132,2121.9,motion_only_fallback,1.4361,unknown,EXPLORE_DATA,,MIXED,SETUP,MEDIUM
Sheila,codap_21apr,frame_0133,2129.4,motion_only_fallback,2.5596,unknown,EXPLORE_DATA,,MIXED,SETUP,MEDIUM
Sheila,codap_21apr,frame_0134,2135.1,motion_only_fallback,3.0143,unknown,EXPLORE_DATA,,MIXED,SETUP,HIGH
Sheila,codap_21apr,frame_0135,2165.9,motion_only_fallback,6.5237,unknown,EXPLORE_DATA,,MIXED,SETUP,MEDIUM
Sheila,codap_21apr,frame_0136,2169.5,motion_only_fallback,0.8171,unknown,BUILD_TREE,EXPLORE_DATA,MIXED,BUILDING,MEDIUM
Sheila,codap_21apr,frame_0137,2197.2,motion_only_fallback,1.5378,unknown,EXPLORE_DATA,,MIXED,SETUP,MEDIUM
Sheila,codap_21apr,frame_0138,2297.8,silent_screen_gap_fill,,unknown,EXPLORE_DATA,EXPLORE_DATA,MIXED,SETUP,MEDIUM
Sheila,codap_21apr,frame_0139,2307.2,motion_only_fallback,1.7913,unknown,EXPLORE_DATA,,MIXED,SETUP,MEDIUM
Sheila,codap_21apr,frame_0140,2308.4,motion_only_fallback,1.2157,unknown,BUILD_TREE,EXPLORE_DATA,MIXED,BUILDING,MEDIUM
Sheila,codap_21apr,frame_0141,2311.1,motion_only_fallback,2.2178,unknown,EXPLORE_DATA,EXPLORE_DATA,CODAP,SETUP,MEDIUM
Sheila,codap_21apr,frame_0142,2352.9,motion_only_fallback,1.3393,unknown,BUILD_TREE,EXPLORE_DATA,MIXED,BUILDING,MEDIUM
Sheila,codap_21apr,frame_0143,2371.5,motion_only_fallback,1.5972,unknown,EVALUATE_MODEL,EXPLORE_DATA,MIXED,EVALUATING,MEDIUM
Sheila,codap_21apr,frame_0144,2471.7,silent_screen_gap_fill,,unknown,TUNE_THRESHOLD,EXPLORE_DATA,MIXED,TUNING,MEDIUM
Sheila,codap_21apr,frame_0145,2572.5,silent_screen_gap_fill,,unknown,TUNE_THRESHOLD,EXPLORE_DATA,MIXED,TUNING,MEDIUM
Sheila,codap_21apr,frame_0146,2609.1,motion_only_fallback,1.1904,unknown,EXPLORE_DATA,,CODAP,SETUP,MEDIUM
Sheila,codap_21apr,frame_0147,2611.3,motion_only_fallback,2.6782,unknown,TUNE_THRESHOLD,EXPLORE_DATA,MIXED,TUNING,MEDIUM
Sheila,codap_21apr,frame_0148,2617.6,motion_only_fallback,16.8171,unknown,TUNE_THRESHOLD,EXPLORE_DATA,MIXED,TUNING,MEDIUM
Sheila,codap_21apr,frame_0149,2637.1,motion_only_fallback,16.526,unknown,TUNE_THRESHOLD,EXPLORE_DATA,MIXED,TUNING,HIGH
Sheila,codap_21apr,frame_0150,2736.0,motion_only_fallback,0.8823,unknown,EVALUATE_MODEL,EXPLORE_DATA,MIXED,EVALUATING,MEDIUM
Sheila,codap_21apr,frame_0151,2756.1,motion_only_fallback,1.8823,unknown,EVALUATE_MODEL,EXPLORE_DATA,MIXED,EVALUATING,MEDIUM
Sheila,codap_21apr,frame_0152,2770.1,motion_only_fallback,0.8551,unknown,EVALUATE_MODEL,EXPLORE_DATA,MIXED,EVALUATING,HIGH
Sheila,codap_21apr,frame_0153,2773.2,motion_only_fallback,0.8457,unknown,EVALUATE_MODEL,EXPLORE_DATA,MIXED,EVALUATING,HIGH
Sheila,codap_21apr,frame_0154,2874.2,silent_screen_gap_fill,,unknown,EVALUATE_MODEL,EXPLORE_DATA,MIXED,EVALUATING,HIGH
Sheila,codap_21apr,frame_0155,2974.3,silent_screen_gap_fill,,unknown,EVALUATE_MODEL,EXPLORE_DATA,MIXED,EVALUATING,HIGH
Sheila,codap_21apr,frame_0156,2986.4,motion_only_fallback,0.8549,unknown,EVALUATE_MODEL,EXPLORE_DATA,MIXED,EVALUATING,HIGH
Sheila,codap_21apr,frame_0157,2990.9,motion_only_fallback,0.8551,unknown,EVALUATE_MODEL,EXPLORE_DATA,MIXED,EVALUATING,HIGH
Sheila,codap_21apr,frame_0158,3091.7,silent_screen_gap_fill,,unknown,EVALUATE_MODEL,EXPLORE_DATA,MIXED,EVALUATING,HIGH
Sheila,codap_21apr,frame_0159,3146.6,motion_only_fallback,1.5818,unknown,EVALUATE_MODEL,EXPLORE_DATA,MIXED,EVALUATING,HIGH
Sheila,codap_21apr,frame_0160,3159.0,motion_only_fallback,1.4082,unknown,EVALUATE_MODEL,EXPLORE_DATA,MIXED,EVALUATING,MEDIUM
Sheila,codap_21apr,frame_0161,3168.2,motion_only_fallback,1.4545,unknown,EVALUATE_MODEL,EXPLORE_DATA,MIXED,EVALUATING,HIGH
Sheila,codap_21apr,frame_0162,3169.8,motion_only_fallback,1.4315,unknown,EVALUATE_MODEL,EXPLORE_DATA,MIXED,EVALUATING,MEDIUM
Sheila,codap_21apr,frame_0163,3171.7,motion_only_fallback,1.43,unknown,EVALUATE_MODEL,EXPLORE_DATA,MIXED,EVALUATING,MEDIUM
Sheila,codap_21apr,frame_0164,3195.0,motion_only_fallback,1.4334,unknown,EVALUATE_MODEL,EXPLORE_DATA,MIXED,EVALUATING,MEDIUM
Sheila,codap_21apr,frame_0165,3196.1,motion_only_fallback,1.4182,unknown,EVALUATE_MODEL,EXPLORE_DATA,MIXED,EVALUATING,HIGH
Sheila,codap_21apr,frame_0166,3214.8,motion_only_fallback,3.3621,unknown,TUNE_THRESHOLD,EXPLORE_DATA,MIXED,TUNING,HIGH
Sheila,codap_21apr,frame_0167,3220.6,motion_only_fallback,3.2961,unknown,EVALUATE_MODEL,EXPLORE_DATA,MIXED,EVALUATING,MEDIUM
Sheila,codap_21apr,frame_0168,3225.7,motion_only_fallback,3.3648,unknown,TUNE_THRESHOLD,EXPLORE_DATA,MIXED,TUNING,HIGH
Sheila,codap_21apr,frame_0169,3230.6,motion_only_fallback,3.2886,unknown,EVALUATE_MODEL,EXPLORE_DATA,MIXED,EVALUATING,HIGH
Sheila,codap_21apr,frame_0170,3236.2,motion_only_fallback,3.3607,unknown,TUNE_THRESHOLD,EXPLORE_DATA,MIXED,TUNING,HIGH
Sheila,codap_21apr,frame_0171,3239.9,motion_only_fallback,3.2961,unknown,EVALUATE_MODEL,EXPLORE_DATA,MIXED,EVALUATING,HIGH
Sheila,codap_21apr,frame_0172,3244.1,motion_only_fallback,3.3663,unknown,TUNE_THRESHOLD,EXPLORE_DATA,MIXED,TUNING,HIGH
Sheila,codap_21apr,frame_0173,3248.3,motion_only_fallback,3.2961,unknown,EVALUATE_MODEL,EXPLORE_DATA,MIXED,EVALUATING,MEDIUM
Sheila,codap_21apr,frame_0174,3255.2,motion_only_fallback,3.3675,unknown,TUNE_THRESHOLD,EXPLORE_DATA,MIXED,TUNING,HIGH
Sheila,codap_21apr,frame_0175,3262.3,motion_only_fallback,1.7004,unknown,TUNE_THRESHOLD,EXPLORE_DATA,MIXED,TUNING,HIGH
Sheila,codap_21apr,frame_0176,3265.9,motion_only_fallback,2.3356,unknown,TUNE_THRESHOLD,EXPLORE_DATA,MIXED,TUNING,MEDIUM
Sheila,codap_21apr,frame_0177,3354.8,motion_only_fallback,4.2747,unknown,EVALUATE_MODEL,EXPLORE_DATA,MIXED,EVALUATING,MEDIUM
Sheila,codap_21apr,frame_0178,3357.9,motion_only_fallback,0.8484,unknown,BUILD_TREE,EXPLORE_DATA,MIXED,BUILDING,MEDIUM
Sheila,codap_21apr,frame_0179,3365.7,motion_only_fallback,1.515,unknown,EVALUATE_MODEL,EXPLORE_DATA,MIXED,EVALUATING,MEDIUM
Sheila,codap_21apr,frame_0180,3373.3,motion_only_fallback,2.1644,unknown,EVALUATE_MODEL,EXPLORE_DATA,MIXED,EVALUATING,MEDIUM
Sheila,codap_21apr,frame_0181,3441.4,motion_only_fallback,3.4425,unknown,TUNE_THRESHOLD,EXPLORE_DATA,MIXED,TUNING,MEDIUM
Sheila,codap_21apr,frame_0182,3451.9,motion_only_fallback,1.3017,unknown,TUNE_THRESHOLD,EXPLORE_DATA,MIXED,TUNING,MEDIUM
Sheila,codap_21apr,frame_0183,3461.9,motion_only_fallback,17.4026,unknown,EVALUATE_MODEL,EXPLORE_DATA,MIXED,EVALUATING,MEDIUM
Sheila,codap_21apr,frame_0184,3484.2,motion_only_fallback,17.4028,unknown,TUNE_THRESHOLD,EXPLORE_DATA,MIXED,TUNING,MEDIUM
Sheila,codap_21apr,frame_0185,3487.7,motion_only_fallback,3.4487,unknown,EVALUATE_MODEL,EXPLORE_DATA,MIXED,EVALUATING,MEDIUM
Sheila,codap_21apr,frame_0186,3493.1,motion_only_fallback,3.4259,unknown,TUNE_THRESHOLD,EVALUATE_MODEL,MIXED,TUNING,HIGH
Sheila,codap_21apr,frame_0187,3504.7,motion_only_fallback,3.4462,unknown,EVALUATE_MODEL,EXPLORE_DATA,MIXED,EVALUATING,MEDIUM
Sheila,codap_21apr,frame_0188,3513.2,motion_only_fallback,3.4533,unknown,TUNE_THRESHOLD,EXPLORE_DATA,MIXED,TUNING,MEDIUM
Sheila,codap_21apr,frame_0189,3519.2,motion_only_fallback,3.4497,unknown,EVALUATE_MODEL,EXPLORE_DATA,MIXED,EVALUATING,HIGH
Sheila,codap_21apr,frame_0190,3521.7,motion_only_fallback,3.4437,unknown,TUNE_THRESHOLD,EXPLORE_DATA,MIXED,TUNING,MEDIUM
Sheila,codap_21apr,frame_0191,3525.4,motion_only_fallback,3.4425,unknown,EVALUATE_MODEL,EXPLORE_DATA,MIXED,EVALUATING,HIGH
Sheila,codap_21apr,frame_0192,3530.1,motion_only_fallback,3.446,unknown,TUNE_THRESHOLD,EXPLORE_DATA,MIXED,TUNING,HIGH
Sheila,codap_21apr,frame_0193,3535.3,motion_only_fallback,3.4479,unknown,EVALUATE_MODEL,EXPLORE_DATA,MIXED,EVALUATING,MEDIUM
Sheila,codap_21apr,frame_0194,3537.6,motion_only_fallback,3.4417,unknown,TUNE_THRESHOLD,EXPLORE_DATA,MIXED,TUNING,HIGH
Sheila,codap_21apr,frame_0195,3541.3,motion_only_fallback,3.4485,unknown,EVALUATE_MODEL,EXPLORE_DATA,MIXED,EVALUATING,MEDIUM
Sheila,codap_21apr,frame_0196,3544.9,motion_only_fallback,3.4454,unknown,TUNE_THRESHOLD,EXPLORE_DATA,MIXED,TUNING,MEDIUM
Sheila,codap_21apr,frame_0197,3548.9,motion_only_fallback,3.4508,unknown,EVALUATE_MODEL,EXPLORE_DATA,MIXED,EVALUATING,HIGH
Sheila,codap_21apr,frame_0198,3552.5,motion_only_fallback,2.0498,unknown,COMPARE_MODELS,EXPLORE_DATA,MIXED,EVALUATING,HIGH
Sheila,codap_21apr,frame_0199,3605.2,motion_only_fallback,0.8567,unknown,COMPARE_MODELS,EXPLORE_DATA,MIXED,EVALUATING,MEDIUM
Sheila,codap_21apr,frame_0200,3606.6,motion_only_fallback,0.8783,unknown,BUILD_TREE,EXPLORE_DATA,MIXED,BUILDING,MEDIUM
Sheila,codap_21apr,frame_0201,3627.2,motion_only_fallback,1.3997,unknown,COMPARE_MODELS,EXPLORE_DATA,MIXED,EVALUATING,MEDIUM
Sheila,codap_21apr,frame_0202,3661.5,motion_only_fallback,17.4132,unknown,COMPARE_MODELS,EXPLORE_DATA,MIXED,EVALUATING,HIGH
Sheila,codap_21apr,frame_0203,3675.2,motion_only_fallback,17.4896,unknown,BUILD_TREE,EXPLORE_DATA,MIXED,BUILDING,MEDIUM
Sheila,codap_21apr,frame_0204,3691.4,motion_only_fallback,3.478,unknown,TUNE_THRESHOLD,EXPLORE_DATA,MIXED,TUNING,MEDIUM
Sheila,codap_21apr,frame_0205,3707.2,motion_only_fallback,0.988,unknown,TUNE_THRESHOLD,COMPARE_MODELS,MIXED,TUNING,MEDIUM
Sheila,codap_21apr,frame_0206,3721.1,motion_only_fallback,1.347,unknown,COMPARE_MODELS,EXPLORE_DATA,MIXED,EVALUATING,MEDIUM
Sheila,codap_21apr,frame_0207,3724.9,motion_only_fallback,17.412,unknown,COMPARE_MODELS,EXPLORE_DATA,MIXED,EVALUATING,MEDIUM
Sheila,codap_21apr,frame_0208,3741.0,motion_only_fallback,17.4103,unknown,TUNE_THRESHOLD,EXPLORE_DATA,MIXED,TUNING,MEDIUM
Sheila,codap_21apr,frame_0209,3758.6,motion_only_fallback,17.4167,unknown,COMPARE_MODELS,EXPLORE_DATA,MIXED,EVALUATING,MEDIUM
Sheila,codap_21apr,frame_0210,3766.4,motion_only_fallback,17.4109,unknown,TUNE_THRESHOLD,EXPLORE_DATA,MIXED,TUNING,MEDIUM
Sheila,codap_21apr,frame_0211,3778.7,motion_only_fallback,2.0619,unknown,COMPARE_MODELS,EXPLORE_DATA,MIXED,EVALUATING,MEDIUM
Sheila,codap_21apr,frame_0212,3879.2,silent_screen_gap_fill,,unknown,COMPARE_MODELS,EXPLORE_DATA,MIXED,EVALUATING,HIGH
Sheila,codap_21apr,frame_0213,3979.2,silent_screen_gap_fill,,unknown,COMPARE_MODELS,EXPLORE_DATA,MIXED,EVALUATING,HIGH
Sheila,codap_21apr,frame_0214,3985.0,motion_only_fallback,0.8848,unknown,BUILD_TREE,EXPLORE_DATA,MIXED,BUILDING,MEDIUM
Sheila,codap_21apr,frame_0215,4000.1,motion_only_fallback,6.6208,unknown,COMPARE_MODELS,EXPLORE_DATA,MIXED,EVALUATING,MEDIUM
Sheila,codap_21apr,frame_0216,4001.3,motion_only_fallback,6.5816,unknown,COMPARE_MODELS,EXPLORE_DATA,MIXED,EVALUATING,HIGH
Sheila,codap_21apr,frame_0217,4022.9,motion_only_fallback,1.3225,unknown,COMPARE_MODELS,EXPLORE_DATA,MIXED,EVALUATING,HIGH
Sheila,codap_21apr,frame_0218,4054.0,motion_only_fallback,1.0617,unknown,TUNE_THRESHOLD,EXPLORE_DATA,MIXED,TUNING,HIGH
Sheila,codap_21apr,frame_0219,4060.1,motion_only_fallback,3.4375,unknown,COMPARE_MODELS,EXPLORE_DATA,MIXED,EVALUATING,HIGH
Sheila,codap_21apr,frame_0220,4068.9,motion_only_fallback,2.0496,unknown,COMPARE_MODELS,EXPLORE_DATA,MIXED,EVALUATING,MEDIUM
Sheila,codap_21apr,frame_0221,4169.5,silent_screen_gap_fill,,unknown,COMPARE_MODELS,EXPLORE_DATA,MIXED,EVALUATING,MEDIUM
Sheila,codap_21apr,frame_0222,4175.1,motion_only_fallback,2.6132,unknown,COMPARE_MODELS,EXPLORE_DATA,MIXED,EVALUATING,HIGH
Sheila,codap_21apr,frame_0223,4179.6,motion_only_fallback,0.8989,unknown,BUILD_TREE,EXPLORE_DATA,MIXED,BUILDING,MEDIUM
Sheila,codap_21apr,frame_0224,4203.8,motion_only_fallback,1.4113,unknown,COMPARE_MODELS,EXPLORE_DATA,MIXED,EVALUATING,HIGH
Sheila,codap_21apr,frame_0225,4211.3,motion_only_fallback,2.0041,unknown,COMPARE_MODELS,EXPLORE_DATA,MIXED,EVALUATING,MEDIUM
Sheila,codap_21apr,frame_0226,4235.1,motion_only_fallback,17.1854,unknown,TUNE_THRESHOLD,EXPLORE_DATA,MIXED,TUNING,HIGH
Sheila,codap_21apr,frame_0227,4238.7,motion_only_fallback,3.3729,unknown,COMPARE_MODELS,EXPLORE_DATA,MIXED,EVALUATING,HIGH
Sheila,codap_21apr,frame_0228,4241.7,motion_only_fallback,2.2863,unknown,COMPARE_MODELS,EXPLORE_DATA,MIXED,EVALUATING,HIGH
Sheila,codap_21apr,frame_0229,4248.5,motion_only_fallback,2.0345,unknown,COMPARE_MODELS,EXPLORE_DATA,MIXED,EVALUATING,HIGH
Sheila,codap_21apr,frame_0230,4251.5,motion_only_fallback,0.9433,unknown,BUILD_TREE,EXPLORE_DATA,MIXED,BUILDING,HIGH
Sheila,codap_21apr,frame_0231,4257.2,motion_only_fallback,1.8962,unknown,BUILD_TREE,EXPLORE_DATA,MIXED,BUILDING,MEDIUM
Sheila,codap_21apr,frame_0232,4267.4,motion_only_fallback,17.4232,unknown,BUILD_TREE,EXPLORE_DATA,MIXED,BUILDING,MEDIUM
Sheila,codap_21apr,frame_0233,4274.6,motion_only_fallback,17.1854,unknown,TUNE_THRESHOLD,EXPLORE_DATA,MIXED,TUNING,MEDIUM
Sheila,codap_21apr,frame_0234,4286.5,motion_only_fallback,1.5588,unknown,COMPARE_MODELS,EXPLORE_DATA,MIXED,EVALUATING,HIGH
Sheila,codap_21apr,frame_0235,4368.3,motion_only_fallback,1.6433,unknown,COMPARE_MODELS,EXPLORE_DATA,MIXED,EVALUATING,HIGH
Sheila,codap_21apr,frame_0236,4469.3,silent_screen_gap_fill,,unknown,COMPARE_MODELS,EXPLORE_DATA,MIXED,EVALUATING,MEDIUM
Sheila,codap_21apr,frame_0237,4569.6,silent_screen_gap_fill,,unknown,COMPARE_MODELS,EXPLORE_DATA,MIXED,EVALUATING,HIGH
Sheila,codap_21apr,frame_0238,4670.3,silent_screen_gap_fill,,unknown,COMPARE_MODELS,EXPLORE_DATA,MIXED,EVALUATING,HIGH
Sheila,codap_21apr,frame_0239,4699.4,motion_only_fallback,2.0534,unknown,BUILD_TREE,EXPLORE_DATA,MIXED,BUILDING,MEDIUM
Sheila,codap_21apr,frame_0240,4708.1,motion_only_fallback,1.5033,unknown,BUILD_TREE,EXPLORE_DATA,MIXED,BUILDING,MEDIUM
Sheila,codap_21apr,frame_0241,4709.6,motion_only_fallback,16.7346,unknown,COMPARE_MODELS,BUILD_TREE,MIXED,EVALUATING,MEDIUM
Sheila,codap_21apr,frame_0242,4749.9,motion_only_fallback,1.2029,unknown,BUILD_TREE,EXPLORE_DATA,MIXED,BUILDING,MEDIUM
Sheila,codap_21apr,frame_0243,4758.8,motion_only_fallback,1.5106,unknown,BUILD_TREE,EXPLORE_DATA,MIXED,BUILDING,MEDIUM
Sheila,codap_21apr,frame_0244,4760.4,motion_only_fallback,1.7919,unknown,BUILD_TREE,EXPLORE_DATA,MIXED,BUILDING,MEDIUM
Sheila,codap_21apr,frame_0245,4804.2,motion_only_fallback,2.0017,unknown,COMPARE_MODELS,EXPLORE_DATA,MIXED,EVALUATING,MEDIUM
Sheila,codap_21apr,frame_0246,4814.5,motion_only_fallback,8.3582,unknown,COMPARE_MODELS,EXPLORE_DATA,MIXED,EVALUATING,HIGH
Sheila,codap_21apr,frame_0247,4818.2,motion_only_fallback,12.7311,unknown,TUNE_THRESHOLD,EXPLORE_DATA,MIXED,TUNING,HIGH
Sheila,codap_21apr,frame_0248,4838.0,motion_only_fallback,2.028,unknown,COMPARE_MODELS,EXPLORE_DATA,MIXED,EVALUATING,HIGH
Sheila,codap_21apr,frame_0249,4864.4,motion_only_fallback,4.9693,unknown,TUNE_THRESHOLD,EXPLORE_DATA,MIXED,TUNING,MEDIUM
Sheila,codap_21apr,frame_0250,4964.6,silent_screen_gap_fill,,unknown,COMPARE_MODELS,EXPLORE_DATA,MIXED,EVALUATING,HIGH
Sheila,codap_21apr,frame_0251,5014.5,motion_only_fallback,3.5772,unknown,COMPARE_MODELS,EXPLORE_DATA,MIXED,EVALUATING,MEDIUM
Sheila,codap_21apr,frame_0252,5017.4,motion_only_fallback,77.6196,unknown,COMPARE_MODELS,EXPLORE_DATA,MIXED,EVALUATING,MEDIUM
Sheila,codap_21apr,frame_0253,5035.7,motion_only_fallback,2.2807,unknown,COMPARE_MODELS,EXPLORE_DATA,MIXED,EVALUATING,MEDIUM
Sheila,codap_21apr,frame_0254,5041.7,motion_only_fallback,1.0926,unknown,EXPLORE_DATA,COMPARE_MODELS,MENU,SETUP,MEDIUM
Sheila,codap_21apr,frame_0255,5044.3,motion_only_fallback,70.4539,unknown,EXPLORE_DATA,,MENU,SETUP,MEDIUM
Sheila,codap_21apr,frame_0256,5049.9,motion_only_fallback,69.8922,unknown,COMPARE_MODELS,EXPLORE_DATA,MIXED,EVALUATING,HIGH
Sheila,codap_21apr,frame_0257,5054.2,motion_only_fallback,1.0829,unknown,EXPLORE_DATA,,MENU,SETUP,MEDIUM
Sheila,codap_21apr,frame_0258,5055.3,motion_only_fallback,70.1211,unknown,EXPLORE_DATA,,MENU,SETUP,MEDIUM
Sheila,codap_21apr,frame_0259,5076.3,motion_only_fallback,69.8902,unknown,COMPARE_MODELS,EXPLORE_DATA,MIXED,EVALUATING,HIGH
Sheila,codap_21apr,frame_0260,5084.6,motion_only_fallback,1.0828,unknown,EXPLORE_DATA,COMPARE_MODELS,MENU,SETUP,MEDIUM
Sheila,codap_21apr,frame_0261,5085.7,motion_only_fallback,70.1194,unknown,EXPLORE_DATA,,MENU,SETUP,MEDIUM
Sheila,codap_21apr,frame_0262,5095.5,motion_only_fallback,5.8663,unknown,EXPLORE_DATA,,MENU,SETUP,MEDIUM
Sheila,codap_21apr,frame_0263,5096.9,motion_only_fallback,0.9051,unknown,OFF_TASK,,MENU,IDLE,MEDIUM
Sheila,codap_21apr,frame_0264,5102.1,motion_only_fallback,13.0546,unknown,EXPLORE_DATA,,MENU,SETUP,MEDIUM
Sheila,codap_21apr,frame_0265,5107.8,motion_only_fallback,1.9012,unknown,EVALUATE_MODEL,,MENU,EVALUATING,MEDIUM
Sheila,codap_21apr,frame_0266,5109.6,motion_only_fallback,70.2033,unknown,COMPARE_MODELS,EXPLORE_DATA,MIXED,EVALUATING,HIGH
Sheila,codap_21apr,frame_0267,5111.3,motion_only_fallback,0.8063,unknown,COMPARE_MODELS,EXPLORE_DATA,MIXED,EVALUATING,HIGH
Sheila,codap_21apr,frame_0268,5113.6,motion_only_fallback,37.7,unknown,COMPARE_MODELS,EXPLORE_DATA,MIXED,EVALUATING,MEDIUM
Sheila,codap_21apr,frame_0269,5125.1,motion_only_fallback,3.527,unknown,OFF_TASK,,MIXED,IDLE,MEDIUM
Sheila,codap_21apr,frame_0270,5126.5,motion_only_fallback,1.1561,unknown,OFF_TASK,,MENU,IDLE,HIGH
Sheila,codap_21apr,frame_0271,5129.1,motion_only_fallback,3.7043,unknown,OFF_TASK,,MIXED,IDLE,MEDIUM
Sheila,codap_21apr,frame_0272,5131.1,motion_only_fallback,1.2425,unknown,COMPARE_MODELS,,MIXED,EVALUATING,MEDIUM
Sheila,codap_21apr,frame_0273,5132.2,motion_only_fallback,1.9201,unknown,COMPARE_MODELS,,MIXED,EVALUATING,MEDIUM
Sheila,codap_21apr,frame_0274,5133.4,motion_only_fallback,77.9429,unknown,COMPARE_MODELS,EXPLORE_DATA,MIXED,EVALUATING,MEDIUM
Sheila,codap_21apr,frame_0275,5143.7,motion_only_fallback,1.7047,unknown,OFF_TASK,,MENU,IDLE,HIGH
Sheila,codap_21apr,frame_0276,5146.0,motion_only_fallback,2.8721,unknown,OFF_TASK,,MENU,IDLE,MEDIUM
Sheila,codap_21apr,frame_0277,5147.2,motion_only_fallback,1.3463,unknown,OFF_TASK,,MENU,IDLE,HIGH
Sheila,codap_21apr,frame_0278,5149.9,motion_only_fallback,3.4593,unknown,OFF_TASK,,MENU,IDLE,HIGH
Sheila,codap_21apr,frame_0279,5151.7,motion_only_fallback,48.7145,unknown,OFF_TASK,,MENU,IDLE,HIGH
Sheila,codap_21apr,frame_0280,5157.8,motion_only_fallback,3.419,unknown,OFF_TASK,,MENU,IDLE,HIGH
Sheila,codap_21apr,frame_0281,5159.2,motion_only_fallback,77.3414,unknown,OFF_TASK,,MENU,IDLE,HIGH
Sheila,codap_21apr,frame_0282,5160.2,motion_only_fallback,77.9921,unknown,COMPARE_MODELS,EXPLORE_DATA,MIXED,EVALUATING,HIGH
Sheila,codap_21apr,frame_0283,5161.3,motion_only_fallback,77.7649,unknown,COMPARE_MODELS,EXPLORE_DATA,MIXED,EVALUATING,MEDIUM
Sheila,codap_21apr,frame_0284,5163.3,motion_only_fallback,79.1852,unknown,OFF_TASK,,CODAP,IDLE,HIGH
Sheila,codap_21apr,frame_0285,5169.7,motion_only_fallback,3.3912,unknown,OFF_TASK,,MENU,IDLE,HIGH
Ulysses,codap_21apr,frame_0001,17.3,motion_only_fallback,75.4514,unknown,OFF_TASK,,MENU,IDLE,HIGH
Ulysses,codap_21apr,frame_0002,28.7,motion_only_fallback,12.1686,unknown,OFF_TASK,,MENU,IDLE,HIGH
Ulysses,codap_21apr,frame_0003,30.5,motion_only_fallback,6.6248,unknown,OFF_TASK,,MENU,IDLE,HIGH
Ulysses,codap_21apr,frame_0004,32.4,motion_only_fallback,7.0565,unknown,OFF_TASK,,MENU,IDLE,HIGH
Ulysses,codap_21apr,frame_0005,44.9,motion_only_fallback,1.4516,unknown,OFF_TASK,,MENU,IDLE,HIGH
Ulysses,codap_21apr,frame_0006,251.5,silent_screen_gap_fill,,unknown,OFF_TASK,,MENU,IDLE,HIGH
Ulysses,codap_21apr,frame_0007,252.6,motion_only_fallback,1.3414,unknown,OFF_TASK,,MENU,IDLE,HIGH
Ulysses,codap_21apr,frame_0008,253.7,motion_only_fallback,4.8189,unknown,OFF_TASK,,MENU,IDLE,HIGH
Ulysses,codap_21apr,frame_0009,255.5,motion_only_fallback,7.0382,unknown,OFF_TASK,,MENU,IDLE,HIGH
Ulysses,codap_21apr,frame_0010,263.1,motion_only_fallback,1.6051,unknown,OFF_TASK,,MENU,IDLE,HIGH
Ulysses,codap_21apr,frame_0011,264.4,motion_only_fallback,3.9672,unknown,OFF_TASK,,MENU,IDLE,HIGH
Ulysses,codap_21apr,frame_0012,268.1,motion_only_fallback,11.4772,unknown,OFF_TASK,,MENU,IDLE,HIGH
Ulysses,codap_21apr,frame_0013,287.0,motion_only_fallback,4.7315,unknown,OFF_TASK,,MENU,IDLE,HIGH
Ulysses,codap_21apr,frame_0014,288.1,motion_only_fallback,7.0255,unknown,OFF_TASK,,MENU,IDLE,HIGH
Ulysses,codap_21apr,frame_0015,289.1,motion_only_fallback,6.771,unknown,OFF_TASK,,MENU,IDLE,HIGH
Ulysses,codap_21apr,frame_0016,290.2,motion_only_fallback,7.0434,unknown,OFF_TASK,,MENU,IDLE,HIGH
Ulysses,codap_21apr,frame_0017,296.3,motion_only_fallback,12.4248,unknown,OFF_TASK,,MENU,IDLE,HIGH
Ulysses,codap_21apr,frame_0018,299.8,motion_only_fallback,2.6896,unknown,OFF_TASK,,MENU,IDLE,HIGH
Ulysses,codap_21apr,frame_0019,337.3,motion_only_fallback,4.1495,unknown,OFF_TASK,,MENU,IDLE,HIGH
Ulysses,codap_21apr,frame_0020,359.6,motion_only_fallback,61.8443,unknown,OFF_TASK,,MIXED,IDLE,HIGH
Ulysses,codap_21apr,frame_0021,372.5,motion_only_fallback,2.5419,unknown,OFF_TASK,,MIXED,IDLE,HIGH
Ulysses,codap_21apr,frame_0022,374.5,motion_only_fallback,1.3582,unknown,OFF_TASK,,MENU,IDLE,HIGH
Ulysses,codap_21apr,frame_0023,376.2,motion_only_fallback,0.9707,unknown,OFF_TASK,,MENU,IDLE,HIGH
Ulysses,codap_21apr,frame_0024,377.4,motion_only_fallback,2.5334,unknown,OFF_TASK,,MIXED,IDLE,HIGH
Ulysses,codap_21apr,frame_0025,387.3,motion_only_fallback,7.9583,unknown,OFF_TASK,,MENU,IDLE,HIGH
Ulysses,codap_21apr,frame_0026,417.0,motion_only_fallback,48.6636,unknown,EXPLORE_DATA,,TREE,SETUP,HIGH
Ulysses,codap_21apr,frame_0027,418.7,motion_only_fallback,2.5089,unknown,EXPLORE_DATA,,TREE,SETUP,HIGH
Ulysses,codap_21apr,frame_0028,420.1,motion_only_fallback,26.9053,unknown,EXPLORE_DATA,,TREE,SETUP,MEDIUM
Ulysses,codap_21apr,frame_0029,421.8,motion_only_fallback,6.3443,unknown,OFF_TASK,,MIXED,IDLE,MEDIUM
Ulysses,codap_21apr,frame_0030,423.3,motion_only_fallback,1.1889,unknown,EXPLORE_DATA,,TREE,SETUP,MEDIUM
Ulysses,codap_21apr,frame_0031,427.8,motion_only_fallback,56.3937,unknown,EXPLORE_DATA,,TREE,SETUP,MEDIUM
Ulysses,codap_21apr,frame_0032,429.7,motion_only_fallback,1.1242,unknown,EXPLORE_DATA,,MIXED,SETUP,MEDIUM
Ulysses,codap_21apr,frame_0033,431.1,motion_only_fallback,8.4707,unknown,OFF_TASK,,MENU,IDLE,MEDIUM
Ulysses,codap_21apr,frame_0034,433.9,motion_only_fallback,2.5187,unknown,EXPLORE_DATA,,TREE,SETUP,HIGH
Ulysses,codap_21apr,frame_0035,436.3,motion_only_fallback,10.162,unknown,EXPLORE_DATA,,TREE,SETUP,MEDIUM
Ulysses,codap_21apr,frame_0036,439.3,motion_only_fallback,3.8071,unknown,EXPLORE_DATA,,CODAP,SETUP,MEDIUM
Ulysses,codap_21apr,frame_0038,442.9,motion_only_fallback,6.7157,unknown,EXPLORE_DATA,,CODAP,SETUP,HIGH
Ulysses,codap_21apr,frame_0039,443.9,motion_only_fallback,0.9533,unknown,EXPLORE_DATA,,CODAP,SETUP,HIGH
Ulysses,codap_21apr,frame_0040,446.3,motion_only_fallback,0.8349,unknown,EXPLORE_DATA,,CODAP,SETUP,MEDIUM
Ulysses,codap_21apr,frame_0041,447.5,motion_only_fallback,1.3644,unknown,EXPLORE_DATA,,CODAP,SETUP,HIGH
Ulysses,codap_21apr,frame_0042,450.4,motion_only_fallback,0.8339,unknown,EXPLORE_DATA,,MIXED,SETUP,HIGH
Ulysses,codap_21apr,frame_0043,456.3,motion_only_fallback,6.6927,unknown,EXPLORE_DATA,,CODAP,SETUP,MEDIUM
Ulysses,codap_21apr,frame_0044,457.9,motion_only_fallback,8.3833,unknown,EXPLORE_DATA,,CODAP,SETUP,HIGH
Ulysses,codap_21apr,frame_0045,462.3,motion_only_fallback,2.6101,unknown,EXPLORE_DATA,,CODAP,SETUP,HIGH
Ulysses,codap_21apr,frame_0046,478.4,motion_only_fallback,2.1418,unknown,EXPLORE_DATA,,MIXED,SETUP,HIGH
Ulysses,codap_21apr,frame_0047,480.7,motion_only_fallback,2.6537,unknown,EXPLORE_DATA,,CODAP,SETUP,HIGH
Ulysses,codap_21apr,frame_0051,538.0,motion_only_fallback,2.4952,unknown,EXPLORE_DATA,,CODAP,SETUP,HIGH
Ulysses,codap_21apr,frame_0052,560.4,motion_only_fallback,1.8463,unknown,EXPLORE_DATA,,CODAP,SETUP,HIGH
Ulysses,codap_21apr,frame_0053,574.6,motion_only_fallback,6.4977,unknown,EXPLORE_DATA,,MIXED,SETUP,MEDIUM
Ulysses,codap_21apr,frame_0054,592.5,motion_only_fallback,2.6003,unknown,EXPLORE_DATA,,MIXED,SETUP,HIGH
Ulysses,codap_21apr,frame_0055,593.9,motion_only_fallback,1.6867,unknown,EXPLORE_DATA,,MIXED,SETUP,HIGH
Ulysses,codap_21apr,frame_0056,595.9,motion_only_fallback,0.9136,unknown,EXPLORE_DATA,,MIXED,SETUP,HIGH
Ulysses,codap_21apr,frame_0057,598.0,motion_only_fallback,3.195,unknown,EXPLORE_DATA,,MIXED,SETUP,HIGH
Ulysses,codap_21apr,frame_0058,615.8,motion_only_fallback,1.9925,unknown,EXPLORE_DATA,,MIXED,SETUP,HIGH
Ulysses,codap_21apr,frame_0059,617.3,motion_only_fallback,1.581,unknown,EXPLORE_DATA,,MIXED,SETUP,MEDIUM
Ulysses,codap_21apr,frame_0060,641.6,motion_only_fallback,1.6252,unknown,EXPLORE_DATA,,MIXED,SETUP,HIGH
Ulysses,codap_21apr,frame_0061,671.2,motion_only_fallback,1.7326,unknown,EXPLORE_DATA,,MIXED,SETUP,HIGH
Ulysses,codap_21apr,frame_0062,771.2,silent_screen_gap_fill,,unknown,EXPLORE_DATA,,MIXED,SETUP,HIGH
Ulysses,codap_21apr,frame_0063,814.8,motion_only_fallback,0.9495,unknown,EXPLORE_DATA,SELECT_TARGET,MIXED,SETUP,MEDIUM
Ulysses,codap_21apr,frame_0064,821.2,motion_only_fallback,1.1046,unknown,EXPLORE_DATA,,MIXED,SETUP,HIGH
Ulysses,codap_21apr,frame_0065,822.7,motion_only_fallback,3.4535,unknown,EXPLORE_DATA,,MIXED,SETUP,HIGH
Ulysses,codap_21apr,frame_0066,826.1,motion_only_fallback,3.5536,unknown,EXPLORE_DATA,,MIXED,SETUP,HIGH
Ulysses,codap_21apr,frame_0067,834.6,motion_only_fallback,0.8754,unknown,EXPLORE_DATA,,MIXED,SETUP,HIGH
Ulysses,codap_21apr,frame_0068,934.7,silent_screen_gap_fill,,unknown,EXPLORE_DATA,,MIXED,SETUP,HIGH
Ulysses,codap_21apr,frame_0069,983.2,motion_only_fallback,12.9381,unknown,OFF_TASK,,MENU,IDLE,HIGH
Ulysses,codap_21apr,frame_0070,985.3,motion_only_fallback,4.7847,unknown,OFF_TASK,,MIXED,IDLE,HIGH
Ulysses,codap_21apr,frame_0071,986.7,motion_only_fallback,5.2317,unknown,OFF_TASK,,MENU,IDLE,HIGH
Ulysses,codap_21apr,frame_0072,989.4,motion_only_fallback,6.3846,unknown,OFF_TASK,,MENU,IDLE,HIGH
Ulysses,codap_21apr,frame_0073,996.4,motion_only_fallback,5.4309,unknown,OFF_TASK,,MENU,IDLE,HIGH
Ulysses,codap_21apr,frame_0074,1003.4,motion_only_fallback,1.6391,unknown,OFF_TASK,,MENU,IDLE,HIGH
Ulysses,codap_21apr,frame_0075,1004.7,motion_only_fallback,5.3279,unknown,OFF_TASK,,MENU,IDLE,HIGH
Ulysses,codap_21apr,frame_0076,1006.3,motion_only_fallback,2.6346,unknown,OFF_TASK,,MIXED,IDLE,HIGH
Ulysses,codap_21apr,frame_0077,1009.1,motion_only_fallback,75.5509,unknown,EXPLORE_DATA,,MIXED,SETUP,HIGH
Ulysses,codap_21apr,frame_0078,1033.0,motion_only_fallback,2.553,unknown,EXPLORE_DATA,,MIXED,SETUP,HIGH
Ulysses,codap_21apr,frame_0079,1082.5,motion_only_fallback,1.7627,unknown,EXPLORE_DATA,,MIXED,SETUP,HIGH
Ulysses,codap_21apr,frame_0080,1182.8,silent_screen_gap_fill,,unknown,EXPLORE_DATA,,MIXED,SETUP,HIGH
Ulysses,codap_21apr,frame_0081,1227.8,motion_only_fallback,13.1011,unknown,OFF_TASK,,MENU,IDLE,HIGH
Ulysses,codap_21apr,frame_0082,1228.9,motion_only_fallback,13.1005,unknown,EXPLORE_DATA,,MIXED,SETUP,HIGH
Ulysses,codap_21apr,frame_0083,1237.0,motion_only_fallback,7.8474,unknown,OFF_TASK,,MIXED,IDLE,HIGH
Ulysses,codap_21apr,frame_0084,1243.9,motion_only_fallback,0.874,unknown,OFF_TASK,,MENU,IDLE,HIGH
Ulysses,codap_21apr,frame_0085,1244.9,motion_only_fallback,4.4807,unknown,EXPLORE_DATA,,MIXED,SETUP,HIGH
Ulysses,codap_21apr,frame_0086,1345.6,silent_screen_gap_fill,,unknown,EXPLORE_DATA,,MIXED,SETUP,HIGH
Ulysses,codap_21apr,frame_0087,1375.2,motion_only_fallback,2.228,unknown,EXPLORE_DATA,,CODAP,SETUP,MEDIUM
Ulysses,codap_21apr,frame_0088,1378.1,motion_only_fallback,1.7606,unknown,EXPLORE_DATA,,MIXED,SETUP,HIGH
Ulysses,codap_21apr,frame_0089,1380.4,motion_only_fallback,0.9126,unknown,EXPLORE_DATA,,CODAP,SETUP,HIGH
Ulysses,codap_21apr,frame_0090,1381.6,motion_only_fallback,0.9444,unknown,EXPLORE_DATA,,MIXED,SETUP,MEDIUM
Ulysses,codap_21apr,frame_0091,1383.6,motion_only_fallback,2.6466,unknown,EXPLORE_DATA,,MIXED,SETUP,MEDIUM
Ulysses,codap_21apr,frame_0092,1421.3,motion_only_fallback,7.6287,unknown,EXPLORE_DATA,,MENU,SETUP,MEDIUM
Ulysses,codap_21apr,frame_0093,1431.8,motion_only_fallback,1.0509,unknown,EXPLORE_DATA,,MIXED,SETUP,MEDIUM
Ulysses,codap_21apr,frame_0094,1432.9,motion_only_fallback,1.0127,unknown,EXPLORE_DATA,,MIXED,SETUP,MEDIUM
Ulysses,codap_21apr,frame_0095,1438.4,motion_only_fallback,1.995,unknown,EXPLORE_DATA,,MIXED,SETUP,MEDIUM
Ulysses,codap_21apr,frame_0096,1439.6,motion_only_fallback,1.0712,unknown,EXPLORE_DATA,,MIXED,SETUP,MEDIUM
Ulysses,codap_21apr,frame_0097,1447.8,motion_only_fallback,1.0467,unknown,EXPLORE_DATA,SELECT_TARGET,MIXED,SETUP,MEDIUM
Ulysses,codap_21apr,frame_0098,1450.5,motion_only_fallback,1.7216,unknown,EXPLORE_DATA,,MIXED,SETUP,MEDIUM
Ulysses,codap_21apr,frame_0099,1452.4,motion_only_fallback,1.5797,unknown,EXPLORE_DATA,SELECT_TARGET,MIXED,SETUP,MEDIUM
Ulysses,codap_21apr,frame_0100,1456.8,motion_only_fallback,1.6806,unknown,EXPLORE_DATA,,MIXED,SETUP,MEDIUM
Ulysses,codap_21apr,frame_0101,1458.1,motion_only_fallback,1.4651,unknown,EXPLORE_DATA,,MIXED,SETUP,HIGH
Ulysses,codap_21apr,frame_0102,1461.6,motion_only_fallback,2.3212,unknown,EXPLORE_DATA,,MIXED,SETUP,MEDIUM
Ulysses,codap_21apr,frame_0103,1462.9,motion_only_fallback,2.3268,unknown,EXPLORE_DATA,,MIXED,SETUP,HIGH
Ulysses,codap_21apr,frame_0104,1481.9,motion_only_fallback,2.9767,unknown,EXPLORE_DATA,,MIXED,SETUP,MEDIUM
Ulysses,codap_21apr,frame_0105,1492.9,motion_only_fallback,1.939,unknown,EXPLORE_DATA,,MIXED,SETUP,MEDIUM
Ulysses,codap_21apr,frame_0106,1569.9,motion_only_fallback,2.5646,unknown,EXPLORE_DATA,,MIXED,SETUP,MEDIUM
Ulysses,codap_21apr,frame_0107,1571.0,motion_only_fallback,4.6227,unknown,EXPLORE_DATA,,MIXED,SETUP,MEDIUM
Ulysses,codap_21apr,frame_0108,1578.6,motion_only_fallback,1.7321,unknown,EXPLORE_DATA,,MIXED,SETUP,MEDIUM
Ulysses,codap_21apr,frame_0109,1615.1,motion_only_fallback,2.0181,unknown,EXPLORE_DATA,,MIXED,SETUP,MEDIUM
Ulysses,codap_21apr,frame_0110,1616.1,motion_only_fallback,2.1308,unknown,EXPLORE_DATA,,MIXED,SETUP,MEDIUM
Ulysses,codap_21apr,frame_0111,1617.3,motion_only_fallback,1.6182,unknown,EXPLORE_DATA,,MIXED,SETUP,MEDIUM
Ulysses,codap_21apr,frame_0112,1618.5,motion_only_fallback,1.9099,unknown,EXPLORE_DATA,,MIXED,SETUP,MEDIUM
Ulysses,codap_21apr,frame_0113,1636.0,motion_only_fallback,0.9358,unknown,EXPLORE_DATA,,MIXED,SETUP,MEDIUM
Ulysses,codap_21apr,frame_0114,1669.1,motion_only_fallback,78.7004,unknown,EXPLORE_DATA,,MIXED,SETUP,HIGH
Ulysses,codap_21apr,frame_0115,1696.5,motion_only_fallback,15.6505,unknown,EXPLORE_DATA,,MIXED,SETUP,MEDIUM
Ulysses,codap_21apr,frame_0116,1697.8,motion_only_fallback,14.2706,unknown,EXPLORE_DATA,,MIXED,SETUP,MEDIUM
Ulysses,codap_21apr,frame_0117,1700.5,motion_only_fallback,13.7099,unknown,EXPLORE_DATA,,MIXED,SETUP,MEDIUM
Ulysses,codap_21apr,frame_0118,1713.5,motion_only_fallback,9.2089,unknown,EXPLORE_DATA,,MIXED,SETUP,MEDIUM
Ulysses,codap_21apr,frame_0119,1714.6,motion_only_fallback,4.8038,unknown,EXPLORE_DATA,,MIXED,SETUP,MEDIUM
Ulysses,codap_21apr,frame_0120,1715.6,motion_only_fallback,0.9753,unknown,EXPLORE_DATA,,MIXED,SETUP,MEDIUM
Ulysses,codap_21apr,frame_0121,1726.6,motion_only_fallback,14.2691,unknown,EXPLORE_DATA,,MIXED,SETUP,MEDIUM
Ulysses,codap_21apr,frame_0122,1729.2,motion_only_fallback,13.7052,unknown,EXPLORE_DATA,,MIXED,SETUP,MEDIUM
Ulysses,codap_21apr,frame_0123,1792.0,motion_only_fallback,2.0995,unknown,EXPLORE_DATA,,MIXED,SETUP,MEDIUM
Ulysses,codap_21apr,frame_0124,1892.8,silent_screen_gap_fill,,unknown,EXPLORE_DATA,,MIXED,SETUP,MEDIUM
Ulysses,codap_21apr,frame_0125,1908.6,motion_only_fallback,2.412,unknown,EXPLORE_DATA,,MIXED,SETUP,MEDIUM
Ulysses,codap_21apr,frame_0126,1910.6,motion_only_fallback,3.526,unknown,EXPLORE_DATA,,MIXED,SETUP,MEDIUM
Ulysses,codap_21apr,frame_0127,1912.3,motion_only_fallback,5.342,unknown,EXPLORE_DATA,,MIXED,SETUP,MEDIUM
Ulysses,codap_21apr,frame_0128,1920.0,motion_only_fallback,1.2901,unknown,EXPLORE_DATA,,MIXED,SETUP,MEDIUM
Ulysses,codap_21apr,frame_0129,1938.8,motion_only_fallback,2.8275,unknown,EXPLORE_DATA,,MIXED,SETUP,HIGH
Ulysses,codap_21apr,frame_0130,1941.7,motion_only_fallback,1.1067,unknown,EXPLORE_DATA,,MIXED,SETUP,MEDIUM
Ulysses,codap_21apr,frame_0131,1952.0,motion_only_fallback,14.4504,unknown,EXPLORE_DATA,,MIXED,SETUP,MEDIUM
Ulysses,codap_21apr,frame_0132,1953.3,motion_only_fallback,18.9076,unknown,EXPLORE_DATA,,MIXED,SETUP,MEDIUM
Ulysses,codap_21apr,frame_0133,1956.0,motion_only_fallback,18.9039,unknown,EXPLORE_DATA,,MIXED,SETUP,MEDIUM
Ulysses,codap_21apr,frame_0134,1961.1,motion_only_fallback,18.9076,unknown,EXPLORE_DATA,,MIXED,SETUP,HIGH
Ulysses,codap_21apr,frame_0135,1972.6,motion_only_fallback,1.8546,unknown,EXPLORE_DATA,,MIXED,SETUP,MEDIUM
Ulysses,codap_21apr,frame_0136,1995.3,motion_only_fallback,7.2622,unknown,EXPLORE_DATA,,MIXED,SETUP,HIGH
Ulysses,codap_21apr,frame_0137,2002.8,motion_only_fallback,8.3067,unknown,EXPLORE_DATA,,MIXED,SETUP,HIGH
Ulysses,codap_21apr,frame_0138,2006.7,motion_only_fallback,18.9338,unknown,EXPLORE_DATA,,MIXED,SETUP,HIGH
Ulysses,codap_21apr,frame_0139,2009.0,motion_only_fallback,19.4942,unknown,EXPLORE_DATA,,MIXED,SETUP,MEDIUM
Ulysses,codap_21apr,frame_0140,2049.6,motion_only_fallback,18.9437,unknown,EXPLORE_DATA,,CODAP,SETUP,HIGH
Ulysses,codap_21apr,frame_0141,2052.4,motion_only_fallback,18.6518,unknown,EXPLORE_DATA,,MIXED,SETUP,MEDIUM
Ulysses,codap_21apr,frame_0142,2058.3,motion_only_fallback,3.5164,unknown,EXPLORE_DATA,,MIXED,SETUP,HIGH
Ulysses,codap_21apr,frame_0143,2059.5,motion_only_fallback,7.3667,unknown,EXPLORE_DATA,,CODAP,SETUP,HIGH
Ulysses,codap_21apr,frame_0144,2060.9,motion_only_fallback,1.1204,unknown,EXPLORE_DATA,,CODAP,SETUP,HIGH
Ulysses,codap_21apr,frame_0145,2086.1,motion_only_fallback,1.1192,unknown,EXPLORE_DATA,,MIXED,SETUP,HIGH
Ulysses,codap_21apr,frame_0146,2087.1,motion_only_fallback,1.1175,unknown,EXPLORE_DATA,,MIXED,SETUP,HIGH
Ulysses,codap_21apr,frame_0147,2088.2,motion_only_fallback,5.6103,unknown,EXPLORE_DATA,,MIXED,SETUP,HIGH
Ulysses,codap_21apr,frame_0148,2152.9,motion_only_fallback,6.8833,unknown,EXPLORE_DATA,,MIXED,SETUP,HIGH
Ulysses,codap_21apr,frame_0149,2163.0,motion_only_fallback,2.5972,unknown,BUILD_TREE,EXPLORE_DATA,MIXED,BUILDING,HIGH
Ulysses,codap_21apr,frame_0150,2199.2,motion_only_fallback,4.1281,unknown,BUILD_TREE,EXPLORE_DATA,MIXED,BUILDING,MEDIUM
Ulysses,codap_21apr,frame_0151,2200.2,motion_only_fallback,4.5031,unknown,TUNE_THRESHOLD,EXPLORE_DATA,MIXED,TUNING,MEDIUM
Ulysses,codap_21apr,frame_0152,2222.6,motion_only_fallback,3.8858,unknown,EXPLORE_DATA,,MIXED,SETUP,MEDIUM
Ulysses,codap_21apr,frame_0153,2256.6,motion_only_fallback,75.7378,unknown,OFF_TASK,,MENU,IDLE,HIGH
Ulysses,codap_21apr,frame_0154,2286.4,motion_only_fallback,1.5015,unknown,BUILD_TREE,EXPLORE_DATA,MIXED,BUILDING,MEDIUM
Ulysses,codap_21apr,frame_0155,2387.0,silent_screen_gap_fill,,unknown,TUNE_THRESHOLD,EXPLORE_DATA,MIXED,TUNING,MEDIUM
Ulysses,codap_21apr,frame_0156,2433.1,motion_only_fallback,26.5951,unknown,OFF_TASK,,MENU,IDLE,HIGH
Ulysses,codap_21apr,frame_0157,2434.6,motion_only_fallback,26.5882,unknown,TUNE_THRESHOLD,EXPLORE_DATA,MIXED,TUNING,MEDIUM
Ulysses,codap_21apr,frame_0158,2513.0,motion_only_fallback,0.9844,unknown,TUNE_THRESHOLD,EXPLORE_DATA,MIXED,TUNING,MEDIUM
Ulysses,codap_21apr,frame_0159,2514.2,motion_only_fallback,0.8574,unknown,TUNE_THRESHOLD,EXPLORE_DATA,MIXED,TUNING,MEDIUM
Ulysses,codap_21apr,frame_0160,2530.3,motion_only_fallback,0.9055,unknown,EXPLORE_DATA,,MIXED,SETUP,MEDIUM
Ulysses,codap_21apr,frame_0161,2531.3,motion_only_fallback,1.0156,unknown,TUNE_THRESHOLD,EXPLORE_DATA,MIXED,TUNING,MEDIUM
Ulysses,codap_21apr,frame_0162,2532.5,motion_only_fallback,1.162,unknown,TUNE_THRESHOLD,EXPLORE_DATA,MIXED,TUNING,MEDIUM
Ulysses,codap_21apr,frame_0163,2540.0,motion_only_fallback,2.3148,unknown,EVALUATE_MODEL,EXPLORE_DATA,MIXED,EVALUATING,MEDIUM
Ulysses,codap_21apr,frame_0164,2550.4,motion_only_fallback,1.375,unknown,EVALUATE_MODEL,EXPLORE_DATA,MIXED,EVALUATING,MEDIUM
Ulysses,codap_21apr,frame_0165,2551.4,motion_only_fallback,0.8399,unknown,EVALUATE_MODEL,EXPLORE_DATA,MIXED,EVALUATING,MEDIUM
Ulysses,codap_21apr,frame_0166,2631.0,motion_only_fallback,3.3731,unknown,TUNE_THRESHOLD,EXPLORE_DATA,MIXED,TUNING,HIGH
Ulysses,codap_21apr,frame_0167,2728.7,motion_only_fallback,1.0608,unknown,TUNE_THRESHOLD,EXPLORE_DATA,MIXED,TUNING,MEDIUM
Ulysses,codap_21apr,frame_0168,2733.4,motion_only_fallback,2.0716,unknown,EVALUATE_MODEL,EXPLORE_DATA,MIXED,EVALUATING,HIGH
Ulysses,codap_21apr,frame_0169,2834.4,silent_screen_gap_fill,,unknown,EVALUATE_MODEL,EXPLORE_DATA,MIXED,EVALUATING,MEDIUM
Ulysses,codap_21apr,frame_0170,2935.2,silent_screen_gap_fill,,unknown,EVALUATE_MODEL,EXPLORE_DATA,MIXED,EVALUATING,MEDIUM
Ulysses,codap_21apr,frame_0171,3026.1,motion_only_fallback,0.9682,unknown,COMPARE_MODELS,EXPLORE_DATA,MIXED,EVALUATING,HIGH
Ulysses,codap_21apr,frame_0172,3027.2,motion_only_fallback,1.7571,unknown,COMPARE_MODELS,EXPLORE_DATA,MIXED,EVALUATING,HIGH
Ulysses,codap_21apr,frame_0173,3081.8,motion_only_fallback,2.0633,unknown,COMPARE_MODELS,EXPLORE_DATA,MIXED,EVALUATING,MEDIUM
Ulysses,codap_21apr,frame_0174,3082.9,motion_only_fallback,1.6132,unknown,COMPARE_MODELS,EXPLORE_DATA,MIXED,EVALUATING,MEDIUM
Ulysses,codap_21apr,frame_0175,3102.4,motion_only_fallback,5.3574,unknown,COMPARE_MODELS,EXPLORE_DATA,MIXED,EVALUATING,HIGH
Ulysses,codap_21apr,frame_0176,3104.0,motion_only_fallback,2.6345,unknown,COMPARE_MODELS,EXPLORE_DATA,MIXED,EVALUATING,HIGH
Ulysses,codap_21apr,frame_0177,3204.0,silent_screen_gap_fill,,unknown,COMPARE_MODELS,EXPLORE_DATA,MIXED,EVALUATING,HIGH
Ulysses,codap_21apr,frame_0178,3224.5,motion_only_fallback,3.1427,unknown,TUNE_THRESHOLD,EXPLORE_DATA,MIXED,TUNING,MEDIUM
Ulysses,codap_21apr,frame_0179,3236.9,motion_only_fallback,17.1325,unknown,TUNE_THRESHOLD,EXPLORE_DATA,MIXED,TUNING,MEDIUM
Ulysses,codap_21apr,frame_0180,3281.6,motion_only_fallback,14.8034,unknown,TUNE_THRESHOLD,EXPLORE_DATA,MIXED,TUNING,MEDIUM
Ulysses,codap_21apr,frame_0181,3383.2,silent_screen_gap_fill,,unknown,COMPARE_MODELS,EXPLORE_DATA,MIXED,EVALUATING,HIGH
Ulysses,codap_21apr,frame_0182,3483.7,silent_screen_gap_fill,,unknown,COMPARE_MODELS,EXPLORE_DATA,MIXED,EVALUATING,HIGH
Ulysses,codap_21apr,frame_0183,3564.5,motion_only_fallback,2.4898,unknown,COMPARE_MODELS,EXPLORE_DATA,MIXED,EVALUATING,HIGH
Ulysses,codap_21apr,frame_0184,3601.5,motion_only_fallback,5.9064,unknown,COMPARE_MODELS,EXPLORE_DATA,MIXED,EVALUATING,MEDIUM
Ulysses,codap_21apr,frame_0185,3602.8,motion_only_fallback,1.8098,unknown,COMPARE_MODELS,EXPLORE_DATA,MIXED,EVALUATING,MEDIUM
Ulysses,codap_21apr,frame_0186,3604.2,motion_only_fallback,4.4282,unknown,COMPARE_MODELS,EXPLORE_DATA,MIXED,EVALUATING,MEDIUM
Ulysses,codap_21apr,frame_0187,3611.7,motion_only_fallback,5.5336,unknown,COMPARE_MODELS,EXPLORE_DATA,MIXED,EVALUATING,HIGH
Ulysses,codap_21apr,frame_0188,3614.9,motion_only_fallback,2.425,unknown,COMPARE_MODELS,EXPLORE_DATA,MIXED,EVALUATING,HIGH
Ulysses,codap_21apr,frame_0189,3620.7,motion_only_fallback,0.8808,unknown,COMPARE_MODELS,EXPLORE_DATA,MIXED,EVALUATING,HIGH
Ulysses,codap_21apr,frame_0190,3626.2,motion_only_fallback,4.7216,unknown,COMPARE_MODELS,EXPLORE_DATA,MIXED,EVALUATING,HIGH
Ulysses,codap_21apr,frame_0191,3658.3,motion_only_fallback,3.3935,unknown,TUNE_THRESHOLD,COMPARE_MODELS,MIXED,TUNING,MEDIUM
Ulysses,codap_21apr,frame_0192,3670.1,motion_only_fallback,3.2915,unknown,COMPARE_MODELS,EVALUATE_MODEL,MIXED,EVALUATING,HIGH
Ulysses,codap_21apr,frame_0193,3770.2,silent_screen_gap_fill,,unknown,COMPARE_MODELS,EXPLORE_DATA,MIXED,EVALUATING,HIGH
Ulysses,codap_21apr,frame_0194,3870.2,silent_screen_gap_fill,,unknown,COMPARE_MODELS,EXPLORE_DATA,MIXED,EVALUATING,HIGH
Ulysses,codap_21apr,frame_0195,3917.2,motion_only_fallback,3.3787,unknown,TUNE_THRESHOLD,COMPARE_MODELS,MIXED,TUNING,HIGH
Ulysses,codap_21apr,frame_0196,3920.1,motion_only_fallback,2.3655,unknown,COMPARE_MODELS,EXPLORE_DATA,MIXED,EVALUATING,HIGH
Ulysses,codap_21apr,frame_0197,3925.2,motion_only_fallback,3.3974,unknown,TUNE_THRESHOLD,COMPARE_MODELS,MIXED,TUNING,HIGH
Ulysses,codap_21apr,frame_0198,3982.2,motion_only_fallback,1.6358,unknown,COMPARE_MODELS,EXPLORE_DATA,MIXED,EVALUATING,HIGH
Ulysses,codap_21apr,frame_0199,4080.3,motion_only_fallback,81.6796,unknown,COMPARE_MODELS,EXPLORE_DATA,MIXED,EVALUATING,HIGH
Ulysses,codap_21apr,frame_0200,4117.4,motion_only_fallback,2.9961,unknown,COMPARE_MODELS,EXPLORE_DATA,MIXED,EVALUATING,HIGH
Ulysses,codap_21apr,frame_0201,4124.0,motion_only_fallback,1.3443,unknown,COMPARE_MODELS,EXPLORE_DATA,MIXED,EVALUATING,HIGH
Ulysses,codap_21apr,frame_0202,4125.4,motion_only_fallback,1.2334,unknown,COMPARE_MODELS,EXPLORE_DATA,MIXED,EVALUATING,HIGH
Ulysses,codap_21apr,frame_0203,4216.8,motion_only_fallback,4.9232,unknown,COMPARE_MODELS,EVALUATE_MODEL,MIXED,EVALUATING,HIGH
Ulysses,codap_21apr,frame_0204,4309.3,motion_only_fallback,6.1815,unknown,EXPLORE_DATA,,MENU,SETUP,MEDIUM
Ulysses,codap_21apr,frame_0205,4310.6,motion_only_fallback,2.4286,unknown,COMPARE_MODELS,EXPLORE_DATA,MIXED,EVALUATING,HIGH
Ulysses,codap_21apr,frame_0206,4417.5,silent_screen_gap_fill,,unknown,COMPARE_MODELS,EXPLORE_DATA,MIXED,EVALUATING,HIGH
Ulysses,codap_21apr,frame_0207,4517.9,silent_screen_gap_fill,,unknown,COMPARE_MODELS,EXPLORE_DATA,MIXED,EVALUATING,HIGH
Ulysses,codap_21apr,frame_0208,4618.4,silent_screen_gap_fill,,unknown,COMPARE_MODELS,EXPLORE_DATA,MIXED,EVALUATING,HIGH
Ulysses,codap_21apr,frame_0209,4718.9,silent_screen_gap_fill,,unknown,COMPARE_MODELS,EXPLORE_DATA,MIXED,EVALUATING,HIGH
Ulysses,codap_21apr,frame_0210,4779.7,motion_only_fallback,1.7847,unknown,COMPARE_MODELS,EXPLORE_DATA,MIXED,EVALUATING,HIGH
Ulysses,codap_21apr,frame_0211,4789.5,motion_only_fallback,1.7867,unknown,COMPARE_MODELS,EXPLORE_DATA,MIXED,EVALUATING,MEDIUM
Ulysses,codap_21apr,frame_0212,4794.7,motion_only_fallback,2.847,unknown,COMPARE_MODELS,EXPLORE_DATA,MIXED,EVALUATING,HIGH
Ulysses,codap_21apr,frame_0213,4813.8,motion_only_fallback,1.5417,unknown,COMPARE_MODELS,EVALUATE_MODEL,MIXED,EVALUATING,HIGH
Ulysses,codap_21apr,frame_0214,4818.2,motion_only_fallback,1.3723,unknown,COMPARE_MODELS,EXPLORE_DATA,MIXED,EVALUATING,HIGH
Ulysses,codap_21apr,frame_0215,4825.8,motion_only_fallback,7.5176,unknown,EXPLORE_DATA,,MENU,SETUP,MEDIUM
Ulysses,codap_21apr,frame_0216,4826.9,motion_only_fallback,1.4851,unknown,COMPARE_MODELS,EXPLORE_DATA,MIXED,EVALUATING,HIGH
Ulysses,codap_21apr,frame_0217,4830.1,motion_only_fallback,1.9844,unknown,BUILD_TREE,,MIXED,BUILDING,MEDIUM
Ulysses,codap_21apr,frame_0218,4831.9,motion_only_fallback,1.0623,unknown,COMPARE_MODELS,EXPLORE_DATA,MIXED,EVALUATING,MEDIUM
Ulysses,codap_21apr,frame_0219,4836.8,motion_only_fallback,3.7085,unknown,COMPARE_MODELS,EXPLORE_DATA,MIXED,EVALUATING,HIGH
Ulysses,codap_21apr,frame_0220,4841.4,motion_only_fallback,4.0571,unknown,COMPARE_MODELS,EXPLORE_DATA,MIXED,EVALUATING,HIGH
Ulysses,codap_21apr,frame_0221,4845.6,motion_only_fallback,1.061,unknown,COMPARE_MODELS,EXPLORE_DATA,MIXED,EVALUATING,HIGH
Ulysses,codap_21apr,frame_0222,4862.4,motion_only_fallback,2.1617,unknown,COMPARE_MODELS,EXPLORE_DATA,MIXED,EVALUATING,HIGH
Ulysses,codap_21apr,frame_0223,4865.7,motion_only_fallback,0.8754,unknown,COMPARE_MODELS,EXPLORE_DATA,MIXED,EVALUATING,HIGH
Ulysses,codap_21apr,frame_0224,4888.7,motion_only_fallback,4.6429,unknown,COMPARE_MODELS,EXPLORE_DATA,MIXED,EVALUATING,HIGH
Ulysses,codap_21apr,frame_0225,4892.1,motion_only_fallback,1.9979,unknown,COMPARE_MODELS,EXPLORE_DATA,MIXED,EVALUATING,HIGH
Ulysses,codap_21apr,frame_0226,4894.2,motion_only_fallback,7.1358,unknown,BUILD_TREE,EXPLORE_DATA,MIXED,BUILDING,MEDIUM
Ulysses,codap_21apr,frame_0227,4902.4,motion_only_fallback,0.9404,unknown,COMPARE_MODELS,EXPLORE_DATA,MIXED,EVALUATING,HIGH
Zara,codap_21apr,frame_0001,268.9,motion_only_fallback,2.6213,unknown,OFF_TASK,,MENU,IDLE,HIGH
Zara,codap_21apr,frame_0002,337.7,motion_only_fallback,5.7299,unknown,OFF_TASK,,MENU,IDLE,HIGH
Zara,codap_21apr,frame_0003,345.1,motion_only_fallback,83.9462,unknown,OFF_TASK,,MENU,IDLE,HIGH
Zara,codap_21apr,frame_0004,346.1,motion_only_fallback,1.255,unknown,OFF_TASK,,MENU,IDLE,HIGH
Zara,codap_21apr,frame_0005,354.0,motion_only_fallback,42.9855,unknown,OFF_TASK,,MIXED,IDLE,HIGH
Zara,codap_21apr,frame_0006,355.6,motion_only_fallback,4.4161,unknown,EXPLORE_DATA,,TREE,SETUP,MEDIUM
Zara,codap_21apr,frame_0007,356.6,motion_only_fallback,4.7758,unknown,EXPLORE_DATA,,TREE,SETUP,HIGH
Zara,codap_21apr,frame_0008,364.4,motion_only_fallback,7.2423,unknown,EXPLORE_DATA,,TREE,SETUP,HIGH
Zara,codap_21apr,frame_0009,365.4,motion_only_fallback,3.0617,unknown,EXPLORE_DATA,,TREE,SETUP,MEDIUM
Zara,codap_21apr,frame_0010,366.4,motion_only_fallback,3.1096,unknown,EXPLORE_DATA,,TREE,SETUP,HIGH
Zara,codap_21apr,frame_0011,368.8,motion_only_fallback,0.9244,unknown,EXPLORE_DATA,,TREE,SETUP,HIGH
Zara,codap_21apr,frame_0012,370.6,motion_only_fallback,51.7215,unknown,EXPLORE_DATA,,TREE,SETUP,MEDIUM
Zara,codap_21apr,frame_0013,379.7,motion_only_fallback,3.4678,unknown,EXPLORE_DATA,,CODAP,SETUP,HIGH
Zara,codap_21apr,frame_0014,384.5,motion_only_fallback,17.4226,unknown,EXPLORE_DATA,,CODAP,SETUP,HIGH
Zara,codap_21apr,frame_0015,394.0,motion_only_fallback,1.0945,unknown,OFF_TASK,,MENU,IDLE,HIGH
Zara,codap_21apr,frame_0016,398.4,motion_only_fallback,2.8744,unknown,OFF_TASK,,MENU,IDLE,HIGH
Zara,codap_21apr,frame_0017,407.3,motion_only_fallback,11.5407,unknown,EXPLORE_DATA,,TREE,SETUP,MEDIUM
Zara,codap_21apr,frame_0018,408.3,motion_only_fallback,1.1694,unknown,EXPLORE_DATA,,TREE,SETUP,MEDIUM
Zara,codap_21apr,frame_0019,412.9,motion_only_fallback,28.9176,unknown,EXPLORE_DATA,,TREE,SETUP,MEDIUM
Zara,codap_21apr,frame_0020,418.1,motion_only_fallback,38.6759,unknown,EXPLORE_DATA,,MIXED,SETUP,MEDIUM
Zara,codap_21apr,frame_0021,420.3,motion_only_fallback,9.5152,unknown,EXPLORE_DATA,,MIXED,SETUP,MEDIUM
Zara,codap_21apr,frame_0022,421.3,motion_only_fallback,1.0739,unknown,EXPLORE_DATA,,MIXED,SETUP,MEDIUM
Zara,codap_21apr,frame_0023,428.1,motion_only_fallback,1.1946,unknown,EXPLORE_DATA,,MIXED,SETUP,MEDIUM
Zara,codap_21apr,frame_0024,432.1,motion_only_fallback,1.8326,unknown,EXPLORE_DATA,,MIXED,SETUP,MEDIUM
Zara,codap_21apr,frame_0025,434.2,motion_only_fallback,17.3814,unknown,OFF_TASK,,MENU,IDLE,HIGH
Zara,codap_21apr,frame_0026,476.2,motion_only_fallback,6.3621,unknown,EXPLORE_DATA,,CODAP,SETUP,HIGH
Zara,codap_21apr,frame_0027,496.2,motion_only_fallback,2.4302,unknown,EXPLORE_DATA,,CODAP,SETUP,HIGH
Zara,codap_21apr,frame_0028,498.1,motion_only_fallback,4.0835,unknown,EXPLORE_DATA,,MIXED,SETUP,HIGH
Zara,codap_21apr,frame_0029,582.8,motion_only_fallback,2.1998,unknown,EXPLORE_DATA,,CODAP,SETUP,HIGH
Zara,codap_21apr,frame_0030,630.9,motion_only_fallback,0.8727,unknown,EXPLORE_DATA,SELECT_TARGET,MIXED,SETUP,HIGH
Zara,codap_21apr,frame_0031,639.6,motion_only_fallback,2.4506,unknown,EXPLORE_DATA,SELECT_TARGET,MIXED,SETUP,HIGH
Zara,codap_21apr,frame_0032,642.3,motion_only_fallback,1.9203,unknown,EXPLORE_DATA,,MIXED,SETUP,HIGH
Zara,codap_21apr,frame_0033,645.9,motion_only_fallback,2.8663,unknown,EXPLORE_DATA,,MIXED,SETUP,HIGH
Zara,codap_21apr,frame_0034,647.5,motion_only_fallback,2.0953,unknown,EXPLORE_DATA,SELECT_TARGET,MIXED,SETUP,MEDIUM
Zara,codap_21apr,frame_0035,671.7,motion_only_fallback,1.6262,unknown,EXPLORE_DATA,,MIXED,SETUP,HIGH
Zara,codap_21apr,frame_0036,772.4,silent_screen_gap_fill,,unknown,EXPLORE_DATA,,MIXED,SETUP,HIGH
Zara,codap_21apr,frame_0037,779.2,motion_only_fallback,1.2782,unknown,EXPLORE_DATA,,MIXED,SETUP,MEDIUM
Zara,codap_21apr,frame_0038,785.6,motion_only_fallback,3.1223,unknown,EXPLORE_DATA,,MIXED,SETUP,MEDIUM
Zara,codap_21apr,frame_0039,805.3,motion_only_fallback,0.8613,unknown,EXPLORE_DATA,,MIXED,SETUP,HIGH
Zara,codap_21apr,frame_0040,807.8,motion_only_fallback,0.827,unknown,EXPLORE_DATA,,MIXED,SETUP,MEDIUM
Zara,codap_21apr,frame_0041,813.7,motion_only_fallback,2.8297,unknown,EXPLORE_DATA,,MIXED,SETUP,HIGH
Zara,codap_21apr,frame_0042,899.0,motion_only_fallback,1.3449,unknown,EXPLORE_DATA,,MIXED,SETUP,HIGH
Zara,codap_21apr,frame_0043,907.6,motion_only_fallback,1.1657,unknown,EXPLORE_DATA,,MIXED,SETUP,HIGH
Zara,codap_21apr,frame_0044,984.3,motion_only_fallback,1.6042,unknown,EXPLORE_DATA,,MIXED,SETUP,MEDIUM
Zara,codap_21apr,frame_0045,989.7,motion_only_fallback,1.0853,unknown,EXPLORE_DATA,,MIXED,SETUP,MEDIUM
Zara,codap_21apr,frame_0046,996.1,motion_only_fallback,2.3964,unknown,EXPLORE_DATA,,MIXED,SETUP,HIGH
Zara,codap_21apr,frame_0047,1096.8,silent_screen_gap_fill,,unknown,EXPLORE_DATA,,MIXED,SETUP,MEDIUM
Zara,codap_21apr,frame_0048,1197.4,silent_screen_gap_fill,,unknown,EXPLORE_DATA,,MIXED,SETUP,MEDIUM
Zara,codap_21apr,frame_0049,1288.7,motion_only_fallback,1.222,unknown,EXPLORE_DATA,,MIXED,SETUP,MEDIUM
Zara,codap_21apr,frame_0050,1354.7,motion_only_fallback,2.2079,unknown,EXPLORE_DATA,,MIXED,SETUP,MEDIUM
Zara,codap_21apr,frame_0051,1356.3,motion_only_fallback,3.0116,unknown,EXPLORE_DATA,,MIXED,SETUP,HIGH
Zara,codap_21apr,frame_0052,1390.9,motion_only_fallback,0.8225,unknown,EXPLORE_DATA,,MIXED,SETUP,MEDIUM
Zara,codap_21apr,frame_0053,1392.1,motion_only_fallback,1.8735,unknown,EXPLORE_DATA,,MIXED,SETUP,MEDIUM
Zara,codap_21apr,frame_0054,1393.9,motion_only_fallback,2.2251,unknown,EXPLORE_DATA,,MIXED,SETUP,HIGH
Zara,codap_21apr,frame_0055,1398.4,motion_only_fallback,0.8391,unknown,EXPLORE_DATA,,MIXED,SETUP,MEDIUM
Zara,codap_21apr,frame_0056,1416.0,motion_only_fallback,1.1916,unknown,EXPLORE_DATA,,MIXED,SETUP,MEDIUM
Zara,codap_21apr,frame_0057,1484.1,motion_only_fallback,2.2323,unknown,EXPLORE_DATA,,MIXED,SETUP,MEDIUM
Zara,codap_21apr,frame_0058,1492.8,motion_only_fallback,1.0432,unknown,EXPLORE_DATA,,MIXED,SETUP,MEDIUM
Zara,codap_21apr,frame_0059,1542.2,motion_only_fallback,1.6997,unknown,EXPLORE_DATA,,MIXED,SETUP,MEDIUM
Zara,codap_21apr,frame_0060,1570.0,motion_only_fallback,5.4144,unknown,EXPLORE_DATA,,MIXED,SETUP,MEDIUM
Zara,codap_21apr,frame_0061,1630.0,motion_only_fallback,3.7897,unknown,EXPLORE_DATA,,MIXED,SETUP,MEDIUM
Zara,codap_21apr,frame_0062,1667.4,motion_only_fallback,10.1902,unknown,EXPLORE_DATA,,MIXED,SETUP,MEDIUM
Zara,codap_21apr,frame_0063,1669.5,motion_only_fallback,3.234,unknown,EXPLORE_DATA,,MIXED,SETUP,MEDIUM
Zara,codap_21apr,frame_0064,1752.6,motion_only_fallback,3.1908,unknown,EXPLORE_DATA,,CODAP,SETUP,MEDIUM
Zara,codap_21apr,frame_0065,1754.4,motion_only_fallback,1.9248,unknown,EXPLORE_DATA,,MIXED,SETUP,MEDIUM
Zara,codap_21apr,frame_0066,1835.4,motion_only_fallback,2.222,unknown,EXPLORE_DATA,,MIXED,SETUP,MEDIUM
Zara,codap_21apr,frame_0067,1842.5,motion_only_fallback,1.7647,unknown,EXPLORE_DATA,,MIXED,SETUP,MEDIUM
Zara,codap_21apr,frame_0068,1919.2,motion_only_fallback,1.0602,unknown,EXPLORE_DATA,,MIXED,SETUP,MEDIUM
Zara,codap_21apr,frame_0069,1931.3,motion_only_fallback,9.7083,unknown,EXPLORE_DATA,,MIXED,SETUP,HIGH
Zara,codap_21apr,frame_0070,1942.9,motion_only_fallback,8.5284,unknown,EXPLORE_DATA,,MIXED,SETUP,MEDIUM
Zara,codap_21apr,frame_0071,1951.7,motion_only_fallback,2.7535,unknown,EXPLORE_DATA,,MIXED,SETUP,MEDIUM
Zara,codap_21apr,frame_0072,1953.2,motion_only_fallback,0.8241,unknown,EXPLORE_DATA,,MIXED,SETUP,HIGH
Zara,codap_21apr,frame_0073,1958.3,motion_only_fallback,2.0488,unknown,EXPLORE_DATA,,MIXED,SETUP,MEDIUM
Zara,codap_21apr,frame_0074,1964.3,motion_only_fallback,2.3461,unknown,EXPLORE_DATA,,MIXED,SETUP,MEDIUM
Zara,codap_21apr,frame_0075,1977.9,motion_only_fallback,7.012,unknown,EXPLORE_DATA,,MIXED,SETUP,MEDIUM
Zara,codap_21apr,frame_0076,2013.7,motion_only_fallback,2.1705,unknown,EXPLORE_DATA,,MIXED,SETUP,MEDIUM
Zara,codap_21apr,frame_0077,2014.8,motion_only_fallback,1.1017,unknown,EXPLORE_DATA,,MIXED,SETUP,MEDIUM
Zara,codap_21apr,frame_0078,2016.3,motion_only_fallback,1.7076,unknown,EXPLORE_DATA,,MIXED,SETUP,MEDIUM
Zara,codap_21apr,frame_0079,2017.3,motion_only_fallback,1.151,unknown,EXPLORE_DATA,SELECT_TARGET,MIXED,SETUP,MEDIUM
Zara,codap_21apr,frame_0080,2018.4,motion_only_fallback,1.1181,unknown,EXPLORE_DATA,,MIXED,SETUP,MEDIUM
Zara,codap_21apr,frame_0081,2022.2,motion_only_fallback,2.3171,unknown,EXPLORE_DATA,SELECT_TARGET,MIXED,SETUP,MEDIUM
Zara,codap_21apr,frame_0082,2023.3,motion_only_fallback,2.6715,unknown,EXPLORE_DATA,,MIXED,SETUP,MEDIUM
Zara,codap_21apr,frame_0083,2058.9,motion_only_fallback,1.516,unknown,EXPLORE_DATA,SELECT_TARGET,MIXED,SETUP,HIGH
Zara,codap_21apr,frame_0084,2060.2,motion_only_fallback,5.3881,unknown,EXPLORE_DATA,,MIXED,SETUP,MEDIUM
Zara,codap_21apr,frame_0085,2061.8,motion_only_fallback,1.7741,unknown,EXPLORE_DATA,,MIXED,SETUP,MEDIUM
Zara,codap_21apr,frame_0086,2064.4,motion_only_fallback,1.7539,unknown,EXPLORE_DATA,,MIXED,SETUP,MEDIUM
Zara,codap_21apr,frame_0087,2128.9,motion_only_fallback,1.028,unknown,EXPLORE_DATA,,MIXED,SETUP,MEDIUM
Zara,codap_21apr,frame_0088,2136.4,motion_only_fallback,4.2145,unknown,EXPLORE_DATA,SELECT_TARGET,MIXED,SETUP,MEDIUM
Zara,codap_21apr,frame_0089,2141.6,motion_only_fallback,4.9165,unknown,EXPLORE_DATA,,MIXED,SETUP,HIGH
Zara,codap_21apr,frame_0090,2154.5,motion_only_fallback,3.3362,unknown,EXPLORE_DATA,SELECT_TARGET,MIXED,SETUP,MEDIUM
Zara,codap_21apr,frame_0091,2215.4,motion_only_fallback,1.5122,unknown,TUNE_THRESHOLD,EXPLORE_DATA,MIXED,TUNING,MEDIUM
Zara,codap_21apr,frame_0092,2231.3,motion_only_fallback,3.8032,unknown,EXPLORE_DATA,,MIXED,SETUP,MEDIUM
Zara,codap_21apr,frame_0093,2234.7,motion_only_fallback,6.9225,unknown,EXPLORE_DATA,,MIXED,SETUP,MEDIUM
Zara,codap_21apr,frame_0094,2288.6,motion_only_fallback,1.3277,unknown,EXPLORE_DATA,,MIXED,SETUP,MEDIUM
Zara,codap_21apr,frame_0095,2290.2,motion_only_fallback,3.2917,unknown,BUILD_TREE,EXPLORE_DATA,MIXED,BUILDING,MEDIUM
Zara,codap_21apr,frame_0096,2368.0,motion_only_fallback,1.7025,unknown,TUNE_THRESHOLD,EXPLORE_DATA,MIXED,TUNING,MEDIUM
Zara,codap_21apr,frame_0097,2468.8,silent_screen_gap_fill,,unknown,TUNE_THRESHOLD,EXPLORE_DATA,MIXED,TUNING,MEDIUM
Zara,codap_21apr,frame_0098,2568.9,silent_screen_gap_fill,,unknown,TUNE_THRESHOLD,EXPLORE_DATA,MIXED,TUNING,MEDIUM
Zara,codap_21apr,frame_0099,2591.4,motion_only_fallback,1.1235,unknown,TUNE_THRESHOLD,EXPLORE_DATA,MIXED,TUNING,MEDIUM
Zara,codap_21apr,frame_0100,2650.5,motion_only_fallback,2.0251,unknown,TUNE_THRESHOLD,EXPLORE_DATA,MIXED,TUNING,MEDIUM
Zara,codap_21apr,frame_0101,2651.7,motion_only_fallback,2.2568,unknown,EVALUATE_MODEL,EXPLORE_DATA,MIXED,EVALUATING,MEDIUM
Zara,codap_21apr,frame_0102,2653.1,motion_only_fallback,1.8684,unknown,EVALUATE_MODEL,EXPLORE_DATA,MIXED,EVALUATING,MEDIUM
Zara,codap_21apr,frame_0103,2657.9,motion_only_fallback,2.4398,unknown,EVALUATE_MODEL,EXPLORE_DATA,MIXED,EVALUATING,MEDIUM
Zara,codap_21apr,frame_0104,2682.0,motion_only_fallback,1.0839,unknown,EVALUATE_MODEL,EXPLORE_DATA,MIXED,EVALUATING,MEDIUM
Zara,codap_21apr,frame_0105,2702.7,motion_only_fallback,2.4971,unknown,EVALUATE_MODEL,EXPLORE_DATA,MIXED,EVALUATING,HIGH
Zara,codap_21apr,frame_0106,2803.3,silent_screen_gap_fill,,unknown,EVALUATE_MODEL,EXPLORE_DATA,MIXED,EVALUATING,HIGH
Zara,codap_21apr,frame_0107,2842.6,motion_only_fallback,0.8029,unknown,BUILD_TREE,EXPLORE_DATA,MIXED,BUILDING,MEDIUM
Zara,codap_21apr,frame_0108,2862.0,motion_only_fallback,2.0365,unknown,EVALUATE_MODEL,EXPLORE_DATA,MIXED,EVALUATING,HIGH
Zara,codap_21apr,frame_0109,2891.2,motion_only_fallback,2.2085,unknown,EVALUATE_MODEL,EXPLORE_DATA,MIXED,EVALUATING,HIGH
Zara,codap_21apr,frame_0110,2906.4,motion_only_fallback,0.8563,unknown,EVALUATE_MODEL,EXPLORE_DATA,MIXED,EVALUATING,MEDIUM
Zara,codap_21apr,frame_0111,2907.5,motion_only_fallback,0.8846,unknown,BUILD_TREE,EXPLORE_DATA,MIXED,BUILDING,MEDIUM
Zara,codap_21apr,frame_0112,2953.7,motion_only_fallback,0.8731,unknown,COMPARE_MODELS,EXPLORE_DATA,MIXED,EVALUATING,HIGH
Zara,codap_21apr,frame_0113,2954.9,motion_only_fallback,0.897,unknown,BUILD_TREE,EXPLORE_DATA,MIXED,BUILDING,MEDIUM
Zara,codap_21apr,frame_0114,2979.8,motion_only_fallback,3.12,unknown,COMPARE_MODELS,EXPLORE_DATA,MIXED,EVALUATING,HIGH
Zara,codap_21apr,frame_0115,3040.8,motion_only_fallback,0.8727,unknown,BUILD_TREE,EXPLORE_DATA,MIXED,BUILDING,MEDIUM
Zara,codap_21apr,frame_0116,3047.5,motion_only_fallback,0.9543,unknown,COMPARE_MODELS,EXPLORE_DATA,MIXED,EVALUATING,HIGH
Zara,codap_21apr,frame_0117,3054.8,motion_only_fallback,3.2735,unknown,COMPARE_MODELS,EXPLORE_DATA,MIXED,EVALUATING,HIGH
Zara,codap_21apr,frame_0118,3058.2,motion_only_fallback,0.9321,unknown,BUILD_TREE,EXPLORE_DATA,MIXED,BUILDING,MEDIUM
Zara,codap_21apr,frame_0119,3063.5,motion_only_fallback,1.005,unknown,COMPARE_MODELS,EXPLORE_DATA,MIXED,EVALUATING,HIGH
Zara,codap_21apr,frame_0120,3155.4,motion_only_fallback,0.8374,unknown,BUILD_TREE,EXPLORE_DATA,MIXED,BUILDING,MEDIUM
Zara,codap_21apr,frame_0121,3159.5,motion_only_fallback,1.2288,unknown,COMPARE_MODELS,EXPLORE_DATA,MIXED,EVALUATING,MEDIUM
Zara,codap_21apr,frame_0122,3171.0,motion_only_fallback,2.2276,unknown,BUILD_TREE,EXPLORE_DATA,MIXED,BUILDING,HIGH
Zara,codap_21apr,frame_0123,3206.4,motion_only_fallback,1.6975,unknown,BUILD_TREE,EXPLORE_DATA,MIXED,BUILDING,HIGH
Zara,codap_21apr,frame_0124,3211.4,motion_only_fallback,2.5536,unknown,COMPARE_MODELS,EXPLORE_DATA,MIXED,EVALUATING,HIGH
Zara,codap_21apr,frame_0125,3283.1,motion_only_fallback,1.4369,unknown,COMPARE_MODELS,EXPLORE_DATA,MIXED,EVALUATING,HIGH
Zara,codap_21apr,frame_0126,3295.2,motion_only_fallback,1.2346,unknown,COMPARE_MODELS,EXPLORE_DATA,MIXED,EVALUATING,HIGH
Zara,codap_21apr,frame_0127,3303.9,motion_only_fallback,1.1734,unknown,COMPARE_MODELS,EXPLORE_DATA,MIXED,EVALUATING,HIGH
Zara,codap_21apr,frame_0128,3305.7,motion_only_fallback,0.9574,unknown,COMPARE_MODELS,EXPLORE_DATA,MIXED,EVALUATING,HIGH
Zara,codap_21apr,frame_0129,3309.9,motion_only_fallback,9.4261,unknown,COMPARE_MODELS,EXPLORE_DATA,MIXED,EVALUATING,MEDIUM
Zara,codap_21apr,frame_0130,3311.3,motion_only_fallback,0.8256,unknown,COMPARE_MODELS,EXPLORE_DATA,MIXED,EVALUATING,HIGH
Zara,codap_21apr,frame_0131,3314.9,motion_only_fallback,4.7683,unknown,COMPARE_MODELS,EXPLORE_DATA,MIXED,EVALUATING,HIGH
Zara,codap_21apr,frame_0132,3388.5,motion_only_fallback,2.0889,unknown,COMPARE_MODELS,EXPLORE_DATA,MIXED,EVALUATING,HIGH
Zara,codap_21apr,frame_0133,3391.9,motion_only_fallback,3.4132,unknown,COMPARE_MODELS,EXPLORE_DATA,MIXED,EVALUATING,HIGH
Zara,codap_21apr,frame_0134,3394.0,motion_only_fallback,1.9747,unknown,COMPARE_MODELS,EXPLORE_DATA,MIXED,EVALUATING,HIGH
Zara,codap_21apr,frame_0135,3395.8,motion_only_fallback,1.1304,unknown,COMPARE_MODELS,EXPLORE_DATA,MIXED,EVALUATING,HIGH
Zara,codap_21apr,frame_0136,3433.8,motion_only_fallback,1.2868,unknown,COMPARE_MODELS,EXPLORE_DATA,MIXED,EVALUATING,HIGH
Zara,codap_21apr,frame_0137,3533.9,silent_screen_gap_fill,,unknown,TUNE_THRESHOLD,EXPLORE_DATA,MIXED,TUNING,MEDIUM
Zara,codap_21apr,frame_0138,3559.5,motion_only_fallback,6.5849,unknown,COMPARE_MODELS,EXPLORE_DATA,MIXED,EVALUATING,HIGH
Zara,codap_21apr,frame_0139,3581.2,motion_only_fallback,2.0455,unknown,COMPARE_MODELS,EXPLORE_DATA,MIXED,EVALUATING,HIGH
Zara,codap_21apr,frame_0140,3681.2,silent_screen_gap_fill,,unknown,TUNE_THRESHOLD,COMPARE_MODELS,MIXED,TUNING,MEDIUM
Zara,codap_21apr,frame_0141,3781.2,silent_screen_gap_fill,,unknown,COMPARE_MODELS,EXPLORE_DATA,MIXED,EVALUATING,HIGH
Zara,codap_21apr,frame_0142,3878.6,motion_only_fallback,1.7581,unknown,COMPARE_MODELS,EXPLORE_DATA,MIXED,EVALUATING,HIGH
Zara,codap_21apr,frame_0143,3880.5,motion_only_fallback,15.3106,unknown,COMPARE_MODELS,EXPLORE_DATA,MIXED,EVALUATING,HIGH
Zara,codap_21apr,frame_0144,3907.6,motion_only_fallback,1.1815,unknown,COMPARE_MODELS,EXPLORE_DATA,MIXED,EVALUATING,MEDIUM
Zara,codap_21apr,frame_0145,3908.7,motion_only_fallback,0.8578,unknown,COMPARE_MODELS,EXPLORE_DATA,MIXED,EVALUATING,HIGH
Zara,codap_21apr,frame_0146,3914.4,motion_only_fallback,1.1211,unknown,COMPARE_MODELS,EXPLORE_DATA,MIXED,EVALUATING,HIGH
Zara,codap_21apr,frame_0147,3924.8,motion_only_fallback,1.9711,unknown,COMPARE_MODELS,EXPLORE_DATA,MIXED,EVALUATING,HIGH
Zara,codap_21apr,frame_0148,3927.1,motion_only_fallback,1.7396,unknown,COMPARE_MODELS,EXPLORE_DATA,MIXED,EVALUATING,HIGH
Zara,codap_21apr,frame_0149,3941.8,motion_only_fallback,1.6402,unknown,COMPARE_MODELS,EXPLORE_DATA,MIXED,EVALUATING,MEDIUM
Zara,codap_21apr,frame_0150,3943.2,motion_only_fallback,1.2625,unknown,COMPARE_MODELS,EXPLORE_DATA,MIXED,EVALUATING,HIGH
Zara,codap_21apr,frame_0151,3946.1,motion_only_fallback,2.5523,unknown,COMPARE_MODELS,EXPLORE_DATA,MIXED,EVALUATING,HIGH
Zara,codap_21apr,frame_0152,3962.9,motion_only_fallback,0.8856,unknown,COMPARE_MODELS,EXPLORE_DATA,MIXED,EVALUATING,HIGH
Zara,codap_21apr,frame_0153,4063.4,silent_screen_gap_fill,,unknown,COMPARE_MODELS,EXPLORE_DATA,MIXED,EVALUATING,HIGH
Zara,codap_21apr,frame_0154,4164.2,silent_screen_gap_fill,,unknown,COMPARE_MODELS,EXPLORE_DATA,MIXED,EVALUATING,HIGH
Zara,codap_21apr,frame_0155,4264.9,silent_screen_gap_fill,,unknown,COMPARE_MODELS,EXPLORE_DATA,MIXED,EVALUATING,HIGH
Zara,codap_21apr,frame_0156,4365.5,silent_screen_gap_fill,,unknown,COMPARE_MODELS,EXPLORE_DATA,MIXED,EVALUATING,MEDIUM
Zara,codap_21apr,frame_0157,4435.8,motion_only_fallback,2.684,unknown,COMPARE_MODELS,EXPLORE_DATA,MIXED,EVALUATING,MEDIUM
Zara,codap_21apr,frame_0158,4439.7,motion_only_fallback,3.3987,unknown,TUNE_THRESHOLD,EXPLORE_DATA,MIXED,TUNING,HIGH
Zara,codap_21apr,frame_0159,4466.8,motion_only_fallback,1.2494,unknown,COMPARE_MODELS,EXPLORE_DATA,MIXED,EVALUATING,HIGH
Zara,codap_21apr,frame_0160,4505.2,motion_only_fallback,3.3881,unknown,COMPARE_MODELS,EXPLORE_DATA,MIXED,EVALUATING,HIGH
Zara,codap_21apr,frame_0161,4586.1,motion_only_fallback,2.0048,unknown,COMPARE_MODELS,EXPLORE_DATA,MIXED,EVALUATING,MEDIUM
Zara,codap_21apr,frame_0162,4596.3,motion_only_fallback,3.4001,unknown,TUNE_THRESHOLD,EXPLORE_DATA,MIXED,TUNING,HIGH
Zara,codap_21apr,frame_0163,4610.9,motion_only_fallback,1.224,unknown,COMPARE_MODELS,EXPLORE_DATA,MIXED,EVALUATING,HIGH
Zara,codap_21apr,frame_0164,4694.4,motion_only_fallback,1.0992,unknown,COMPARE_MODELS,EXPLORE_DATA,MIXED,EVALUATING,HIGH
Zara,codap_21apr,frame_0165,4695.4,motion_only_fallback,1.7099,unknown,BUILD_TREE,EXPLORE_DATA,MIXED,BUILDING,MEDIUM
Zara,codap_21apr,frame_0166,4704.5,motion_only_fallback,2.3364,unknown,BUILD_TREE,EXPLORE_DATA,MIXED,BUILDING,MEDIUM
Zara,codap_21apr,frame_0167,4760.1,motion_only_fallback,2.5206,unknown,BUILD_TREE,EXPLORE_DATA,MIXED,BUILDING,MEDIUM
Zara,codap_21apr,frame_0168,4764.6,motion_only_fallback,5.598,unknown,BUILD_TREE,EXPLORE_DATA,MIXED,BUILDING,MEDIUM
Zara,codap_21apr,frame_0169,4829.6,motion_only_fallback,2.3472,unknown,BUILD_TREE,EXPLORE_DATA,MIXED,BUILDING,MEDIUM
Zara,codap_21apr,frame_0170,4839.6,motion_only_fallback,5.055,unknown,COMPARE_MODELS,EXPLORE_DATA,MIXED,EVALUATING,HIGH
Zara,codap_21apr,frame_0171,4840.7,motion_only_fallback,2.2971,unknown,BUILD_TREE,EXPLORE_DATA,MIXED,BUILDING,MEDIUM
Zara,codap_21apr,frame_0172,4941.1,silent_screen_gap_fill,,unknown,COMPARE_MODELS,EXPLORE_DATA,MIXED,EVALUATING,HIGH
Zara,codap_21apr,frame_0173,5041.6,silent_screen_gap_fill,,unknown,COMPARE_MODELS,EXPLORE_DATA,MIXED,EVALUATING,HIGH
Zara,codap_21apr,frame_0174,5048.0,motion_only_fallback,1.0907,unknown,EXPLORE_DATA,,MENU,SETUP,MEDIUM
Zara,codap_21apr,frame_0175,5054.4,motion_only_fallback,1.0909,unknown,COMPARE_MODELS,EXPLORE_DATA,MIXED,EVALUATING,HIGH
Zara,codap_21apr,frame_0176,5090.6,motion_only_fallback,1.0909,unknown,EXPLORE_DATA,,MENU,SETUP,MEDIUM
Zara,codap_21apr,frame_0177,5095.0,motion_only_fallback,67.5768,unknown,EXPLORE_DATA,,MENU,SETUP,MEDIUM
Zara,codap_21apr,frame_0178,5098.2,motion_only_fallback,13.8773,unknown,EXPLORE_DATA,,MENU,SETUP,MEDIUM
Zara,codap_21apr,frame_0179,5100.7,motion_only_fallback,3.2857,unknown,EXPLORE_DATA,,MENU,SETUP,MEDIUM
Zara,codap_21apr,frame_0180,5104.9,motion_only_fallback,66.1869,unknown,COMPARE_MODELS,EXPLORE_DATA,MIXED,EVALUATING,HIGH
Zara,codap_21apr,frame_0181,5110.1,motion_only_fallback,1.0907,unknown,EXPLORE_DATA,COMPARE_MODELS,MENU,SETUP,MEDIUM
Zara,codap_21apr,frame_0182,5111.6,motion_only_fallback,65.7629,unknown,EXPLORE_DATA,,MENU,SETUP,MEDIUM
Zara,codap_21apr,frame_0183,5117.2,motion_only_fallback,66.8432,unknown,COMPARE_MODELS,EXPLORE_DATA,MIXED,EVALUATING,HIGH
Zara,codap_21apr,frame_0184,5125.7,motion_only_fallback,14.8829,unknown,OFF_TASK,,MENU,IDLE,HIGH
Zara,codap_21apr,frame_0185,5128.9,motion_only_fallback,6.7153,unknown,OFF_TASK,,MENU,IDLE,HIGH
Zara,codap_21apr,frame_0186,5129.9,motion_only_fallback,3.6098,unknown,OFF_TASK,,MENU,IDLE,HIGH
Zara,codap_21apr,frame_0187,5137.1,motion_only_fallback,3.5889,unknown,OFF_TASK,,MENU,IDLE,HIGH
Zara,codap_21apr,frame_0188,5144.3,motion_only_fallback,3.9713,unknown,OFF_TASK,,MENU,IDLE,HIGH
Zara,codap_21apr,frame_0189,5145.8,motion_only_fallback,7.1892,unknown,OFF_TASK,,MIXED,IDLE,HIGH
Zara,codap_21apr,frame_0190,5147.6,motion_only_fallback,6.8549,unknown,OFF_TASK,,MENU,IDLE,HIGH
Zara,codap_21apr,frame_0191,5149.1,motion_only_fallback,6.4986,unknown,OFF_TASK,,MENU,IDLE,HIGH
Zara,codap_21apr,frame_0192,5152.2,motion_only_fallback,14.3787,unknown,COMPARE_MODELS,EXPLORE_DATA,MIXED,EVALUATING,HIGH
Zara,codap_21apr,frame_0193,5154.0,motion_only_fallback,1.091,unknown,EXPLORE_DATA,,MENU,SETUP,MEDIUM
Zara,codap_21apr,frame_0194,5155.7,motion_only_fallback,65.7502,unknown,EVALUATE_MODEL,,MENU,EVALUATING,MEDIUM
Zara,codap_21apr,frame_0195,5157.2,motion_only_fallback,4.1516,unknown,EVALUATE_MODEL,,MIXED,EVALUATING,MEDIUM
Zara,codap_21apr,frame_0196,5158.9,motion_only_fallback,67.8958,unknown,COMPARE_MODELS,EXPLORE_DATA,MIXED,EVALUATING,HIGH
Zara,codap_21apr,frame_0197,5162.9,motion_only_fallback,1.3553,unknown,COMPARE_MODELS,EXPLORE_DATA,MIXED,EVALUATING,HIGH
Zara,codap_21apr,frame_0198,5165.7,motion_only_fallback,1.1715,unknown,COMPARE_MODELS,EXPLORE_DATA,MIXED,EVALUATING,HIGH
Zara,codap_21apr,frame_0199,5205.2,motion_only_fallback,16.4062,unknown,COMPARE_MODELS,EXPLORE_DATA,MIXED,EVALUATING,HIGH
Zara,codap_21apr,frame_0200,5209.9,motion_only_fallback,3.5775,unknown,OFF_TASK,,MENU,IDLE,HIGH
Zara,codap_21apr,frame_0201,5211.3,motion_only_fallback,1.6551,unknown,OFF_TASK,,MENU,IDLE,HIGH
Zara,codap_21apr,frame_0202,5214.9,motion_only_fallback,3.733,unknown,OFF_TASK,,MENU,IDLE,HIGH
Zara,codap_21apr,frame_0203,5216.1,motion_only_fallback,7.039,unknown,OFF_TASK,,MENU,IDLE,HIGH
Zara,codap_21apr,frame_0204,5217.2,motion_only_fallback,6.9261,unknown,OFF_TASK,,MENU,IDLE,HIGH
Zara,codap_21apr,frame_0205,5218.2,motion_only_fallback,1.0733,unknown,OFF_TASK,,MENU,IDLE,HIGH
Zara,codap_21apr,frame_0206,5219.3,motion_only_fallback,7.0552,unknown,OFF_TASK,,MENU,IDLE,HIGH
Zara,codap_21apr,frame_0207,5224.7,motion_only_fallback,3.891,unknown,OFF_TASK,,MIXED,IDLE,HIGH
Zara,codap_21apr,frame_0208,5225.7,motion_only_fallback,1.2444,unknown,OFF_TASK,,MIXED,IDLE,MEDIUM
Zara,codap_21apr,frame_0209,5227.6,motion_only_fallback,0.9242,unknown,EXPLORE_DATA,,MENU,SETUP,MEDIUM
Zara,codap_21apr,frame_0210,5228.6,motion_only_fallback,1.0222,unknown,OFF_TASK,,MENU,IDLE,HIGH
Zara,codap_21apr,frame_0211,5232.5,motion_only_fallback,0.9938,unknown,OFF_TASK,,MIXED,IDLE,MEDIUM
Bruno,codap_28apr,frame_0001,43.7,motion_only_fallback,3.2944,unknown,EXPLORE_DATA,,MENU,SETUP,HIGH
Bruno,codap_28apr,frame_0002,49.9,motion_only_fallback,8.3669,unknown,EXPLORE_DATA,,MENU,SETUP,HIGH
Bruno,codap_28apr,frame_0003,51.7,motion_only_fallback,1.1316,unknown,EXPLORE_DATA,,MENU,SETUP,HIGH
Bruno,codap_28apr,frame_0004,52.8,motion_only_fallback,1.0683,unknown,EXPLORE_DATA,,MENU,SETUP,HIGH
Bruno,codap_28apr,frame_0005,54.5,motion_only_fallback,2.6067,unknown,EXPLORE_DATA,,MENU,SETUP,HIGH
Bruno,codap_28apr,frame_0006,56.3,motion_only_fallback,0.8507,unknown,EXPLORE_DATA,,MENU,SETUP,HIGH
Bruno,codap_28apr,frame_0007,57.6,motion_only_fallback,1.9483,unknown,EXPLORE_DATA,,MENU,SETUP,HIGH
Bruno,codap_28apr,frame_0008,59.5,motion_only_fallback,1.6319,unknown,EXPLORE_DATA,,MIXED,SETUP,MEDIUM
Bruno,codap_28apr,frame_0009,62.9,motion_only_fallback,70.2056,unknown,EXPLORE_DATA,,TREE,SETUP,MEDIUM
Bruno,codap_28apr,frame_0010,64.1,motion_only_fallback,10.9844,unknown,EXPLORE_DATA,,MIXED,SETUP,HIGH
Bruno,codap_28apr,frame_0011,88.6,motion_only_fallback,4.1192,unknown,TUNE_THRESHOLD,EXPLORE_DATA,MIXED,TUNING,MEDIUM
Bruno,codap_28apr,frame_0012,179.2,silent_screen_gap_fill,,unknown,TUNE_THRESHOLD,EXPLORE_DATA,MIXED,TUNING,MEDIUM
Bruno,codap_28apr,frame_0013,269.5,silent_screen_gap_fill,,unknown,EXPLORE_DATA,,MIXED,SETUP,MEDIUM
Bruno,codap_28apr,frame_0014,360.2,silent_screen_gap_fill,,unknown,TUNE_THRESHOLD,EXPLORE_DATA,MIXED,TUNING,MEDIUM
Bruno,codap_28apr,frame_0015,361.9,motion_only_fallback,70.3609,unknown,EXPLORE_DATA,,MIXED,SETUP,LOW
Bruno,codap_28apr,frame_0016,363.1,motion_only_fallback,77.9037,unknown,TUNE_THRESHOLD,EXPLORE_DATA,MIXED,TUNING,MEDIUM
Bruno,codap_28apr,frame_0017,453.5,silent_screen_gap_fill,,unknown,TUNE_THRESHOLD,EXPLORE_DATA,MIXED,TUNING,HIGH
Bruno,codap_28apr,frame_0018,544.3,silent_screen_gap_fill,,unknown,TUNE_THRESHOLD,EXPLORE_DATA,MIXED,TUNING,MEDIUM
Bruno,codap_28apr,frame_0019,582.2,motion_only_fallback,5.8011,unknown,TUNE_THRESHOLD,EXPLORE_DATA,MIXED,TUNING,MEDIUM
Bruno,codap_28apr,frame_0020,672.4,silent_screen_gap_fill,,unknown,TUNE_THRESHOLD,EXPLORE_DATA,MIXED,TUNING,MEDIUM
Bruno,codap_28apr,frame_0021,688.0,motion_only_fallback,2.7027,unknown,TUNE_THRESHOLD,EXPLORE_DATA,MIXED,TUNING,MEDIUM
Bruno,codap_28apr,frame_0022,691.1,motion_only_fallback,6.9161,unknown,TUNE_THRESHOLD,EXPLORE_DATA,MIXED,TUNING,MEDIUM
Bruno,codap_28apr,frame_0023,697.7,motion_only_fallback,2.8131,unknown,TUNE_THRESHOLD,EXPLORE_DATA,MIXED,TUNING,MEDIUM
Bruno,codap_28apr,frame_0024,703.1,motion_only_fallback,2.4813,unknown,TUNE_THRESHOLD,EXPLORE_DATA,MIXED,TUNING,MEDIUM
Bruno,codap_28apr,frame_0025,713.9,motion_only_fallback,1.8098,unknown,TUNE_THRESHOLD,EXPLORE_DATA,MIXED,TUNING,MEDIUM
Bruno,codap_28apr,frame_0026,715.6,motion_only_fallback,2.4711,unknown,TUNE_THRESHOLD,EXPLORE_DATA,MIXED,TUNING,MEDIUM
Bruno,codap_28apr,frame_0027,718.7,motion_only_fallback,1.2072,unknown,EXPLORE_DATA,,MIXED,SETUP,MEDIUM
Bruno,codap_28apr,frame_0028,719.7,motion_only_fallback,2.1605,unknown,TUNE_THRESHOLD,EXPLORE_DATA,MIXED,TUNING,MEDIUM
Bruno,codap_28apr,frame_0029,724.4,motion_only_fallback,1.3654,unknown,BUILD_TREE,EXPLORE_DATA,MIXED,BUILDING,HIGH
Bruno,codap_28apr,frame_0030,730.1,motion_only_fallback,1.316,unknown,BUILD_TREE,EXPLORE_DATA,MIXED,BUILDING,MEDIUM
Bruno,codap_28apr,frame_0031,759.3,motion_only_fallback,5.3075,unknown,TUNE_THRESHOLD,EXPLORE_DATA,MIXED,TUNING,MEDIUM
Bruno,codap_28apr,frame_0032,766.2,motion_only_fallback,3.8368,unknown,TUNE_THRESHOLD,EXPLORE_DATA,MIXED,TUNING,MEDIUM
Bruno,codap_28apr,frame_0033,856.5,silent_screen_gap_fill,,unknown,TUNE_THRESHOLD,EXPLORE_DATA,MIXED,TUNING,MEDIUM
Bruno,codap_28apr,frame_0034,881.5,motion_only_fallback,1.0666,unknown,EXPLORE_DATA,,MIXED,SETUP,MEDIUM
Bruno,codap_28apr,frame_0035,882.7,motion_only_fallback,0.94,unknown,TUNE_THRESHOLD,,MIXED,TUNING,MEDIUM
Bruno,codap_28apr,frame_0036,890.0,motion_only_fallback,1.0666,unknown,EXPLORE_DATA,,MIXED,SETUP,MEDIUM
Bruno,codap_28apr,frame_0037,902.3,motion_only_fallback,2.3077,unknown,TUNE_THRESHOLD,EXPLORE_DATA,MIXED,TUNING,MEDIUM
Bruno,codap_28apr,frame_0038,992.4,silent_screen_gap_fill,,unknown,EXPLORE_DATA,,MENU,SETUP,MEDIUM
Bruno,codap_28apr,frame_0039,1004.4,motion_only_fallback,5.63,unknown,TUNE_THRESHOLD,EXPLORE_DATA,MIXED,TUNING,MEDIUM
Bruno,codap_28apr,frame_0040,1014.7,motion_only_fallback,5.5438,unknown,TUNE_THRESHOLD,EXPLORE_DATA,MIXED,TUNING,MEDIUM
Bruno,codap_28apr,frame_0041,1021.0,motion_only_fallback,1.5465,unknown,TUNE_THRESHOLD,EXPLORE_DATA,MIXED,TUNING,MEDIUM
Bruno,codap_28apr,frame_0042,1034.8,motion_only_fallback,2.1462,unknown,TUNE_THRESHOLD,EXPLORE_DATA,MIXED,TUNING,MEDIUM
Bruno,codap_28apr,frame_0043,1046.3,motion_only_fallback,3.6881,unknown,TUNE_THRESHOLD,EXPLORE_DATA,MIXED,TUNING,MEDIUM
Bruno,codap_28apr,frame_0044,1049.0,motion_only_fallback,6.6431,unknown,TUNE_THRESHOLD,EXPLORE_DATA,MIXED,TUNING,MEDIUM
Bruno,codap_28apr,frame_0045,1064.6,motion_only_fallback,2.9844,unknown,TUNE_THRESHOLD,EXPLORE_DATA,MIXED,TUNING,MEDIUM
Bruno,codap_28apr,frame_0046,1068.6,motion_only_fallback,2.3478,unknown,TUNE_THRESHOLD,EXPLORE_DATA,MIXED,TUNING,MEDIUM
Bruno,codap_28apr,frame_0047,1072.9,motion_only_fallback,3.3696,unknown,EXPLORE_DATA,,MENU,SETUP,MEDIUM
Bruno,codap_28apr,frame_0048,1075.6,motion_only_fallback,5.342,unknown,TUNE_THRESHOLD,EXPLORE_DATA,MIXED,TUNING,MEDIUM
Bruno,codap_28apr,frame_0049,1076.9,motion_only_fallback,3.3268,unknown,EXPLORE_DATA,,MENU,SETUP,MEDIUM
Bruno,codap_28apr,frame_0050,1078.5,motion_only_fallback,3.343,unknown,EXPLORE_DATA,TUNE_THRESHOLD,MIXED,SETUP,MEDIUM
Bruno,codap_28apr,frame_0051,1081.0,motion_only_fallback,5.06,unknown,BUILD_TREE,EXPLORE_DATA,MIXED,BUILDING,HIGH
Bruno,codap_28apr,frame_0052,1085.9,motion_only_fallback,1.7045,unknown,TUNE_THRESHOLD,EXPLORE_DATA,MIXED,TUNING,MEDIUM
Bruno,codap_28apr,frame_0053,1086.9,motion_only_fallback,1.6335,unknown,TUNE_THRESHOLD,EXPLORE_DATA,MIXED,TUNING,MEDIUM
Bruno,codap_28apr,frame_0054,1088.5,motion_only_fallback,2.6009,unknown,TUNE_THRESHOLD,EXPLORE_DATA,MIXED,TUNING,MEDIUM
Bruno,codap_28apr,frame_0055,1094.4,motion_only_fallback,11.5343,unknown,TUNE_THRESHOLD,EXPLORE_DATA,MIXED,TUNING,MEDIUM
Bruno,codap_28apr,frame_0056,1096.6,motion_only_fallback,11.3198,unknown,TUNE_THRESHOLD,EXPLORE_DATA,MIXED,TUNING,MEDIUM
Bruno,codap_28apr,frame_0057,1105.6,motion_only_fallback,1.0511,unknown,EXPLORE_DATA,EVALUATE_MODEL,MIXED,SETUP,MEDIUM
Bruno,codap_28apr,frame_0058,1106.6,motion_only_fallback,2.7348,unknown,TUNE_THRESHOLD,EXPLORE_DATA,MIXED,TUNING,MEDIUM
Bruno,codap_28apr,frame_0059,1115.4,motion_only_fallback,6.2103,unknown,TUNE_THRESHOLD,EXPLORE_DATA,MIXED,TUNING,MEDIUM
Bruno,codap_28apr,frame_0060,1116.7,motion_only_fallback,2.0511,unknown,EXPLORE_DATA,,MIXED,SETUP,MEDIUM
Bruno,codap_28apr,frame_0061,1159.0,motion_only_fallback,0.9958,unknown,IDLE_THINKING,,MIXED,IDLE,MEDIUM
Bruno,codap_28apr,frame_0062,1160.7,motion_only_fallback,6.0044,unknown,TUNE_THRESHOLD,EXPLORE_DATA,MIXED,TUNING,MEDIUM
Bruno,codap_28apr,frame_0063,1164.7,motion_only_fallback,5.1705,unknown,TUNE_THRESHOLD,EXPLORE_DATA,MIXED,TUNING,MEDIUM
Bruno,codap_28apr,frame_0064,1225.4,motion_only_fallback,5.8711,unknown,EVALUATE_MODEL,EXPLORE_DATA,MIXED,EVALUATING,MEDIUM
Bruno,codap_28apr,frame_0065,1228.2,motion_only_fallback,5.8067,unknown,TUNE_THRESHOLD,EXPLORE_DATA,MIXED,TUNING,MEDIUM
Bruno,codap_28apr,frame_0066,1239.9,motion_only_fallback,1.3472,unknown,TUNE_THRESHOLD,,MIXED,TUNING,MEDIUM
Bruno,codap_28apr,frame_0067,1242.5,motion_only_fallback,5.8212,unknown,TUNE_THRESHOLD,EXPLORE_DATA,MIXED,TUNING,MEDIUM
Bruno,codap_28apr,frame_0068,1252.5,motion_only_fallback,2.2292,unknown,TUNE_THRESHOLD,EXPLORE_DATA,MIXED,TUNING,MEDIUM
Bruno,codap_28apr,frame_0069,1254.5,motion_only_fallback,5.8071,unknown,TUNE_THRESHOLD,,MIXED,TUNING,HIGH
Bruno,codap_28apr,frame_0070,1263.4,motion_only_fallback,1.2693,unknown,BUILD_TREE,EXPLORE_DATA,MIXED,BUILDING,MEDIUM
Bruno,codap_28apr,frame_0071,1278.0,motion_only_fallback,1.2035,unknown,TUNE_THRESHOLD,EXPLORE_DATA,MIXED,TUNING,MEDIUM
Bruno,codap_28apr,frame_0072,1314.5,motion_only_fallback,3.0897,unknown,TUNE_THRESHOLD,EXPLORE_DATA,MIXED,TUNING,MEDIUM
Bruno,codap_28apr,frame_0073,1319.7,motion_only_fallback,2.1119,unknown,TUNE_THRESHOLD,EXPLORE_DATA,MIXED,TUNING,MEDIUM
Bruno,codap_28apr,frame_0074,1321.2,motion_only_fallback,3.4271,unknown,TUNE_THRESHOLD,EXPLORE_DATA,MIXED,TUNING,MEDIUM
Bruno,codap_28apr,frame_0075,1327.2,motion_only_fallback,1.8193,unknown,TUNE_THRESHOLD,EXPLORE_DATA,MIXED,TUNING,MEDIUM
Bruno,codap_28apr,frame_0076,1332.1,motion_only_fallback,3.0787,unknown,BUILD_TREE,EXPLORE_DATA,MIXED,BUILDING,MEDIUM
Bruno,codap_28apr,frame_0077,1335.9,motion_only_fallback,2.5347,unknown,TUNE_THRESHOLD,EXPLORE_DATA,MIXED,TUNING,MEDIUM
Bruno,codap_28apr,frame_0078,1344.2,motion_only_fallback,2.4419,unknown,EXPLORE_DATA,,MENU,SETUP,MEDIUM
Bruno,codap_28apr,frame_0079,1348.5,motion_only_fallback,4.9979,unknown,TUNE_THRESHOLD,EXPLORE_DATA,MIXED,TUNING,MEDIUM
Bruno,codap_28apr,frame_0080,1363.7,motion_only_fallback,2.3316,unknown,TUNE_THRESHOLD,EXPLORE_DATA,MIXED,TUNING,MEDIUM
Bruno,codap_28apr,frame_0081,1364.8,motion_only_fallback,2.1761,unknown,EXPLORE_DATA,EVALUATE_MODEL,MIXED,SETUP,MEDIUM
Bruno,codap_28apr,frame_0082,1373.7,motion_only_fallback,1.2589,unknown,TUNE_THRESHOLD,EXPLORE_DATA,MIXED,TUNING,MEDIUM
Bruno,codap_28apr,frame_0083,1380.5,motion_only_fallback,5.0044,unknown,TUNE_THRESHOLD,EXPLORE_DATA,MIXED,TUNING,MEDIUM
Bruno,codap_28apr,frame_0084,1383.1,motion_only_fallback,0.8121,unknown,TUNE_THRESHOLD,EXPLORE_DATA,MIXED,TUNING,MEDIUM
Bruno,codap_28apr,frame_0085,1386.2,motion_only_fallback,4.7357,unknown,TUNE_THRESHOLD,EXPLORE_DATA,MIXED,TUNING,MEDIUM
Bruno,codap_28apr,frame_0086,1390.4,motion_only_fallback,2.8416,unknown,TUNE_THRESHOLD,EXPLORE_DATA,MIXED,TUNING,MEDIUM
Bruno,codap_28apr,frame_0087,1396.2,motion_only_fallback,2.5496,unknown,TUNE_THRESHOLD,EXPLORE_DATA,MIXED,TUNING,MEDIUM
Bruno,codap_28apr,frame_0088,1398.1,motion_only_fallback,4.1055,unknown,TUNE_THRESHOLD,EXPLORE_DATA,MIXED,TUNING,MEDIUM
Bruno,codap_28apr,frame_0089,1401.6,motion_only_fallback,8.8729,unknown,TUNE_THRESHOLD,EXPLORE_DATA,MIXED,TUNING,MEDIUM
Bruno,codap_28apr,frame_0090,1404.7,motion_only_fallback,4.0988,unknown,TUNE_THRESHOLD,,MIXED,TUNING,HIGH
Bruno,codap_28apr,frame_0091,1425.0,motion_only_fallback,3.4109,unknown,TUNE_THRESHOLD,EXPLORE_DATA,MIXED,TUNING,MEDIUM
Bruno,codap_28apr,frame_0092,1441.0,motion_only_fallback,3.6539,unknown,TUNE_THRESHOLD,,MIXED,TUNING,HIGH
Bruno,codap_28apr,frame_0093,1445.0,motion_only_fallback,1.3389,unknown,TUNE_THRESHOLD,EXPLORE_DATA,MIXED,TUNING,MEDIUM
Bruno,codap_28apr,frame_0094,1446.8,motion_only_fallback,1.1898,unknown,BUILD_TREE,EXPLORE_DATA,MIXED,BUILDING,HIGH
Bruno,codap_28apr,frame_0095,1477.5,motion_only_fallback,2.9713,unknown,TUNE_THRESHOLD,EXPLORE_DATA,MIXED,TUNING,MEDIUM
Bruno,codap_28apr,frame_0096,1483.4,motion_only_fallback,1.2764,unknown,BUILD_TREE,EXPLORE_DATA,MIXED,BUILDING,HIGH
Bruno,codap_28apr,frame_0097,1494.8,motion_only_fallback,5.8318,unknown,BUILD_TREE,EXPLORE_DATA,MIXED,BUILDING,MEDIUM
Bruno,codap_28apr,frame_0098,1495.9,motion_only_fallback,5.412,unknown,BUILD_TREE,EXPLORE_DATA,MIXED,BUILDING,MEDIUM
Bruno,codap_28apr,frame_0099,1507.7,motion_only_fallback,3.6779,unknown,TUNE_THRESHOLD,,MIXED,TUNING,HIGH
Bruno,codap_28apr,frame_0100,1532.5,motion_only_fallback,1.7872,unknown,BUILD_TREE,EXPLORE_DATA,MIXED,BUILDING,HIGH
Bruno,codap_28apr,frame_0101,1533.5,motion_only_fallback,1.2566,unknown,TUNE_THRESHOLD,EXPLORE_DATA,MIXED,TUNING,MEDIUM
Bruno,codap_28apr,frame_0102,1535.8,motion_only_fallback,3.4086,unknown,TUNE_THRESHOLD,,MIXED,TUNING,HIGH
Bruno,codap_28apr,frame_0103,1541.5,motion_only_fallback,3.4126,unknown,TUNE_THRESHOLD,EXPLORE_DATA,MIXED,TUNING,MEDIUM
Bruno,codap_28apr,frame_0104,1545.0,motion_only_fallback,2.983,unknown,EXPLORE_DATA,TUNE_THRESHOLD,MIXED,SETUP,MEDIUM
Bruno,codap_28apr,frame_0105,1581.9,motion_only_fallback,2.5098,unknown,TUNE_THRESHOLD,EXPLORE_DATA,MIXED,TUNING,MEDIUM
Bruno,codap_28apr,frame_0106,1585.3,motion_only_fallback,1.788,unknown,BUILD_TREE,EXPLORE_DATA,MIXED,BUILDING,HIGH
Bruno,codap_28apr,frame_0107,1593.2,motion_only_fallback,3.1906,unknown,TUNE_THRESHOLD,EXPLORE_DATA,MIXED,TUNING,MEDIUM
Bruno,codap_28apr,frame_0108,1595.7,motion_only_fallback,1.0997,unknown,TUNE_THRESHOLD,EXPLORE_DATA,MIXED,TUNING,MEDIUM
Bruno,codap_28apr,frame_0109,1597.9,motion_only_fallback,2.3571,unknown,TUNE_THRESHOLD,EXPLORE_DATA,MIXED,TUNING,MEDIUM
Bruno,codap_28apr,frame_0110,1612.0,motion_only_fallback,2.9527,unknown,TUNE_THRESHOLD,EVALUATE_MODEL,MIXED,TUNING,MEDIUM
Bruno,codap_28apr,frame_0111,1702.9,silent_screen_gap_fill,,unknown,TUNE_THRESHOLD,EXPLORE_DATA,MIXED,TUNING,MEDIUM
Bruno,codap_28apr,frame_0112,1748.4,motion_only_fallback,0.9464,unknown,TUNE_THRESHOLD,EXPLORE_DATA,MIXED,TUNING,MEDIUM
Bruno,codap_28apr,frame_0113,1839.1,silent_screen_gap_fill,,unknown,TUNE_THRESHOLD,EXPLORE_DATA,MIXED,TUNING,MEDIUM
Bruno,codap_28apr,frame_0114,1840.6,motion_only_fallback,2.3459,unknown,TUNE_THRESHOLD,EXPLORE_DATA,MIXED,TUNING,MEDIUM
Bruno,codap_28apr,frame_0115,1842.9,motion_only_fallback,0.8627,unknown,EXPLORE_DATA,,MIXED,SETUP,MEDIUM
Bruno,codap_28apr,frame_0116,1873.6,motion_only_fallback,2.0251,unknown,TUNE_THRESHOLD,EXPLORE_DATA,MIXED,TUNING,MEDIUM
Bruno,codap_28apr,frame_0117,1963.9,silent_screen_gap_fill,,unknown,TUNE_THRESHOLD,EXPLORE_DATA,MIXED,TUNING,MEDIUM
Bruno,codap_28apr,frame_0118,2054.6,silent_screen_gap_fill,,unknown,TUNE_THRESHOLD,,MIXED,TUNING,MEDIUM
Bruno,codap_28apr,frame_0119,2078.6,motion_only_fallback,2.7645,unknown,TUNE_THRESHOLD,EXPLORE_DATA,MIXED,TUNING,MEDIUM
Bruno,codap_28apr,frame_0120,2148.2,motion_only_fallback,1.613,unknown,TUNE_THRESHOLD,EXPLORE_DATA,MIXED,TUNING,MEDIUM
Bruno,codap_28apr,frame_0121,2238.7,silent_screen_gap_fill,,unknown,TUNE_THRESHOLD,EXPLORE_DATA,MIXED,TUNING,MEDIUM
Bruno,codap_28apr,frame_0122,2295.3,motion_only_fallback,6.1154,unknown,TUNE_THRESHOLD,EXPLORE_DATA,MIXED,TUNING,MEDIUM
Bruno,codap_28apr,frame_0123,2296.3,motion_only_fallback,5.8056,unknown,TUNE_THRESHOLD,EXPLORE_DATA,MIXED,TUNING,MEDIUM
Bruno,codap_28apr,frame_0124,2317.9,motion_only_fallback,1.3135,unknown,IDLE_THINKING,,MIXED,IDLE,MEDIUM
Bruno,codap_28apr,frame_0125,2359.9,motion_only_fallback,6.2718,unknown,TUNE_THRESHOLD,EXPLORE_DATA,MIXED,TUNING,MEDIUM
Bruno,codap_28apr,frame_0126,2361.9,motion_only_fallback,5.8208,unknown,TUNE_THRESHOLD,EXPLORE_DATA,MIXED,TUNING,MEDIUM
Bruno,codap_28apr,frame_0127,2363.6,motion_only_fallback,6.0752,unknown,EXPLORE_DATA,,MIXED,SETUP,MEDIUM
Bruno,codap_28apr,frame_0128,2367.6,motion_only_fallback,6.1885,unknown,TUNE_THRESHOLD,EXPLORE_DATA,MIXED,TUNING,MEDIUM
Bruno,codap_28apr,frame_0129,2368.7,motion_only_fallback,1.2558,unknown,TUNE_THRESHOLD,EXPLORE_DATA,MIXED,TUNING,MEDIUM
Bruno,codap_28apr,frame_0130,2405.6,motion_only_fallback,2.337,unknown,TUNE_THRESHOLD,EXPLORE_DATA,MIXED,TUNING,MEDIUM
Bruno,codap_28apr,frame_0131,2496.0,silent_screen_gap_fill,,unknown,TUNE_THRESHOLD,EXPLORE_DATA,MIXED,TUNING,MEDIUM
Bruno,codap_28apr,frame_0132,2503.2,motion_only_fallback,6.1285,unknown,TUNE_THRESHOLD,EXPLORE_DATA,MIXED,TUNING,MEDIUM
Bruno,codap_28apr,frame_0133,2505.9,motion_only_fallback,2.8507,unknown,EXPLORE_DATA,,MIXED,SETUP,MEDIUM
Bruno,codap_28apr,frame_0134,2513.8,motion_only_fallback,1.2483,unknown,BUILD_TREE,EXPLORE_DATA,MIXED,BUILDING,MEDIUM
Bruno,codap_28apr,frame_0135,2517.5,motion_only_fallback,3.7184,unknown,TUNE_THRESHOLD,EXPLORE_DATA,MIXED,TUNING,HIGH
Bruno,codap_28apr,frame_0136,2534.4,motion_only_fallback,8.7176,unknown,BUILD_TREE,EXPLORE_DATA,MIXED,BUILDING,HIGH
Bruno,codap_28apr,frame_0137,2547.3,motion_only_fallback,1.4016,unknown,TUNE_THRESHOLD,EXPLORE_DATA,MIXED,TUNING,MEDIUM
Bruno,codap_28apr,frame_0138,2549.7,motion_only_fallback,3.7867,unknown,TUNE_THRESHOLD,EXPLORE_DATA,MIXED,TUNING,MEDIUM
Bruno,codap_28apr,frame_0139,2551.5,motion_only_fallback,6.0781,unknown,TUNE_THRESHOLD,EXPLORE_DATA,MIXED,TUNING,MEDIUM
Bruno,codap_28apr,frame_0140,2553.2,motion_only_fallback,2.0422,unknown,TUNE_THRESHOLD,EXPLORE_DATA,MIXED,TUNING,MEDIUM
Bruno,codap_28apr,frame_0141,2554.5,motion_only_fallback,5.7133,unknown,TUNE_THRESHOLD,EXPLORE_DATA,MIXED,TUNING,MEDIUM
Bruno,codap_28apr,frame_0142,2557.5,motion_only_fallback,3.322,unknown,TUNE_THRESHOLD,EXPLORE_DATA,MIXED,TUNING,MEDIUM
Bruno,codap_28apr,frame_0143,2565.3,motion_only_fallback,2.3773,unknown,TUNE_THRESHOLD,EXPLORE_DATA,MIXED,TUNING,MEDIUM
Bruno,codap_28apr,frame_0144,2566.9,motion_only_fallback,1.2932,unknown,TUNE_THRESHOLD,EXPLORE_DATA,MIXED,TUNING,MEDIUM
Bruno,codap_28apr,frame_0145,2570.2,motion_only_fallback,1.3239,unknown,TUNE_THRESHOLD,EXPLORE_DATA,MIXED,TUNING,MEDIUM
Bruno,codap_28apr,frame_0146,2575.1,motion_only_fallback,6.4742,unknown,BUILD_TREE,EXPLORE_DATA,MIXED,BUILDING,HIGH
Bruno,codap_28apr,frame_0147,2583.2,motion_only_fallback,2.1327,unknown,TUNE_THRESHOLD,EXPLORE_DATA,MIXED,TUNING,MEDIUM
Bruno,codap_28apr,frame_0148,2593.6,motion_only_fallback,6.5579,unknown,TUNE_THRESHOLD,EXPLORE_DATA,MIXED,TUNING,MEDIUM
Bruno,codap_28apr,frame_0149,2599.9,motion_only_fallback,4.2552,unknown,TUNE_THRESHOLD,EXPLORE_DATA,MIXED,TUNING,MEDIUM
Bruno,codap_28apr,frame_0150,2604.6,motion_only_fallback,6.4811,unknown,TUNE_THRESHOLD,EXPLORE_DATA,MIXED,TUNING,MEDIUM
Bruno,codap_28apr,frame_0151,2606.4,motion_only_fallback,4.4416,unknown,TUNE_THRESHOLD,EXPLORE_DATA,MIXED,TUNING,MEDIUM
Bruno,codap_28apr,frame_0152,2608.8,motion_only_fallback,1.4232,unknown,TUNE_THRESHOLD,EXPLORE_DATA,MIXED,TUNING,MEDIUM
Bruno,codap_28apr,frame_0153,2610.4,motion_only_fallback,1.0666,unknown,TUNE_THRESHOLD,EXPLORE_DATA,MIXED,TUNING,MEDIUM
Bruno,codap_28apr,frame_0154,2611.7,motion_only_fallback,3.5276,unknown,TUNE_THRESHOLD,,MIXED,TUNING,HIGH
Bruno,codap_28apr,frame_0155,2617.4,motion_only_fallback,1.0693,unknown,TUNE_THRESHOLD,EXPLORE_DATA,MIXED,TUNING,MEDIUM
Bruno,codap_28apr,frame_0156,2619.6,motion_only_fallback,1.5411,unknown,TUNE_THRESHOLD,EXPLORE_DATA,MIXED,TUNING,MEDIUM
Bruno,codap_28apr,frame_0157,2645.3,motion_only_fallback,4.566,unknown,TUNE_THRESHOLD,EXPLORE_DATA,MIXED,TUNING,MEDIUM
Bruno,codap_28apr,frame_0158,2646.9,motion_only_fallback,5.707,unknown,EXPLORE_DATA,,MIXED,SETUP,MEDIUM
Bruno,codap_28apr,frame_0159,2658.3,motion_only_fallback,1.7186,unknown,TUNE_THRESHOLD,EXPLORE_DATA,MIXED,TUNING,MEDIUM
Bruno,codap_28apr,frame_0160,2661.1,motion_only_fallback,3.6848,unknown,TUNE_THRESHOLD,EXPLORE_DATA,MIXED,TUNING,MEDIUM
Bruno,codap_28apr,frame_0161,2666.3,motion_only_fallback,1.6248,unknown,EXPLORE_DATA,,MENU,SETUP,MEDIUM
Bruno,codap_28apr,frame_0162,2669.4,motion_only_fallback,1.3,unknown,TUNE_THRESHOLD,EXPLORE_DATA,MIXED,TUNING,MEDIUM
Bruno,codap_28apr,frame_0163,2670.6,motion_only_fallback,1.1046,unknown,TUNE_THRESHOLD,EXPLORE_DATA,MIXED,TUNING,MEDIUM
Bruno,codap_28apr,frame_0164,2682.4,motion_only_fallback,0.8183,unknown,EXPLORE_DATA,,MIXED,SETUP,MEDIUM
Bruno,codap_28apr,frame_0165,2685.2,motion_only_fallback,1.2234,unknown,BUILD_TREE,EXPLORE_DATA,MIXED,BUILDING,HIGH
Bruno,codap_28apr,frame_0166,2687.7,motion_only_fallback,1.001,unknown,BUILD_TREE,EXPLORE_DATA,MIXED,BUILDING,MEDIUM
Bruno,codap_28apr,frame_0167,2690.0,motion_only_fallback,3.5139,unknown,BUILD_TREE,EXPLORE_DATA,MIXED,BUILDING,HIGH
Bruno,codap_28apr,frame_0168,2729.3,motion_only_fallback,2.885,unknown,EXPLORE_DATA,,MIXED,SETUP,MEDIUM
Bruno,codap_28apr,frame_0169,2732.8,motion_only_fallback,3.3233,unknown,TUNE_THRESHOLD,,MIXED,TUNING,HIGH
Bruno,codap_28apr,frame_0170,2736.7,motion_only_fallback,1.9479,unknown,BUILD_TREE,EXPLORE_DATA,MIXED,BUILDING,MEDIUM
Bruno,codap_28apr,frame_0171,2739.8,motion_only_fallback,2.1566,unknown,EXPLORE_DATA,TUNE_THRESHOLD,MIXED,SETUP,MEDIUM
Bruno,codap_28apr,frame_0172,2768.6,motion_only_fallback,2.7596,unknown,TUNE_THRESHOLD,EXPLORE_DATA,MIXED,TUNING,MEDIUM
Bruno,codap_28apr,frame_0173,2808.8,motion_only_fallback,1.3646,unknown,EXPLORE_DATA,,MIXED,SETUP,MEDIUM
Bruno,codap_28apr,frame_0174,2814.6,motion_only_fallback,1.6728,unknown,EXPLORE_DATA,,MIXED,SETUP,MEDIUM
Bruno,codap_28apr,frame_0175,2818.9,motion_only_fallback,0.9473,unknown,EXPLORE_DATA,,MIXED,SETUP,HIGH
Bruno,codap_28apr,frame_0176,2821.6,motion_only_fallback,0.8167,unknown,EXPLORE_DATA,,MIXED,SETUP,HIGH
Bruno,codap_28apr,frame_0177,2822.7,motion_only_fallback,4.0272,unknown,EXPLORE_DATA,,MIXED,SETUP,HIGH
Bruno,codap_28apr,frame_0178,2825.8,motion_only_fallback,13.7215,unknown,TUNE_THRESHOLD,EXPLORE_DATA,MIXED,TUNING,MEDIUM
Bruno,codap_28apr,frame_0179,2831.7,motion_only_fallback,0.887,unknown,TUNE_THRESHOLD,EXPLORE_DATA,MIXED,TUNING,MEDIUM
Bruno,codap_28apr,frame_0180,2833.2,motion_only_fallback,14.1208,unknown,EXPLORE_DATA,,CODAP,SETUP,HIGH
Bruno,codap_28apr,frame_0181,2839.4,motion_only_fallback,13.9338,unknown,TUNE_THRESHOLD,EXPLORE_DATA,MIXED,TUNING,MEDIUM
Bruno,codap_28apr,frame_0182,2846.9,motion_only_fallback,13.934,unknown,EXPLORE_DATA,,CODAP,SETUP,HIGH
Bruno,codap_28apr,frame_0183,2874.5,motion_only_fallback,18.8258,unknown,EXPLORE_DATA,,CODAP,SETUP,HIGH
Bruno,codap_28apr,frame_0184,2877.1,motion_only_fallback,1.3343,unknown,EXPLORE_DATA,,CODAP,SETUP,HIGH
Bruno,codap_28apr,frame_0185,2967.1,silent_screen_gap_fill,,unknown,EXPLORE_DATA,,MIXED,SETUP,HIGH
Bruno,codap_28apr,frame_0186,3057.3,silent_screen_gap_fill,,unknown,EXPLORE_DATA,,CODAP,SETUP,HIGH
Bruno,codap_28apr,frame_0187,3059.2,motion_only_fallback,6.6209,unknown,EXPLORE_DATA,,MIXED,SETUP,MEDIUM
Bruno,codap_28apr,frame_0188,3066.5,motion_only_fallback,10.6827,unknown,BUILD_TREE,EXPLORE_DATA,MIXED,BUILDING,HIGH
Bruno,codap_28apr,frame_0189,3082.8,motion_only_fallback,18.1022,unknown,TUNE_THRESHOLD,EXPLORE_DATA,MIXED,TUNING,MEDIUM
Bruno,codap_28apr,frame_0190,3084.5,motion_only_fallback,0.8654,unknown,EXPLORE_DATA,,MIXED,SETUP,LOW
Bruno,codap_28apr,frame_0191,3088.4,motion_only_fallback,2.1815,unknown,BUILD_TREE,EXPLORE_DATA,MIXED,BUILDING,HIGH
Bruno,codap_28apr,frame_0192,3090.9,motion_only_fallback,3.3657,unknown,TUNE_THRESHOLD,,MIXED,TUNING,HIGH
Bruno,codap_28apr,frame_0193,3096.4,motion_only_fallback,5.9664,unknown,TUNE_THRESHOLD,,MIXED,TUNING,HIGH
Bruno,codap_28apr,frame_0194,3114.0,motion_only_fallback,6.3492,unknown,TUNE_THRESHOLD,EXPLORE_DATA,MIXED,TUNING,MEDIUM
Bruno,codap_28apr,frame_0195,3176.7,motion_only_fallback,1.5127,unknown,TUNE_THRESHOLD,EXPLORE_DATA,MIXED,TUNING,MEDIUM
Bruno,codap_28apr,frame_0196,3178.1,motion_only_fallback,1.2205,unknown,EVALUATE_MODEL,,TREE,EVALUATING,MEDIUM
Bruno,codap_28apr,frame_0197,3180.3,motion_only_fallback,0.9948,unknown,EVALUATE_MODEL,,MIXED,EVALUATING,MEDIUM
Bruno,codap_28apr,frame_0198,3196.8,motion_only_fallback,0.8756,unknown,EVALUATE_MODEL,,MIXED,EVALUATING,MEDIUM
Bruno,codap_28apr,frame_0199,3198.0,motion_only_fallback,0.8403,unknown,EVALUATE_MODEL,,MIXED,EVALUATING,MEDIUM
Bruno,codap_28apr,frame_0200,3199.4,motion_only_fallback,13.3123,unknown,TUNE_THRESHOLD,EXPLORE_DATA,MIXED,TUNING,MEDIUM
Bruno,codap_28apr,frame_0201,3202.1,motion_only_fallback,13.2986,unknown,EVALUATE_MODEL,EXPLORE_DATA,MIXED,EVALUATING,MEDIUM
Bruno,codap_28apr,frame_0202,3206.2,motion_only_fallback,13.3115,unknown,TUNE_THRESHOLD,EXPLORE_DATA,MIXED,TUNING,MEDIUM
Bruno,codap_28apr,frame_0203,3208.3,motion_only_fallback,13.2988,unknown,EVALUATE_MODEL,,MIXED,EVALUATING,MEDIUM
Bruno,codap_28apr,frame_0204,3211.5,motion_only_fallback,0.8557,unknown,EVALUATE_MODEL,,MIXED,EVALUATING,MEDIUM
Bruno,codap_28apr,frame_0205,3226.4,motion_only_fallback,0.8293,unknown,TUNE_THRESHOLD,EXPLORE_DATA,MIXED,TUNING,MEDIUM
Bruno,codap_28apr,frame_0206,3316.8,silent_screen_gap_fill,,unknown,EVALUATE_MODEL,EXPLORE_DATA,MIXED,EVALUATING,HIGH
Bruno,codap_28apr,frame_0207,3407.8,silent_screen_gap_fill,,unknown,TUNE_THRESHOLD,,MIXED,TUNING,MEDIUM
Bruno,codap_28apr,frame_0208,3479.9,motion_only_fallback,2.1723,unknown,TUNE_THRESHOLD,EVALUATE_MODEL,MIXED,TUNING,MEDIUM
Bruno,codap_28apr,frame_0209,3484.2,motion_only_fallback,13.0469,unknown,TUNE_THRESHOLD,EXPLORE_DATA,MIXED,TUNING,MEDIUM
Bruno,codap_28apr,frame_0210,3486.4,motion_only_fallback,0.9088,unknown,IDLE_THINKING,,MIXED,IDLE,MEDIUM
Bruno,codap_28apr,frame_0211,3487.5,motion_only_fallback,13.0436,unknown,TUNE_THRESHOLD,EXPLORE_DATA,MIXED,TUNING,MEDIUM
Bruno,codap_28apr,frame_0212,3491.4,motion_only_fallback,0.929,unknown,TUNE_THRESHOLD,EVALUATE_MODEL,MIXED,TUNING,MEDIUM
Bruno,codap_28apr,frame_0213,3582.1,silent_screen_gap_fill,,unknown,TUNE_THRESHOLD,,MIXED,TUNING,MEDIUM
Bruno,codap_28apr,frame_0214,3585.7,motion_only_fallback,3.9392,unknown,EXPLORE_DATA,,MENU,SETUP,HIGH
Bruno,codap_28apr,frame_0215,3587.0,motion_only_fallback,13.0442,unknown,TUNE_THRESHOLD,EXPLORE_DATA,MIXED,TUNING,MEDIUM
Bruno,codap_28apr,frame_0216,3588.5,motion_only_fallback,13.037,unknown,TUNE_THRESHOLD,,MIXED,TUNING,MEDIUM
Bruno,codap_28apr,frame_0217,3677.9,motion_only_fallback,13.0401,unknown,TUNE_THRESHOLD,EXPLORE_DATA,MIXED,TUNING,MEDIUM
Bruno,codap_28apr,frame_0218,3680.1,motion_only_fallback,0.9066,unknown,TUNE_THRESHOLD,EXPLORE_DATA,MIXED,TUNING,MEDIUM
Bruno,codap_28apr,frame_0219,3684.4,motion_only_fallback,3.6902,unknown,TUNE_THRESHOLD,,MIXED,TUNING,MEDIUM
Bruno,codap_28apr,frame_0220,3722.4,motion_only_fallback,2.4973,unknown,TUNE_THRESHOLD,EXPLORE_DATA,MIXED,TUNING,MEDIUM
Bruno,codap_28apr,frame_0221,3813.0,silent_screen_gap_fill,,unknown,TUNE_THRESHOLD,EXPLORE_DATA,MIXED,TUNING,MEDIUM
Bruno,codap_28apr,frame_0222,3839.1,motion_only_fallback,13.3237,unknown,TUNE_THRESHOLD,EXPLORE_DATA,MIXED,TUNING,MEDIUM
Bruno,codap_28apr,frame_0223,3840.7,motion_only_fallback,0.9261,unknown,EXPLORE_DATA,,MIXED,SETUP,MEDIUM
Bruno,codap_28apr,frame_0224,3900.7,motion_only_fallback,4.0064,unknown,TUNE_THRESHOLD,EXPLORE_DATA,MIXED,TUNING,MEDIUM
Bruno,codap_28apr,frame_0225,3991.2,silent_screen_gap_fill,,unknown,TUNE_THRESHOLD,EXPLORE_DATA,MIXED,TUNING,MEDIUM
Bruno,codap_28apr,frame_0226,4081.8,silent_screen_gap_fill,,unknown,EVALUATE_MODEL,,MIXED,EVALUATING,MEDIUM
Bruno,codap_28apr,frame_0227,4172.1,silent_screen_gap_fill,,unknown,EVALUATE_MODEL,,MIXED,EVALUATING,MEDIUM
Bruno,codap_28apr,frame_0228,4262.8,silent_screen_gap_fill,,unknown,TUNE_THRESHOLD,,MIXED,TUNING,MEDIUM
Bruno,codap_28apr,frame_0229,4353.1,silent_screen_gap_fill,,unknown,TUNE_THRESHOLD,EXPLORE_DATA,MIXED,TUNING,MEDIUM
Bruno,codap_28apr,frame_0230,4395.1,motion_only_fallback,68.7205,unknown,EXPLORE_DATA,,MENU,SETUP,MEDIUM
Bruno,codap_28apr,frame_0231,4396.5,motion_only_fallback,1.9003,unknown,EXPLORE_DATA,,MENU,SETUP,HIGH
Bruno,codap_28apr,frame_0232,4403.1,motion_only_fallback,68.0673,unknown,TUNE_THRESHOLD,,MIXED,TUNING,MEDIUM
Bruno,codap_28apr,frame_0233,4404.7,motion_only_fallback,0.9657,unknown,TUNE_THRESHOLD,,MIXED,TUNING,MEDIUM
Bruno,codap_28apr,frame_0234,4408.2,motion_only_fallback,2.0897,unknown,TUNE_THRESHOLD,EXPLORE_DATA,MIXED,TUNING,HIGH
Bruno,codap_28apr,frame_0235,4409.2,motion_only_fallback,9.7353,unknown,OFF_TASK,,MIXED,IDLE,MEDIUM
Bruno,codap_28apr,frame_0236,4411.0,motion_only_fallback,1.0965,unknown,TUNE_THRESHOLD,EXPLORE_DATA,MIXED,TUNING,MEDIUM
Bruno,codap_28apr,frame_0237,4412.6,motion_only_fallback,5.239,unknown,TUNE_THRESHOLD,EXPLORE_DATA,MIXED,TUNING,MEDIUM
Bruno,codap_28apr,frame_0238,4416.1,motion_only_fallback,66.287,unknown,EXPLORE_DATA,,MENU,SETUP,MEDIUM
Bruno,codap_28apr,frame_0239,4418.2,motion_only_fallback,65.5912,unknown,TUNE_THRESHOLD,EXPLORE_DATA,MIXED,TUNING,MEDIUM
Bruno,codap_28apr,frame_0240,4420.7,motion_only_fallback,1.1703,unknown,EXPLORE_DATA,,MENU,SETUP,MEDIUM
Bruno,codap_28apr,frame_0241,4429.4,motion_only_fallback,1.1028,unknown,TUNE_THRESHOLD,EXPLORE_DATA,MIXED,TUNING,MEDIUM
Bruno,codap_28apr,frame_0242,4430.5,motion_only_fallback,2.1065,unknown,TUNE_THRESHOLD,,MIXED,TUNING,MEDIUM
Bruno,codap_28apr,frame_0243,4431.8,motion_only_fallback,4.7921,unknown,OFF_TASK,,MIXED,IDLE,HIGH
Bruno,codap_28apr,frame_0244,4433.5,motion_only_fallback,0.9973,unknown,EXPLORE_DATA,,MENU,SETUP,MEDIUM
Bruno,codap_28apr,frame_0245,4459.7,motion_only_fallback,7.0509,unknown,TUNE_THRESHOLD,EXPLORE_DATA,MIXED,TUNING,MEDIUM
Bruno,codap_28apr,frame_0246,4460.8,motion_only_fallback,7.9938,unknown,EXPLORE_DATA,,MENU,SETUP,HIGH
Irma,codap_28apr,frame_0001,25.7,motion_only_fallback,63.9473,unknown,EXPLORE_DATA,,MENU,SETUP,HIGH
Irma,codap_28apr,frame_0002,28.2,motion_only_fallback,75.2598,unknown,EXPLORE_DATA,,MENU,SETUP,MEDIUM
Irma,codap_28apr,frame_0003,41.9,motion_only_fallback,6.7961,unknown,EXPLORE_DATA,,MENU,SETUP,MEDIUM
Irma,codap_28apr,frame_0004,43.7,motion_only_fallback,2.1348,unknown,EXPLORE_DATA,,MENU,SETUP,HIGH
Irma,codap_28apr,frame_0005,47.7,motion_only_fallback,69.5756,unknown,EXPLORE_DATA,,TREE,SETUP,MEDIUM
Irma,codap_28apr,frame_0006,48.8,motion_only_fallback,8.8187,unknown,EXPLORE_DATA,,MIXED,SETUP,MEDIUM
Irma,codap_28apr,frame_0007,52.0,motion_only_fallback,3.9738,unknown,COMPARE_MODELS,,MIXED,EVALUATING,HIGH
Irma,codap_28apr,frame_0008,54.8,motion_only_fallback,1.6283,unknown,TUNE_THRESHOLD,EXPLORE_DATA,MIXED,TUNING,MEDIUM
Irma,codap_28apr,frame_0009,55.8,motion_only_fallback,2.4529,unknown,TUNE_THRESHOLD,EXPLORE_DATA,MIXED,TUNING,MEDIUM
Irma,codap_28apr,frame_0010,57.0,motion_only_fallback,1.1898,unknown,TUNE_THRESHOLD,,MIXED,TUNING,MEDIUM
Irma,codap_28apr,frame_0011,58.3,motion_only_fallback,5.1456,unknown,TUNE_THRESHOLD,,MIXED,TUNING,MEDIUM
Irma,codap_28apr,frame_0012,59.4,motion_only_fallback,4.5538,unknown,TUNE_THRESHOLD,,MIXED,TUNING,MEDIUM
Irma,codap_28apr,frame_0013,61.0,motion_only_fallback,1.0733,unknown,EXPLORE_DATA,TUNE_THRESHOLD,MIXED,SETUP,MEDIUM
Irma,codap_28apr,frame_0014,69.3,motion_only_fallback,0.9103,unknown,EXPLORE_DATA,,MENU,SETUP,MEDIUM
Irma,codap_28apr,frame_0015,71.9,motion_only_fallback,1.0345,unknown,EXPLORE_DATA,,MENU,SETUP,MEDIUM
Irma,codap_28apr,frame_0016,74.4,motion_only_fallback,2.0639,unknown,EXPLORE_DATA,,MENU,SETUP,MEDIUM
Irma,codap_28apr,frame_0017,105.6,motion_only_fallback,1.7706,unknown,TUNE_THRESHOLD,EXPLORE_DATA,MIXED,TUNING,MEDIUM
Irma,codap_28apr,frame_0018,141.8,motion_only_fallback,1.668,unknown,EXPLORE_DATA,,MIXED,SETUP,MEDIUM
Irma,codap_28apr,frame_0019,176.7,motion_only_fallback,2.3546,unknown,EXPLORE_DATA,TUNE_THRESHOLD,MIXED,SETUP,MEDIUM
Irma,codap_28apr,frame_0020,179.2,motion_only_fallback,2.7224,unknown,TUNE_THRESHOLD,EXPLORE_DATA,MIXED,TUNING,MEDIUM
Irma,codap_28apr,frame_0021,180.2,motion_only_fallback,5.0897,unknown,COMPARE_MODELS,,MIXED,EVALUATING,HIGH
Irma,codap_28apr,frame_0022,192.9,motion_only_fallback,2.7344,unknown,EXPLORE_DATA,,MIXED,SETUP,MEDIUM
Irma,codap_28apr,frame_0023,198.5,motion_only_fallback,2.31,unknown,EXPLORE_DATA,,MENU,SETUP,MEDIUM
Irma,codap_28apr,frame_0024,202.3,motion_only_fallback,1.0305,unknown,EXPLORE_DATA,,MIXED,SETUP,MEDIUM
Irma,codap_28apr,frame_0025,263.0,motion_only_fallback,2.8021,unknown,TUNE_THRESHOLD,EXPLORE_DATA,MIXED,TUNING,MEDIUM
Irma,codap_28apr,frame_0026,264.0,motion_only_fallback,4.9443,unknown,TUNE_THRESHOLD,,MIXED,TUNING,MEDIUM
Irma,codap_28apr,frame_0027,265.3,motion_only_fallback,3.211,unknown,TUNE_THRESHOLD,EXPLORE_DATA,MIXED,TUNING,MEDIUM
Irma,codap_28apr,frame_0028,267.3,motion_only_fallback,2.6441,unknown,TUNE_THRESHOLD,,MIXED,TUNING,MEDIUM
Irma,codap_28apr,frame_0029,357.3,silent_screen_gap_fill,,unknown,TUNE_THRESHOLD,,MIXED,TUNING,MEDIUM
Irma,codap_28apr,frame_0030,373.2,motion_only_fallback,1.6555,unknown,TUNE_THRESHOLD,EXPLORE_DATA,MIXED,TUNING,MEDIUM
Irma,codap_28apr,frame_0031,374.3,motion_only_fallback,1.6024,unknown,COMPARE_MODELS,EXPLORE_DATA,MIXED,EVALUATING,HIGH
Irma,codap_28apr,frame_0032,382.2,motion_only_fallback,3.4186,unknown,COMPARE_MODELS,,MIXED,EVALUATING,HIGH
Irma,codap_28apr,frame_0033,385.2,motion_only_fallback,1.6065,unknown,TUNE_THRESHOLD,,MIXED,TUNING,MEDIUM
Irma,codap_28apr,frame_0034,404.4,motion_only_fallback,1.5027,unknown,TUNE_THRESHOLD,,MIXED,TUNING,MEDIUM
Irma,codap_28apr,frame_0035,429.7,motion_only_fallback,0.8069,unknown,TUNE_THRESHOLD,EXPLORE_DATA,MIXED,TUNING,MEDIUM
Irma,codap_28apr,frame_0036,496.3,motion_only_fallback,1.3738,unknown,EXPLORE_DATA,,MIXED,SETUP,MEDIUM
Irma,codap_28apr,frame_0037,520.5,motion_only_fallback,2.887,unknown,EXPLORE_DATA,,MIXED,SETUP,MEDIUM
Irma,codap_28apr,frame_0038,523.2,motion_only_fallback,3.3032,unknown,TUNE_THRESHOLD,EXPLORE_DATA,MIXED,TUNING,MEDIUM
Irma,codap_28apr,frame_0039,589.4,motion_only_fallback,1.8393,unknown,TUNE_THRESHOLD,EXPLORE_DATA,MIXED,TUNING,MEDIUM
Irma,codap_28apr,frame_0040,669.2,motion_only_fallback,1.8027,unknown,TUNE_THRESHOLD,EXPLORE_DATA,MIXED,TUNING,MEDIUM
Irma,codap_28apr,frame_0041,747.5,motion_only_fallback,3.3476,unknown,COMPARE_MODELS,EXPLORE_DATA,MIXED,EVALUATING,HIGH
Irma,codap_28apr,frame_0042,749.6,motion_only_fallback,2.1424,unknown,TUNE_THRESHOLD,EXPLORE_DATA,MIXED,TUNING,MEDIUM
Irma,codap_28apr,frame_0043,750.6,motion_only_fallback,2.2776,unknown,TUNE_THRESHOLD,EXPLORE_DATA,MIXED,TUNING,MEDIUM
Irma,codap_28apr,frame_0044,751.6,motion_only_fallback,1.0839,unknown,EXPLORE_DATA,,MIXED,SETUP,MEDIUM
Irma,codap_28apr,frame_0045,753.0,motion_only_fallback,2.3648,unknown,TUNE_THRESHOLD,EXPLORE_DATA,MIXED,TUNING,MEDIUM
Irma,codap_28apr,frame_0046,754.8,motion_only_fallback,3.0546,unknown,EVALUATE_MODEL,EXPLORE_DATA,MIXED,EVALUATING,MEDIUM
Irma,codap_28apr,frame_0047,759.9,motion_only_fallback,2.3908,unknown,TUNE_THRESHOLD,EXPLORE_DATA,MIXED,TUNING,MEDIUM
Irma,codap_28apr,frame_0048,761.5,motion_only_fallback,4.1238,unknown,TUNE_THRESHOLD,EXPLORE_DATA,MIXED,TUNING,MEDIUM
Irma,codap_28apr,frame_0049,763.6,motion_only_fallback,3.4527,unknown,TUNE_THRESHOLD,EXPLORE_DATA,MIXED,TUNING,MEDIUM
Irma,codap_28apr,frame_0050,766.7,motion_only_fallback,3.2697,unknown,TUNE_THRESHOLD,EXPLORE_DATA,MIXED,TUNING,MEDIUM
Irma,codap_28apr,frame_0051,768.6,motion_only_fallback,1.4877,unknown,TUNE_THRESHOLD,EXPLORE_DATA,MIXED,TUNING,MEDIUM
Irma,codap_28apr,frame_0052,772.6,motion_only_fallback,4.365,unknown,TUNE_THRESHOLD,EXPLORE_DATA,MIXED,TUNING,MEDIUM
Irma,codap_28apr,frame_0053,783.3,motion_only_fallback,2.4948,unknown,EXPLORE_DATA,,MIXED,SETUP,MEDIUM
Irma,codap_28apr,frame_0054,874.2,silent_screen_gap_fill,,unknown,TUNE_THRESHOLD,EXPLORE_DATA,MIXED,TUNING,MEDIUM
Irma,codap_28apr,frame_0055,964.6,silent_screen_gap_fill,,unknown,TUNE_THRESHOLD,EXPLORE_DATA,MIXED,TUNING,MEDIUM
Irma,codap_28apr,frame_0056,978.7,motion_only_fallback,1.6302,unknown,TUNE_THRESHOLD,,MIXED,TUNING,MEDIUM
Irma,codap_28apr,frame_0057,980.4,motion_only_fallback,2.4969,unknown,TUNE_THRESHOLD,EXPLORE_DATA,MIXED,TUNING,MEDIUM
Irma,codap_28apr,frame_0058,982.5,motion_only_fallback,1.8783,unknown,TUNE_THRESHOLD,EXPLORE_DATA,MIXED,TUNING,MEDIUM
Irma,codap_28apr,frame_0059,991.2,motion_only_fallback,3.0517,unknown,TUNE_THRESHOLD,EXPLORE_DATA,MIXED,TUNING,MEDIUM
Irma,codap_28apr,frame_0060,1002.9,motion_only_fallback,1.065,unknown,TUNE_THRESHOLD,EXPLORE_DATA,MIXED,TUNING,MEDIUM
Irma,codap_28apr,frame_0061,1005.1,motion_only_fallback,1.0517,unknown,TUNE_THRESHOLD,,MIXED,TUNING,LOW
Irma,codap_28apr,frame_0062,1006.1,motion_only_fallback,1.0945,unknown,TUNE_THRESHOLD,EXPLORE_DATA,MIXED,TUNING,MEDIUM
Irma,codap_28apr,frame_0063,1040.0,motion_only_fallback,4.9379,unknown,EXPLORE_DATA,,MIXED,SETUP,MEDIUM
Irma,codap_28apr,frame_0064,1046.2,motion_only_fallback,1.3123,unknown,EVALUATE_MODEL,EXPLORE_DATA,MIXED,EVALUATING,MEDIUM
Irma,codap_28apr,frame_0065,1054.2,motion_only_fallback,14.6508,unknown,TUNE_THRESHOLD,EVALUATE_MODEL,MIXED,TUNING,MEDIUM
Irma,codap_28apr,frame_0066,1072.8,motion_only_fallback,1.539,unknown,TUNE_THRESHOLD,EXPLORE_DATA,MIXED,TUNING,MEDIUM
Irma,codap_28apr,frame_0067,1087.1,motion_only_fallback,2.5658,unknown,TUNE_THRESHOLD,,MIXED,TUNING,MEDIUM
Irma,codap_28apr,frame_0068,1101.8,motion_only_fallback,14.4929,unknown,TUNE_THRESHOLD,EXPLORE_DATA,MIXED,TUNING,MEDIUM
Irma,codap_28apr,frame_0069,1106.6,motion_only_fallback,0.9801,unknown,TUNE_THRESHOLD,EVALUATE_MODEL,MIXED,TUNING,MEDIUM
Irma,codap_28apr,frame_0070,1108.0,motion_only_fallback,1.5089,unknown,TUNE_THRESHOLD,EXPLORE_DATA,MIXED,TUNING,MEDIUM
Irma,codap_28apr,frame_0071,1109.0,motion_only_fallback,1.4201,unknown,TUNE_THRESHOLD,EXPLORE_DATA,MIXED,TUNING,MEDIUM
Irma,codap_28apr,frame_0072,1114.5,motion_only_fallback,0.9896,unknown,TUNE_THRESHOLD,EVALUATE_MODEL,MIXED,TUNING,MEDIUM
Irma,codap_28apr,frame_0073,1118.4,motion_only_fallback,4.1096,unknown,TUNE_THRESHOLD,EXPLORE_DATA,MIXED,TUNING,MEDIUM
Irma,codap_28apr,frame_0074,1121.0,motion_only_fallback,4.0031,unknown,EVALUATE_MODEL,EXPLORE_DATA,MIXED,EVALUATING,MEDIUM
Irma,codap_28apr,frame_0075,1122.5,motion_only_fallback,4.0054,unknown,EVALUATE_MODEL,EXPLORE_DATA,MIXED,EVALUATING,MEDIUM
Irma,codap_28apr,frame_0076,1133.3,motion_only_fallback,3.3457,unknown,TUNE_THRESHOLD,EXPLORE_DATA,MIXED,TUNING,MEDIUM
Irma,codap_28apr,frame_0077,1134.5,motion_only_fallback,6.1007,unknown,TUNE_THRESHOLD,EXPLORE_DATA,MIXED,TUNING,MEDIUM
Irma,codap_28apr,frame_0078,1135.9,motion_only_fallback,3.3914,unknown,EVALUATE_MODEL,EXPLORE_DATA,MIXED,EVALUATING,MEDIUM
Irma,codap_28apr,frame_0079,1140.5,motion_only_fallback,0.9062,unknown,TUNE_THRESHOLD,EXPLORE_DATA,MIXED,TUNING,MEDIUM
Irma,codap_28apr,frame_0080,1142.3,motion_only_fallback,6.3511,unknown,TUNE_THRESHOLD,EXPLORE_DATA,MIXED,TUNING,MEDIUM
Irma,codap_28apr,frame_0081,1152.1,motion_only_fallback,2.9396,unknown,TUNE_THRESHOLD,EXPLORE_DATA,MIXED,TUNING,MEDIUM
Irma,codap_28apr,frame_0082,1177.0,motion_only_fallback,10.963,unknown,TUNE_THRESHOLD,EXPLORE_DATA,MIXED,TUNING,MEDIUM
Irma,codap_28apr,frame_0083,1178.3,motion_only_fallback,4.0137,unknown,EXPLORE_DATA,,MIXED,SETUP,MEDIUM
Irma,codap_28apr,frame_0084,1179.6,motion_only_fallback,4.012,unknown,TUNE_THRESHOLD,EXPLORE_DATA,MIXED,TUNING,MEDIUM
Irma,codap_28apr,frame_0085,1185.8,motion_only_fallback,1.5453,unknown,EXPLORE_DATA,EVALUATE_MODEL,MIXED,SETUP,MEDIUM
Irma,codap_28apr,frame_0086,1187.0,motion_only_fallback,9.1912,unknown,TUNE_THRESHOLD,EVALUATE_MODEL,MIXED,TUNING,MEDIUM
Irma,codap_28apr,frame_0087,1192.3,motion_only_fallback,9.733,unknown,TUNE_THRESHOLD,EVALUATE_MODEL,MIXED,TUNING,MEDIUM
Irma,codap_28apr,frame_0088,1194.5,motion_only_fallback,3.8858,unknown,TUNE_THRESHOLD,EXPLORE_DATA,MIXED,TUNING,MEDIUM
Irma,codap_28apr,frame_0089,1204.8,motion_only_fallback,3.0718,unknown,TUNE_THRESHOLD,EXPLORE_DATA,MIXED,TUNING,MEDIUM
Irma,codap_28apr,frame_0090,1205.8,motion_only_fallback,9.1182,unknown,TUNE_THRESHOLD,EXPLORE_DATA,MIXED,TUNING,MEDIUM
Irma,codap_28apr,frame_0091,1209.7,motion_only_fallback,2.0095,unknown,TUNE_THRESHOLD,EXPLORE_DATA,MIXED,TUNING,MEDIUM
Irma,codap_28apr,frame_0092,1211.1,motion_only_fallback,1.7629,unknown,TUNE_THRESHOLD,EXPLORE_DATA,MIXED,TUNING,MEDIUM
Irma,codap_28apr,frame_0093,1217.9,motion_only_fallback,3.4319,unknown,TUNE_THRESHOLD,,MIXED,TUNING,MEDIUM
Irma,codap_28apr,frame_0094,1220.9,motion_only_fallback,1.5529,unknown,TUNE_THRESHOLD,EXPLORE_DATA,MIXED,TUNING,MEDIUM
Irma,codap_28apr,frame_0095,1222.6,motion_only_fallback,4.0801,unknown,TUNE_THRESHOLD,EXPLORE_DATA,MIXED,TUNING,MEDIUM
Irma,codap_28apr,frame_0096,1224.8,motion_only_fallback,1.332,unknown,TUNE_THRESHOLD,,MIXED,TUNING,MEDIUM
Irma,codap_28apr,frame_0097,1225.9,motion_only_fallback,0.9342,unknown,TUNE_THRESHOLD,EVALUATE_MODEL,MIXED,TUNING,MEDIUM
Irma,codap_28apr,frame_0098,1251.6,motion_only_fallback,1.2525,unknown,TUNE_THRESHOLD,EVALUATE_MODEL,MIXED,TUNING,MEDIUM
Irma,codap_28apr,frame_0099,1252.6,motion_only_fallback,1.5704,unknown,EXPLORE_DATA,TUNE_THRESHOLD,MIXED,SETUP,MEDIUM
Irma,codap_28apr,frame_0100,1256.7,motion_only_fallback,3.9171,unknown,EXPLORE_DATA,,MIXED,SETUP,MEDIUM
Irma,codap_28apr,frame_0101,1260.8,motion_only_fallback,3.8848,unknown,TUNE_THRESHOLD,EXPLORE_DATA,MIXED,TUNING,MEDIUM
Irma,codap_28apr,frame_0102,1266.0,motion_only_fallback,5.5355,unknown,TUNE_THRESHOLD,EXPLORE_DATA,MIXED,TUNING,MEDIUM
Irma,codap_28apr,frame_0103,1270.0,motion_only_fallback,2.4383,unknown,TUNE_THRESHOLD,EXPLORE_DATA,MIXED,TUNING,MEDIUM
Irma,codap_28apr,frame_0104,1271.3,motion_only_fallback,5.4853,unknown,EXPLORE_DATA,TUNE_THRESHOLD,MIXED,SETUP,MEDIUM
Irma,codap_28apr,frame_0105,1288.6,motion_only_fallback,2.9855,unknown,TUNE_THRESHOLD,,MIXED,TUNING,MEDIUM
Irma,codap_28apr,frame_0106,1294.4,motion_only_fallback,1.0839,unknown,TUNE_THRESHOLD,EXPLORE_DATA,MIXED,TUNING,MEDIUM
Irma,codap_28apr,frame_0107,1303.5,motion_only_fallback,8.0386,unknown,TUNE_THRESHOLD,,MIXED,TUNING,MEDIUM
Irma,codap_28apr,frame_0108,1305.4,motion_only_fallback,8.5637,unknown,TUNE_THRESHOLD,EXPLORE_DATA,MIXED,TUNING,MEDIUM
Irma,codap_28apr,frame_0109,1309.2,motion_only_fallback,3.7951,unknown,TUNE_THRESHOLD,,MIXED,TUNING,HIGH
Irma,codap_28apr,frame_0110,1310.9,motion_only_fallback,3.6806,unknown,TUNE_THRESHOLD,EXPLORE_DATA,MIXED,TUNING,MEDIUM
Irma,codap_28apr,frame_0111,1312.3,motion_only_fallback,10.6559,unknown,EXPLORE_DATA,,MIXED,SETUP,MEDIUM
Irma,codap_28apr,frame_0112,1313.7,motion_only_fallback,10.6568,unknown,TUNE_THRESHOLD,EXPLORE_DATA,MIXED,TUNING,MEDIUM
Irma,codap_28apr,frame_0113,1338.0,motion_only_fallback,9.1723,unknown,TUNE_THRESHOLD,EXPLORE_DATA,MIXED,TUNING,MEDIUM
Irma,codap_28apr,frame_0114,1360.9,motion_only_fallback,4.4259,unknown,TUNE_THRESHOLD,EXPLORE_DATA,MIXED,TUNING,MEDIUM
Irma,codap_28apr,frame_0115,1361.9,motion_only_fallback,1.0864,unknown,IDLE_THINKING,,MIXED,IDLE,MEDIUM
Irma,codap_28apr,frame_0116,1364.3,motion_only_fallback,2.3086,unknown,TUNE_THRESHOLD,EXPLORE_DATA,MIXED,TUNING,MEDIUM
Irma,codap_28apr,frame_0117,1365.4,motion_only_fallback,3.1898,unknown,TUNE_THRESHOLD,EXPLORE_DATA,MIXED,TUNING,MEDIUM
Irma,codap_28apr,frame_0118,1366.4,motion_only_fallback,1.3347,unknown,TUNE_THRESHOLD,EXPLORE_DATA,MIXED,TUNING,MEDIUM
Irma,codap_28apr,frame_0119,1368.5,motion_only_fallback,2.7942,unknown,TUNE_THRESHOLD,EXPLORE_DATA,MIXED,TUNING,MEDIUM
Irma,codap_28apr,frame_0120,1369.6,motion_only_fallback,5.2841,unknown,TUNE_THRESHOLD,EXPLORE_DATA,MIXED,TUNING,MEDIUM
Irma,codap_28apr,frame_0121,1370.7,motion_only_fallback,1.0712,unknown,TUNE_THRESHOLD,EXPLORE_DATA,MIXED,TUNING,MEDIUM
Irma,codap_28apr,frame_0122,1372.4,motion_only_fallback,3.4666,unknown,TUNE_THRESHOLD,EXPLORE_DATA,MIXED,TUNING,MEDIUM
Irma,codap_28apr,frame_0123,1375.2,motion_only_fallback,7.935,unknown,TUNE_THRESHOLD,EXPLORE_DATA,MIXED,TUNING,MEDIUM
Irma,codap_28apr,frame_0124,1377.2,motion_only_fallback,7.9321,unknown,EXPLORE_DATA,,MIXED,SETUP,MEDIUM
Irma,codap_28apr,frame_0125,1379.4,motion_only_fallback,7.9354,unknown,TUNE_THRESHOLD,,MIXED,TUNING,MEDIUM
Irma,codap_28apr,frame_0126,1389.0,motion_only_fallback,7.1186,unknown,TUNE_THRESHOLD,,MIXED,TUNING,MEDIUM
Irma,codap_28apr,frame_0127,1473.2,motion_only_fallback,2.6084,unknown,TUNE_THRESHOLD,,MIXED,TUNING,MEDIUM
Irma,codap_28apr,frame_0128,1477.8,motion_only_fallback,2.1148,unknown,TUNE_THRESHOLD,EXPLORE_DATA,MIXED,TUNING,MEDIUM
Irma,codap_28apr,frame_0129,1478.8,motion_only_fallback,1.2589,unknown,TUNE_THRESHOLD,EXPLORE_DATA,MIXED,TUNING,MEDIUM
Irma,codap_28apr,frame_0130,1501.0,motion_only_fallback,3.5847,unknown,TUNE_THRESHOLD,EXPLORE_DATA,MIXED,TUNING,MEDIUM
Irma,codap_28apr,frame_0131,1504.4,motion_only_fallback,3.3297,unknown,EXPLORE_DATA,,MIXED,SETUP,MEDIUM
Irma,codap_28apr,frame_0132,1506.5,motion_only_fallback,3.3341,unknown,TUNE_THRESHOLD,EXPLORE_DATA,MIXED,TUNING,MEDIUM
Irma,codap_28apr,frame_0133,1510.7,motion_only_fallback,3.7398,unknown,TUNE_THRESHOLD,,MIXED,TUNING,HIGH
Irma,codap_28apr,frame_0134,1516.4,motion_only_fallback,1.3347,unknown,TUNE_THRESHOLD,,MIXED,TUNING,HIGH
Irma,codap_28apr,frame_0135,1517.8,motion_only_fallback,3.3565,unknown,TUNE_THRESHOLD,EXPLORE_DATA,MIXED,TUNING,MEDIUM
Irma,codap_28apr,frame_0136,1585.4,motion_only_fallback,2.402,unknown,EXPLORE_DATA,,MENU,SETUP,MEDIUM
Irma,codap_28apr,frame_0137,1676.4,silent_screen_gap_fill,,unknown,TUNE_THRESHOLD,EXPLORE_DATA,MIXED,TUNING,MEDIUM
Irma,codap_28apr,frame_0138,1766.7,silent_screen_gap_fill,,unknown,TUNE_THRESHOLD,EXPLORE_DATA,MIXED,TUNING,MEDIUM
Irma,codap_28apr,frame_0139,1857.4,silent_screen_gap_fill,,unknown,TUNE_THRESHOLD,,MIXED,TUNING,MEDIUM
Irma,codap_28apr,frame_0140,1947.8,silent_screen_gap_fill,,unknown,TUNE_THRESHOLD,,MIXED,TUNING,MEDIUM
Irma,codap_28apr,frame_0141,2036.7,motion_only_fallback,5.376,unknown,TUNE_THRESHOLD,EXPLORE_DATA,MIXED,TUNING,MEDIUM
Irma,codap_28apr,frame_0142,2038.4,motion_only_fallback,1.0619,unknown,IDLE_THINKING,,MIXED,IDLE,MEDIUM
Irma,codap_28apr,frame_0143,2039.5,motion_only_fallback,5.5201,unknown,TUNE_THRESHOLD,EXPLORE_DATA,MIXED,TUNING,MEDIUM
Irma,codap_28apr,frame_0144,2050.9,motion_only_fallback,3.3449,unknown,TUNE_THRESHOLD,EXPLORE_DATA,MIXED,TUNING,MEDIUM
Irma,codap_28apr,frame_0145,2055.0,motion_only_fallback,1.1715,unknown,EXPLORE_DATA,,MIXED,SETUP,MEDIUM
Irma,codap_28apr,frame_0146,2059.8,motion_only_fallback,3.034,unknown,BUILD_TREE,EXPLORE_DATA,MIXED,BUILDING,MEDIUM
Irma,codap_28apr,frame_0147,2060.8,motion_only_fallback,4.4342,unknown,BUILD_TREE,EXPLORE_DATA,MIXED,BUILDING,MEDIUM
Irma,codap_28apr,frame_0148,2089.2,motion_only_fallback,3.1478,unknown,TUNE_THRESHOLD,EXPLORE_DATA,MIXED,TUNING,MEDIUM
Irma,codap_28apr,frame_0149,2094.0,motion_only_fallback,5.4913,unknown,EXPLORE_DATA,,MIXED,SETUP,MEDIUM
Irma,codap_28apr,frame_0150,2099.7,motion_only_fallback,1.4217,unknown,TUNE_THRESHOLD,EXPLORE_DATA,MIXED,TUNING,MEDIUM
Irma,codap_28apr,frame_0151,2105.5,motion_only_fallback,1.2728,unknown,TUNE_THRESHOLD,EXPLORE_DATA,MIXED,TUNING,MEDIUM
Irma,codap_28apr,frame_0152,2113.4,motion_only_fallback,3.7728,unknown,TUNE_THRESHOLD,EVALUATE_MODEL,MIXED,TUNING,MEDIUM
Irma,codap_28apr,frame_0153,2121.1,motion_only_fallback,3.7105,unknown,TUNE_THRESHOLD,EXPLORE_DATA,MIXED,TUNING,MEDIUM
Irma,codap_28apr,frame_0154,2130.1,motion_only_fallback,2.4961,unknown,BUILD_TREE,EXPLORE_DATA,MIXED,BUILDING,MEDIUM
Irma,codap_28apr,frame_0155,2138.0,motion_only_fallback,3.3353,unknown,TUNE_THRESHOLD,,MIXED,TUNING,MEDIUM
Irma,codap_28apr,frame_0156,2228.6,silent_screen_gap_fill,,unknown,TUNE_THRESHOLD,EXPLORE_DATA,MIXED,TUNING,MEDIUM
Irma,codap_28apr,frame_0157,2269.8,motion_only_fallback,1.6701,unknown,TUNE_THRESHOLD,,MIXED,TUNING,HIGH
Irma,codap_28apr,frame_0158,2272.5,motion_only_fallback,2.1121,unknown,,,,,
Irma,codap_28apr,frame_0159,2273.8,motion_only_fallback,2.124,unknown,TUNE_THRESHOLD,EXPLORE_DATA,MIXED,TUNING,MEDIUM
Irma,codap_28apr,frame_0160,2275.6,motion_only_fallback,4.8038,unknown,BUILD_TREE,EXPLORE_DATA,MIXED,BUILDING,MEDIUM
Irma,codap_28apr,frame_0161,2289.8,motion_only_fallback,3.9462,unknown,TUNE_THRESHOLD,EVALUATE_MODEL,MIXED,TUNING,MEDIUM
Irma,codap_28apr,frame_0162,2294.5,motion_only_fallback,9.0004,unknown,TUNE_THRESHOLD,EXPLORE_DATA,MIXED,TUNING,MEDIUM
Irma,codap_28apr,frame_0163,2302.6,motion_only_fallback,3.0264,unknown,TUNE_THRESHOLD,,MIXED,TUNING,MEDIUM
Irma,codap_28apr,frame_0164,2304.5,motion_only_fallback,1.0278,unknown,TUNE_THRESHOLD,EXPLORE_DATA,MIXED,TUNING,MEDIUM
Irma,codap_28apr,frame_0165,2306.5,motion_only_fallback,9.7681,unknown,TUNE_THRESHOLD,EVALUATE_MODEL,MIXED,TUNING,MEDIUM
Irma,codap_28apr,frame_0166,2308.9,motion_only_fallback,8.5787,unknown,TUNE_THRESHOLD,EXPLORE_DATA,MIXED,TUNING,MEDIUM
Irma,codap_28apr,frame_0167,2312.8,motion_only_fallback,7.1109,unknown,TUNE_THRESHOLD,EXPLORE_DATA,MIXED,TUNING,MEDIUM
Irma,codap_28apr,frame_0168,2320.3,motion_only_fallback,3.1555,unknown,TUNE_THRESHOLD,EXPLORE_DATA,MIXED,TUNING,MEDIUM
Irma,codap_28apr,frame_0169,2332.0,motion_only_fallback,3.1418,unknown,TUNE_THRESHOLD,EXPLORE_DATA,MIXED,TUNING,MEDIUM
Irma,codap_28apr,frame_0170,2336.6,motion_only_fallback,2.3877,unknown,TUNE_THRESHOLD,EXPLORE_DATA,MIXED,TUNING,MEDIUM
Irma,codap_28apr,frame_0171,2344.8,motion_only_fallback,1.4126,unknown,TUNE_THRESHOLD,,MIXED,TUNING,MEDIUM
Irma,codap_28apr,frame_0172,2346.4,motion_only_fallback,8.6466,unknown,TUNE_THRESHOLD,EXPLORE_DATA,MIXED,TUNING,MEDIUM
Irma,codap_28apr,frame_0173,2349.5,motion_only_fallback,9.734,unknown,EXPLORE_DATA,TUNE_THRESHOLD,MIXED,SETUP,MEDIUM
Irma,codap_28apr,frame_0174,2356.0,motion_only_fallback,1.684,unknown,BUILD_TREE,EXPLORE_DATA,MIXED,BUILDING,HIGH
Irma,codap_28apr,frame_0175,2358.6,motion_only_fallback,3.7141,unknown,TUNE_THRESHOLD,,MIXED,TUNING,HIGH
Irma,codap_28apr,frame_0176,2359.6,motion_only_fallback,3.7074,unknown,BUILD_TREE,EXPLORE_DATA,MIXED,BUILDING,HIGH
Irma,codap_28apr,frame_0177,2368.7,motion_only_fallback,2.5226,unknown,BUILD_TREE,EXPLORE_DATA,MIXED,BUILDING,HIGH
Irma,codap_28apr,frame_0178,2376.6,motion_only_fallback,3.4471,unknown,TUNE_THRESHOLD,EVALUATE_MODEL,MIXED,TUNING,HIGH
Irma,codap_28apr,frame_0179,2382.0,motion_only_fallback,3.4608,unknown,TUNE_THRESHOLD,EXPLORE_DATA,MIXED,TUNING,MEDIUM
Irma,codap_28apr,frame_0180,2385.6,motion_only_fallback,5.9066,unknown,TUNE_THRESHOLD,EXPLORE_DATA,MIXED,TUNING,MEDIUM
Irma,codap_28apr,frame_0181,2387.2,motion_only_fallback,7.8009,unknown,TUNE_THRESHOLD,EXPLORE_DATA,MIXED,TUNING,MEDIUM
Irma,codap_28apr,frame_0182,2389.9,motion_only_fallback,0.9801,unknown,BUILD_TREE,EXPLORE_DATA,MIXED,BUILDING,MEDIUM
Irma,codap_28apr,frame_0183,2391.8,motion_only_fallback,4.5185,unknown,BUILD_TREE,EXPLORE_DATA,MIXED,BUILDING,HIGH
Irma,codap_28apr,frame_0184,2394.9,motion_only_fallback,3.4431,unknown,EXPLORE_DATA,,MIXED,SETUP,MEDIUM
Irma,codap_28apr,frame_0185,2398.2,motion_only_fallback,7.1547,unknown,BUILD_TREE,EXPLORE_DATA,MIXED,BUILDING,HIGH
Irma,codap_28apr,frame_0186,2401.6,motion_only_fallback,5.7477,unknown,BUILD_TREE,EXPLORE_DATA,MIXED,BUILDING,HIGH
Irma,codap_28apr,frame_0187,2416.2,motion_only_fallback,8.327,unknown,BUILD_TREE,,MIXED,BUILDING,HIGH
Irma,codap_28apr,frame_0188,2438.5,motion_only_fallback,1.402,unknown,TUNE_THRESHOLD,EXPLORE_DATA,MIXED,TUNING,MEDIUM
Irma,codap_28apr,frame_0189,2444.4,motion_only_fallback,3.4226,unknown,TUNE_THRESHOLD,EXPLORE_DATA,MIXED,TUNING,MEDIUM
Irma,codap_28apr,frame_0190,2447.4,motion_only_fallback,2.0644,unknown,TUNE_THRESHOLD,EXPLORE_DATA,MIXED,TUNING,MEDIUM
Irma,codap_28apr,frame_0191,2449.8,motion_only_fallback,7.1184,unknown,TUNE_THRESHOLD,,MIXED,TUNING,MEDIUM
Irma,codap_28apr,frame_0192,2459.4,motion_only_fallback,3.7305,unknown,TUNE_THRESHOLD,,MIXED,TUNING,HIGH
Irma,codap_28apr,frame_0193,2480.7,motion_only_fallback,1.2772,unknown,BUILD_TREE,,MIXED,BUILDING,HIGH
Irma,codap_28apr,frame_0194,2486.7,motion_only_fallback,3.7008,unknown,TUNE_THRESHOLD,,MIXED,TUNING,HIGH
Irma,codap_28apr,frame_0195,2488.3,motion_only_fallback,3.6748,unknown,BUILD_TREE,,MIXED,BUILDING,HIGH
Irma,codap_28apr,frame_0196,2495.8,motion_only_fallback,3.7045,unknown,TUNE_THRESHOLD,,MIXED,TUNING,HIGH
Irma,codap_28apr,frame_0197,2497.6,motion_only_fallback,3.6711,unknown,BUILD_TREE,EXPLORE_DATA,MIXED,BUILDING,HIGH
Irma,codap_28apr,frame_0198,2543.4,motion_only_fallback,71.1543,unknown,OFF_TASK,,MIXED,IDLE,LOW
Irma,codap_28apr,frame_0199,2559.3,motion_only_fallback,11.8337,unknown,BUILD_TREE,,MIXED,BUILDING,HIGH
Irma,codap_28apr,frame_0200,2573.1,motion_only_fallback,0.8395,unknown,BUILD_TREE,EXPLORE_DATA,MIXED,BUILDING,HIGH
Irma,codap_28apr,frame_0201,2576.6,motion_only_fallback,1.0135,unknown,BUILD_TREE,EXPLORE_DATA,MIXED,BUILDING,HIGH
Irma,codap_28apr,frame_0202,2577.6,motion_only_fallback,0.8781,unknown,BUILD_TREE,EXPLORE_DATA,MIXED,BUILDING,MEDIUM
Irma,codap_28apr,frame_0203,2585.0,motion_only_fallback,1.2764,unknown,BUILD_TREE,EXPLORE_DATA,MIXED,BUILDING,HIGH
Irma,codap_28apr,frame_0204,2586.3,motion_only_fallback,3.5228,unknown,BUILD_TREE,EXPLORE_DATA,MIXED,BUILDING,HIGH
Irma,codap_28apr,frame_0205,2587.5,motion_only_fallback,1.3704,unknown,BUILD_TREE,EXPLORE_DATA,MIXED,BUILDING,MEDIUM
Irma,codap_28apr,frame_0206,2589.9,motion_only_fallback,2.2483,unknown,BUILD_TREE,EXPLORE_DATA,MIXED,BUILDING,HIGH
Irma,codap_28apr,frame_0207,2591.1,motion_only_fallback,11.5305,unknown,BUILD_TREE,EXPLORE_DATA,MIXED,BUILDING,MEDIUM
Irma,codap_28apr,frame_0208,2604.9,motion_only_fallback,2.2461,unknown,BUILD_TREE,EXPLORE_DATA,MIXED,BUILDING,HIGH
Irma,codap_28apr,frame_0209,2607.1,motion_only_fallback,2.0098,unknown,BUILD_TREE,EXPLORE_DATA,MIXED,BUILDING,HIGH
Irma,codap_28apr,frame_0210,2608.3,motion_only_fallback,1.1194,unknown,BUILD_TREE,EXPLORE_DATA,MIXED,BUILDING,HIGH
Irma,codap_28apr,frame_0211,2698.5,silent_screen_gap_fill,,unknown,BUILD_TREE,EXPLORE_DATA,MIXED,BUILDING,MEDIUM
Irma,codap_28apr,frame_0212,2736.1,motion_only_fallback,46.3239,unknown,EXPLORE_DATA,,MENU,SETUP,HIGH
Irma,codap_28apr,frame_0213,2737.1,motion_only_fallback,19.5384,unknown,EXPLORE_DATA,,MENU,SETUP,HIGH
Irma,codap_28apr,frame_0214,2739.9,motion_only_fallback,9.284,unknown,EXPLORE_DATA,,MENU,SETUP,HIGH
Irma,codap_28apr,frame_0215,2741.3,motion_only_fallback,1.2199,unknown,EXPLORE_DATA,,MENU,SETUP,HIGH
Irma,codap_28apr,frame_0216,2745.5,motion_only_fallback,0.9113,unknown,EXPLORE_DATA,,MENU,SETUP,HIGH
Irma,codap_28apr,frame_0217,2746.7,motion_only_fallback,54.7232,unknown,EXPLORE_DATA,,MENU,SETUP,HIGH
Irma,codap_28apr,frame_0218,2748.6,motion_only_fallback,11.4711,unknown,BUILD_TREE,EXPLORE_DATA,MIXED,BUILDING,HIGH
Irma,codap_28apr,frame_0219,2770.4,motion_only_fallback,6.9967,unknown,EXPLORE_DATA,,TREE,SETUP,MEDIUM
Irma,codap_28apr,frame_0220,2782.3,motion_only_fallback,1.8461,unknown,EXPLORE_DATA,,MENU,SETUP,HIGH
Irma,codap_28apr,frame_0221,2784.2,motion_only_fallback,0.8875,unknown,EXPLORE_DATA,,MENU,SETUP,HIGH
Irma,codap_28apr,frame_0222,2785.2,motion_only_fallback,0.9061,unknown,BUILD_TREE,,MIXED,BUILDING,HIGH
Irma,codap_28apr,frame_0223,2796.7,motion_only_fallback,1.1651,unknown,EXPLORE_DATA,,MENU,SETUP,MEDIUM
Irma,codap_28apr,frame_0224,2808.9,motion_only_fallback,2.957,unknown,EXPLORE_DATA,,MIXED,SETUP,MEDIUM
Irma,codap_28apr,frame_0225,2822.3,motion_only_fallback,3.0874,unknown,EXPLORE_DATA,,MENU,SETUP,HIGH
Irma,codap_28apr,frame_0226,2826.9,motion_only_fallback,17.3783,unknown,EXPLORE_DATA,,MENU,SETUP,HIGH
Irma,codap_28apr,frame_0227,2829.0,motion_only_fallback,7.0206,unknown,EXPLORE_DATA,,MENU,SETUP,HIGH
Irma,codap_28apr,frame_0228,2833.2,motion_only_fallback,0.8387,unknown,EXPLORE_DATA,,MENU,SETUP,MEDIUM
Irma,codap_28apr,frame_0229,2836.4,motion_only_fallback,68.5145,unknown,EXPLORE_DATA,,MENU,SETUP,MEDIUM
Irma,codap_28apr,frame_0230,2840.9,motion_only_fallback,2.4948,unknown,EXPLORE_DATA,,MIXED,SETUP,HIGH
Irma,codap_28apr,frame_0231,2843.7,motion_only_fallback,1.7895,unknown,EXPLORE_DATA,,MIXED,SETUP,HIGH
Irma,codap_28apr,frame_0232,2852.5,motion_only_fallback,2.4149,unknown,EXPLORE_DATA,,MIXED,SETUP,MEDIUM
Irma,codap_28apr,frame_0233,2854.1,motion_only_fallback,2.5729,unknown,EXPLORE_DATA,,MIXED,SETUP,MEDIUM
Irma,codap_28apr,frame_0234,2855.2,motion_only_fallback,2.5708,unknown,EXPLORE_DATA,,MIXED,SETUP,MEDIUM
Irma,codap_28apr,frame_0235,2858.2,motion_only_fallback,2.9383,unknown,EXPLORE_DATA,,MIXED,SETUP,MEDIUM
Irma,codap_28apr,frame_0236,2909.5,motion_only_fallback,1.0654,unknown,EXPLORE_DATA,,MIXED,SETUP,HIGH
Irma,codap_28apr,frame_0237,2913.3,motion_only_fallback,2.4255,unknown,EXPLORE_DATA,,MIXED,SETUP,HIGH
Irma,codap_28apr,frame_0238,2917.3,motion_only_fallback,1.0721,unknown,EXPLORE_DATA,,MIXED,SETUP,HIGH
Irma,codap_28apr,frame_0239,2918.5,motion_only_fallback,4.137,unknown,EXPLORE_DATA,,CODAP,SETUP,HIGH
Irma,codap_28apr,frame_0240,2921.0,motion_only_fallback,9.6076,unknown,EXPLORE_DATA,,CODAP,SETUP,HIGH
Irma,codap_28apr,frame_0241,2929.5,motion_only_fallback,2.8453,unknown,EXPLORE_DATA,,MIXED,SETUP,MEDIUM
Irma,codap_28apr,frame_0242,2932.1,motion_only_fallback,7.381,unknown,EXPLORE_DATA,,MIXED,SETUP,HIGH
Irma,codap_28apr,frame_0243,2935.1,motion_only_fallback,3.7334,unknown,TUNE_THRESHOLD,,TREE,TUNING,HIGH
Irma,codap_28apr,frame_0244,2944.1,motion_only_fallback,14.2087,unknown,BUILD_TREE,EXPLORE_DATA,MIXED,BUILDING,MEDIUM
Irma,codap_28apr,frame_0245,2950.4,motion_only_fallback,14.213,unknown,BUILD_TREE,EXPLORE_DATA,MIXED,BUILDING,HIGH
Irma,codap_28apr,frame_0246,2954.8,motion_only_fallback,3.4448,unknown,TUNE_THRESHOLD,,MIXED,TUNING,HIGH
Irma,codap_28apr,frame_0247,2963.4,motion_only_fallback,3.4412,unknown,BUILD_TREE,EXPLORE_DATA,MIXED,BUILDING,HIGH
Irma,codap_28apr,frame_0248,2971.2,motion_only_fallback,14.4037,unknown,BUILD_TREE,EXPLORE_DATA,MIXED,BUILDING,HIGH
Irma,codap_28apr,frame_0249,2975.1,motion_only_fallback,1.6074,unknown,BUILD_TREE,EXPLORE_DATA,MIXED,BUILDING,MEDIUM
Irma,codap_28apr,frame_0250,2976.2,motion_only_fallback,14.4051,unknown,TUNE_THRESHOLD,EXPLORE_DATA,MIXED,TUNING,MEDIUM
Irma,codap_28apr,frame_0251,2979.4,motion_only_fallback,1.5828,unknown,TUNE_THRESHOLD,,TREE,TUNING,HIGH
Irma,codap_28apr,frame_0252,2980.8,motion_only_fallback,2.5008,unknown,EVALUATE_MODEL,EXPLORE_DATA,MIXED,EVALUATING,MEDIUM
Irma,codap_28apr,frame_0253,3001.7,motion_only_fallback,2.4383,unknown,TUNE_THRESHOLD,,MIXED,TUNING,MEDIUM
Irma,codap_28apr,frame_0254,3014.5,motion_only_fallback,2.4855,unknown,TUNE_THRESHOLD,EXPLORE_DATA,MIXED,TUNING,MEDIUM
Irma,codap_28apr,frame_0255,3017.1,motion_only_fallback,6.39,unknown,EXPLORE_DATA,,MENU,SETUP,MEDIUM
Irma,codap_28apr,frame_0256,3018.8,motion_only_fallback,5.9238,unknown,COMPARE_MODELS,,MIXED,EVALUATING,HIGH
Irma,codap_28apr,frame_0257,3026.3,motion_only_fallback,1.0561,unknown,TUNE_THRESHOLD,,MIXED,TUNING,MEDIUM
Irma,codap_28apr,frame_0258,3029.1,motion_only_fallback,10.011,unknown,TUNE_THRESHOLD,EVALUATE_MODEL,MIXED,TUNING,MEDIUM
Irma,codap_28apr,frame_0259,3030.1,motion_only_fallback,3.5797,unknown,TUNE_THRESHOLD,EXPLORE_DATA,MIXED,TUNING,MEDIUM
Irma,codap_28apr,frame_0260,3032.0,motion_only_fallback,9.4008,unknown,EVALUATE_MODEL,EXPLORE_DATA,MIXED,EVALUATING,MEDIUM
Irma,codap_28apr,frame_0261,3035.7,motion_only_fallback,5.7062,unknown,EVALUATE_MODEL,EXPLORE_DATA,MIXED,EVALUATING,MEDIUM
Irma,codap_28apr,frame_0262,3038.4,motion_only_fallback,2.4794,unknown,TUNE_THRESHOLD,,MIXED,TUNING,HIGH
Irma,codap_28apr,frame_0263,3097.9,motion_only_fallback,1.5988,unknown,TUNE_THRESHOLD,EXPLORE_DATA,MIXED,TUNING,MEDIUM
Irma,codap_28apr,frame_0264,3101.3,motion_only_fallback,1.6375,unknown,COMPARE_MODELS,,MIXED,EVALUATING,HIGH
Irma,codap_28apr,frame_0265,3111.0,motion_only_fallback,2.9649,unknown,TUNE_THRESHOLD,EXPLORE_DATA,MIXED,TUNING,MEDIUM
Irma,codap_28apr,frame_0266,3114.8,motion_only_fallback,9.5675,unknown,TUNE_THRESHOLD,EXPLORE_DATA,MIXED,TUNING,MEDIUM
Irma,codap_28apr,frame_0267,3128.2,motion_only_fallback,3.7907,unknown,TUNE_THRESHOLD,,MIXED,TUNING,MEDIUM
Irma,codap_28apr,frame_0268,3154.5,motion_only_fallback,2.9946,unknown,EXPLORE_DATA,,MIXED,SETUP,MEDIUM
Irma,codap_28apr,frame_0269,3156.5,motion_only_fallback,0.9344,unknown,TUNE_THRESHOLD,EXPLORE_DATA,MIXED,TUNING,MEDIUM
Irma,codap_28apr,frame_0270,3186.9,motion_only_fallback,2.8414,unknown,IDLE_THINKING,,MIXED,IDLE,MEDIUM
Irma,codap_28apr,frame_0271,3188.0,motion_only_fallback,5.6644,unknown,TUNE_THRESHOLD,EXPLORE_DATA,MIXED,TUNING,MEDIUM
Irma,codap_28apr,frame_0272,3192.3,motion_only_fallback,3.7897,unknown,TUNE_THRESHOLD,EXPLORE_DATA,MIXED,TUNING,MEDIUM
Irma,codap_28apr,frame_0273,3282.5,silent_screen_gap_fill,,unknown,TUNE_THRESHOLD,,MIXED,TUNING,MEDIUM
Irma,codap_28apr,frame_0274,3341.3,motion_only_fallback,6.7411,unknown,TUNE_THRESHOLD,EXPLORE_DATA,MIXED,TUNING,MEDIUM
Irma,codap_28apr,frame_0275,3362.4,motion_only_fallback,2.6871,unknown,TUNE_THRESHOLD,,MIXED,TUNING,MEDIUM
Irma,codap_28apr,frame_0276,3365.8,motion_only_fallback,2.9959,unknown,EXPLORE_DATA,,MIXED,SETUP,MEDIUM
Irma,codap_28apr,frame_0277,3368.4,motion_only_fallback,5.597,unknown,TUNE_THRESHOLD,EXPLORE_DATA,MIXED,TUNING,MEDIUM
Irma,codap_28apr,frame_0278,3369.6,motion_only_fallback,8.5943,unknown,TUNE_THRESHOLD,,MIXED,TUNING,MEDIUM
Irma,codap_28apr,frame_0279,3372.0,motion_only_fallback,8.5793,unknown,TUNE_THRESHOLD,,MIXED,TUNING,MEDIUM
Irma,codap_28apr,frame_0280,3374.9,motion_only_fallback,9.9352,unknown,TUNE_THRESHOLD,EXPLORE_DATA,MIXED,TUNING,MEDIUM
Irma,codap_28apr,frame_0281,3378.0,motion_only_fallback,6.6121,unknown,TUNE_THRESHOLD,EXPLORE_DATA,MIXED,TUNING,MEDIUM
Irma,codap_28apr,frame_0282,3382.2,motion_only_fallback,3.0673,unknown,TUNE_THRESHOLD,,MIXED,TUNING,MEDIUM
Irma,codap_28apr,frame_0283,3406.3,motion_only_fallback,4.9495,unknown,TUNE_THRESHOLD,,MIXED,TUNING,MEDIUM
Irma,codap_28apr,frame_0284,3413.7,motion_only_fallback,2.994,unknown,TUNE_THRESHOLD,,MIXED,TUNING,MEDIUM
Irma,codap_28apr,frame_0285,3460.4,motion_only_fallback,1.7336,unknown,TUNE_THRESHOLD,,MIXED,TUNING,MEDIUM
Irma,codap_28apr,frame_0286,3477.4,motion_only_fallback,0.8528,unknown,TUNE_THRESHOLD,,MIXED,TUNING,MEDIUM
Irma,codap_28apr,frame_0287,3492.4,motion_only_fallback,8.5758,unknown,EXPLORE_DATA,TUNE_THRESHOLD,MIXED,SETUP,MEDIUM
Irma,codap_28apr,frame_0288,3493.6,motion_only_fallback,3.5068,unknown,TUNE_THRESHOLD,EVALUATE_MODEL,MIXED,TUNING,MEDIUM
Irma,codap_28apr,frame_0289,3499.2,motion_only_fallback,6.6273,unknown,TUNE_THRESHOLD,,MIXED,TUNING,MEDIUM
Irma,codap_28apr,frame_0290,3502.0,motion_only_fallback,3.0642,unknown,TUNE_THRESHOLD,,MIXED,TUNING,MEDIUM
Irma,codap_28apr,frame_0291,3528.5,motion_only_fallback,2.9956,unknown,TUNE_THRESHOLD,,MIXED,TUNING,MEDIUM
Irma,codap_28apr,frame_0292,3531.0,motion_only_fallback,4.9514,unknown,TUNE_THRESHOLD,EVALUATE_MODEL,MIXED,TUNING,MEDIUM
Irma,codap_28apr,frame_0293,3548.5,motion_only_fallback,1.3613,unknown,TUNE_THRESHOLD,EXPLORE_DATA,MIXED,TUNING,MEDIUM
Irma,codap_28apr,frame_0294,3560.8,motion_only_fallback,1.1993,unknown,TUNE_THRESHOLD,EXPLORE_DATA,MIXED,TUNING,MEDIUM
Irma,codap_28apr,frame_0295,3562.5,motion_only_fallback,1.0625,unknown,TUNE_THRESHOLD,EXPLORE_DATA,MIXED,TUNING,MEDIUM
Irma,codap_28apr,frame_0296,3593.8,motion_only_fallback,1.8148,unknown,BUILD_TREE,,MIXED,BUILDING,MEDIUM
Irma,codap_28apr,frame_0297,3633.2,motion_only_fallback,1.4466,unknown,TUNE_THRESHOLD,EVALUATE_MODEL,MIXED,TUNING,MEDIUM
Irma,codap_28apr,frame_0298,3637.1,motion_only_fallback,4.0197,unknown,COMPARE_MODELS,,MIXED,EVALUATING,HIGH
Irma,codap_28apr,frame_0299,3647.3,motion_only_fallback,8.4707,unknown,BUILD_TREE,,MIXED,BUILDING,MEDIUM
Irma,codap_28apr,frame_0300,3667.6,motion_only_fallback,0.8773,unknown,TUNE_THRESHOLD,,MIXED,TUNING,HIGH
Irma,codap_28apr,frame_0301,3676.3,motion_only_fallback,0.9444,unknown,TUNE_THRESHOLD,EXPLORE_DATA,MIXED,TUNING,MEDIUM
Irma,codap_28apr,frame_0302,3689.2,motion_only_fallback,2.5557,unknown,BUILD_TREE,EXPLORE_DATA,MIXED,BUILDING,HIGH
Irma,codap_28apr,frame_0303,3695.6,motion_only_fallback,1.3063,unknown,TUNE_THRESHOLD,,MIXED,TUNING,MEDIUM
Irma,codap_28apr,frame_0304,3737.5,motion_only_fallback,1.4824,unknown,TUNE_THRESHOLD,,MIXED,TUNING,MEDIUM
Irma,codap_28apr,frame_0305,3743.2,motion_only_fallback,1.6194,unknown,TUNE_THRESHOLD,,MIXED,TUNING,MEDIUM
Irma,codap_28apr,frame_0306,3760.8,motion_only_fallback,0.8721,unknown,TUNE_THRESHOLD,,MIXED,TUNING,MEDIUM
Irma,codap_28apr,frame_0307,3772.7,motion_only_fallback,2.9919,unknown,TUNE_THRESHOLD,EXPLORE_DATA,MIXED,TUNING,MEDIUM
Irma,codap_28apr,frame_0308,3775.2,motion_only_fallback,7.935,unknown,TUNE_THRESHOLD,,MIXED,TUNING,MEDIUM
Irma,codap_28apr,frame_0309,3776.2,motion_only_fallback,2.7189,unknown,TUNE_THRESHOLD,EXPLORE_DATA,MIXED,TUNING,MEDIUM
Irma,codap_28apr,frame_0310,3782.4,motion_only_fallback,7.6534,unknown,TUNE_THRESHOLD,EXPLORE_DATA,MIXED,TUNING,MEDIUM
Irma,codap_28apr,frame_0311,3792.2,motion_only_fallback,0.9547,unknown,TUNE_THRESHOLD,,MIXED,TUNING,MEDIUM
Irma,codap_28apr,frame_0312,3865.9,motion_only_fallback,0.9612,unknown,TUNE_THRESHOLD,,MIXED,TUNING,MEDIUM
Irma,codap_28apr,frame_0313,3956.6,silent_screen_gap_fill,,unknown,TUNE_THRESHOLD,EXPLORE_DATA,MIXED,TUNING,MEDIUM
Irma,codap_28apr,frame_0314,4046.9,silent_screen_gap_fill,,unknown,TUNE_THRESHOLD,EXPLORE_DATA,MIXED,TUNING,MEDIUM
Irma,codap_28apr,frame_0315,4137.6,silent_screen_gap_fill,,unknown,TUNE_THRESHOLD,EXPLORE_DATA,MIXED,TUNING,MEDIUM
Irma,codap_28apr,frame_0316,4228.0,silent_screen_gap_fill,,unknown,TUNE_THRESHOLD,EXPLORE_DATA,MIXED,TUNING,MEDIUM
Irma,codap_28apr,frame_0317,4281.6,motion_only_fallback,2.0476,unknown,TUNE_THRESHOLD,,MIXED,TUNING,MEDIUM
Irma,codap_28apr,frame_0318,4282.8,motion_only_fallback,2.0451,unknown,TUNE_THRESHOLD,EXPLORE_DATA,MIXED,TUNING,MEDIUM
Irma,codap_28apr,frame_0319,4288.5,motion_only_fallback,2.5934,unknown,EXPLORE_DATA,,MENU,SETUP,HIGH
Irma,codap_28apr,frame_0320,4296.3,motion_only_fallback,78.6337,unknown,TUNE_THRESHOLD,,MIXED,TUNING,MEDIUM
Irma,codap_28apr,frame_0321,4297.4,motion_only_fallback,17.0966,unknown,BUILD_TREE,EXPLORE_DATA,MIXED,BUILDING,HIGH
Irma,codap_28apr,frame_0322,4301.8,motion_only_fallback,4.5212,unknown,TUNE_THRESHOLD,,MIXED,TUNING,MEDIUM
Irma,codap_28apr,frame_0323,4359.5,motion_only_fallback,17.0995,unknown,BUILD_TREE,EXPLORE_DATA,MIXED,BUILDING,HIGH
Irma,codap_28apr,frame_0324,4361.2,motion_only_fallback,1.1345,unknown,BUILD_TREE,EXPLORE_DATA,MIXED,BUILDING,MEDIUM
Irma,codap_28apr,frame_0325,4375.9,motion_only_fallback,67.9047,unknown,EXPLORE_DATA,,MENU,SETUP,MEDIUM
Irma,codap_28apr,frame_0326,4377.4,motion_only_fallback,1.9674,unknown,EXPLORE_DATA,,MENU,SETUP,MEDIUM
Irma,codap_28apr,frame_0327,4378.6,motion_only_fallback,67.4716,unknown,TUNE_THRESHOLD,,MIXED,TUNING,MEDIUM
Irma,codap_28apr,frame_0328,4387.2,motion_only_fallback,10.1252,unknown,OFF_TASK,,MIXED,IDLE,MEDIUM
Irma,codap_28apr,frame_0329,4389.4,motion_only_fallback,10.4086,unknown,TUNE_THRESHOLD,EXPLORE_DATA,MIXED,TUNING,MEDIUM
Irma,codap_28apr,frame_0330,4393.6,motion_only_fallback,9.4226,unknown,OFF_TASK,,MIXED,IDLE,MEDIUM
Irma,codap_28apr,frame_0331,4395.9,motion_only_fallback,6.8221,unknown,EXPLORE_DATA,,MENU,SETUP,MEDIUM
Irma,codap_28apr,frame_0332,4398.5,motion_only_fallback,10.4857,unknown,TUNE_THRESHOLD,EXPLORE_DATA,MIXED,TUNING,MEDIUM
Irma,codap_28apr,frame_0333,4399.6,motion_only_fallback,2.8918,unknown,OFF_TASK,,MIXED,IDLE,MEDIUM
Irma,codap_28apr,frame_0334,4403.6,motion_only_fallback,3.0581,unknown,BUILD_TREE,EXPLORE_DATA,MIXED,BUILDING,MEDIUM
Irma,codap_28apr,frame_0335,4405.0,motion_only_fallback,5.0372,unknown,BUILD_TREE,EXPLORE_DATA,MIXED,BUILDING,MEDIUM
Irma,codap_28apr,frame_0336,4419.2,motion_only_fallback,16.8779,unknown,TUNE_THRESHOLD,EXPLORE_DATA,MIXED,TUNING,MEDIUM
Irma,codap_28apr,frame_0337,4420.3,motion_only_fallback,16.8779,unknown,BUILD_TREE,EXPLORE_DATA,MIXED,BUILDING,HIGH
Irma,codap_28apr,frame_0338,4427.6,motion_only_fallback,65.9091,unknown,EXPLORE_DATA,,MENU,SETUP,MEDIUM
Irma,codap_28apr,frame_0339,4429.4,motion_only_fallback,66.32,unknown,BUILD_TREE,EXPLORE_DATA,MIXED,BUILDING,HIGH
Irma,codap_28apr,frame_0340,4430.5,motion_only_fallback,2.6032,unknown,BUILD_TREE,EXPLORE_DATA,MIXED,BUILDING,MEDIUM
Irma,codap_28apr,frame_0341,4433.7,motion_only_fallback,9.0484,unknown,OFF_TASK,,MIXED,IDLE,MEDIUM
Irma,codap_28apr,frame_0342,4435.1,motion_only_fallback,1.7867,unknown,EXPLORE_DATA,,MENU,SETUP,MEDIUM
Irma,codap_28apr,frame_0343,4449.3,motion_only_fallback,69.8252,unknown,EXPLORE_DATA,,MIXED,SETUP,LOW
Isabel,codap_28apr,frame_0001,32.3,motion_only_fallback,1.1215,unknown,EXPLORE_DATA,,MENU,SETUP,HIGH
Isabel,codap_28apr,frame_0002,57.6,motion_only_fallback,2.5056,unknown,EXPLORE_DATA,,MENU,SETUP,MEDIUM
Isabel,codap_28apr,frame_0003,63.2,motion_only_fallback,13.1385,unknown,EXPLORE_DATA,,MENU,SETUP,HIGH
Isabel,codap_28apr,frame_0004,66.0,motion_only_fallback,5.4724,unknown,EXPLORE_DATA,,MENU,SETUP,HIGH
Isabel,codap_28apr,frame_0005,67.4,motion_only_fallback,73.8721,unknown,EXPLORE_DATA,,MENU,SETUP,HIGH
Isabel,codap_28apr,frame_0006,69.8,motion_only_fallback,14.4385,unknown,EXPLORE_DATA,,MENU,SETUP,HIGH
Isabel,codap_28apr,frame_0007,70.9,motion_only_fallback,2.0845,unknown,EXPLORE_DATA,,MENU,SETUP,HIGH
Isabel,codap_28apr,frame_0008,94.3,motion_only_fallback,66.3559,unknown,EXPLORE_DATA,,MENU,SETUP,HIGH
Isabel,codap_28apr,frame_0009,95.4,motion_only_fallback,10.6958,unknown,EXPLORE_DATA,,MENU,SETUP,MEDIUM
Isabel,codap_28apr,frame_0010,97.3,motion_only_fallback,1.5507,unknown,EXPLORE_DATA,,TREE,SETUP,HIGH
Isabel,codap_28apr,frame_0011,106.6,motion_only_fallback,1.5054,unknown,EXPLORE_DATA,,TREE,SETUP,HIGH
Isabel,codap_28apr,frame_0012,107.9,motion_only_fallback,2.696,unknown,EXPLORE_DATA,,TREE,SETUP,MEDIUM
Isabel,codap_28apr,frame_0013,115.3,motion_only_fallback,60.3306,unknown,EXPLORE_DATA,,TREE,SETUP,MEDIUM
Isabel,codap_28apr,frame_0014,116.8,motion_only_fallback,6.2596,unknown,TUNE_THRESHOLD,EXPLORE_DATA,MIXED,TUNING,MEDIUM
Isabel,codap_28apr,frame_0015,117.8,motion_only_fallback,4.515,unknown,TUNE_THRESHOLD,EXPLORE_DATA,MIXED,TUNING,MEDIUM
Isabel,codap_28apr,frame_0016,208.2,silent_screen_gap_fill,,unknown,TUNE_THRESHOLD,EXPLORE_DATA,MIXED,TUNING,MEDIUM
Isabel,codap_28apr,frame_0017,215.5,motion_only_fallback,5.273,unknown,TUNE_THRESHOLD,EXPLORE_DATA,MIXED,TUNING,MEDIUM
Isabel,codap_28apr,frame_0018,240.7,motion_only_fallback,5.3767,unknown,TUNE_THRESHOLD,EXPLORE_DATA,MIXED,TUNING,MEDIUM
Isabel,codap_28apr,frame_0019,258.1,motion_only_fallback,10.0584,unknown,TUNE_THRESHOLD,EXPLORE_DATA,MIXED,TUNING,MEDIUM
Isabel,codap_28apr,frame_0020,328.8,motion_only_fallback,1.9323,unknown,TUNE_THRESHOLD,EXPLORE_DATA,MIXED,TUNING,MEDIUM
Isabel,codap_28apr,frame_0021,331.1,motion_only_fallback,2.7577,unknown,EXPLORE_DATA,,MENU,SETUP,MEDIUM
Isabel,codap_28apr,frame_0022,332.3,motion_only_fallback,2.6206,unknown,EXPLORE_DATA,,MIXED,SETUP,MEDIUM
Isabel,codap_28apr,frame_0023,408.8,motion_only_fallback,2.7438,unknown,TUNE_THRESHOLD,EXPLORE_DATA,MIXED,TUNING,MEDIUM
Isabel,codap_28apr,frame_0024,417.9,motion_only_fallback,0.8893,unknown,COMPARE_MODELS,EXPLORE_DATA,MIXED,EVALUATING,HIGH
Isabel,codap_28apr,frame_0025,465.0,motion_only_fallback,1.3032,unknown,COMPARE_MODELS,EXPLORE_DATA,MIXED,EVALUATING,HIGH
Isabel,codap_28apr,frame_0026,555.6,silent_screen_gap_fill,,unknown,TUNE_THRESHOLD,EXPLORE_DATA,MIXED,TUNING,MEDIUM
Isabel,codap_28apr,frame_0027,646.3,silent_screen_gap_fill,,unknown,TUNE_THRESHOLD,EXPLORE_DATA,MIXED,TUNING,MEDIUM
Isabel,codap_28apr,frame_0028,736.4,silent_screen_gap_fill,,unknown,TUNE_THRESHOLD,EXPLORE_DATA,MIXED,TUNING,MEDIUM
Isabel,codap_28apr,frame_0029,749.6,motion_only_fallback,83.5104,unknown,EXPLORE_DATA,,MENU,SETUP,HIGH
Isabel,codap_28apr,frame_0030,751.2,motion_only_fallback,9.8401,unknown,TUNE_THRESHOLD,EXPLORE_DATA,MIXED,TUNING,MEDIUM
Isabel,codap_28apr,frame_0031,755.1,motion_only_fallback,5.1819,unknown,TUNE_THRESHOLD,,MIXED,TUNING,MEDIUM
Isabel,codap_28apr,frame_0032,845.2,silent_screen_gap_fill,,unknown,TUNE_THRESHOLD,EXPLORE_DATA,MIXED,TUNING,MEDIUM
Isabel,codap_28apr,frame_0033,930.2,motion_only_fallback,1.0816,unknown,TUNE_THRESHOLD,EXPLORE_DATA,MIXED,TUNING,HIGH
Isabel,codap_28apr,frame_0034,939.3,motion_only_fallback,3.365,unknown,TUNE_THRESHOLD,,MIXED,TUNING,HIGH
Isabel,codap_28apr,frame_0035,951.8,motion_only_fallback,2.1869,unknown,TUNE_THRESHOLD,,MIXED,TUNING,HIGH
Isabel,codap_28apr,frame_0036,963.2,motion_only_fallback,1.1034,unknown,TUNE_THRESHOLD,,MIXED,TUNING,HIGH
Isabel,codap_28apr,frame_0037,969.3,motion_only_fallback,14.9724,unknown,TUNE_THRESHOLD,,MIXED,TUNING,HIGH
Isabel,codap_28apr,frame_0038,998.2,motion_only_fallback,3.4169,unknown,TUNE_THRESHOLD,EXPLORE_DATA,MIXED,TUNING,MEDIUM
Isabel,codap_28apr,frame_0039,1079.0,motion_only_fallback,14.1123,unknown,TUNE_THRESHOLD,,MIXED,TUNING,HIGH
Isabel,codap_28apr,frame_0040,1163.5,motion_only_fallback,3.412,unknown,TUNE_THRESHOLD,,MIXED,TUNING,HIGH
Isabel,codap_28apr,frame_0041,1167.2,motion_only_fallback,14.5359,unknown,TUNE_THRESHOLD,,MIXED,TUNING,HIGH
Isabel,codap_28apr,frame_0042,1187.3,motion_only_fallback,12.3598,unknown,TUNE_THRESHOLD,EXPLORE_DATA,MIXED,TUNING,MEDIUM
Isabel,codap_28apr,frame_0043,1192.4,motion_only_fallback,3.6794,unknown,BUILD_TREE,EXPLORE_DATA,MIXED,BUILDING,HIGH
Isabel,codap_28apr,frame_0044,1282.5,silent_screen_gap_fill,,unknown,TUNE_THRESHOLD,,MIXED,TUNING,HIGH
Isabel,codap_28apr,frame_0045,1301.1,motion_only_fallback,1.5613,unknown,TUNE_THRESHOLD,,MIXED,TUNING,HIGH
Isabel,codap_28apr,frame_0046,1316.4,motion_only_fallback,1.6956,unknown,TUNE_THRESHOLD,,MIXED,TUNING,HIGH
Isabel,codap_28apr,frame_0047,1327.5,motion_only_fallback,5.2452,unknown,TUNE_THRESHOLD,,MIXED,TUNING,HIGH
Isabel,codap_28apr,frame_0048,1333.8,motion_only_fallback,2.7369,unknown,TUNE_THRESHOLD,,MIXED,TUNING,HIGH
Isabel,codap_28apr,frame_0049,1345.1,motion_only_fallback,1.0706,unknown,TUNE_THRESHOLD,,MIXED,TUNING,HIGH
Isabel,codap_28apr,frame_0050,1347.8,motion_only_fallback,0.9226,unknown,TUNE_THRESHOLD,EXPLORE_DATA,MIXED,TUNING,HIGH
Isabel,codap_28apr,frame_0051,1359.5,motion_only_fallback,2.0731,unknown,TUNE_THRESHOLD,EXPLORE_DATA,MIXED,TUNING,HIGH
Isabel,codap_28apr,frame_0052,1449.5,silent_screen_gap_fill,,unknown,TUNE_THRESHOLD,EXPLORE_DATA,MIXED,TUNING,MEDIUM
Isabel,codap_28apr,frame_0053,1478.6,motion_only_fallback,2.0444,unknown,BUILD_TREE,EXPLORE_DATA,MIXED,BUILDING,HIGH
Isabel,codap_28apr,frame_0054,1498.5,motion_only_fallback,1.5041,unknown,TUNE_THRESHOLD,EXPLORE_DATA,MIXED,TUNING,MEDIUM
Isabel,codap_28apr,frame_0055,1515.8,motion_only_fallback,1.1603,unknown,BUILD_TREE,EXPLORE_DATA,MIXED,BUILDING,HIGH
Isabel,codap_28apr,frame_0056,1537.4,motion_only_fallback,5.5386,unknown,TUNE_THRESHOLD,EXPLORE_DATA,MIXED,TUNING,MEDIUM
Isabel,codap_28apr,frame_0057,1568.6,motion_only_fallback,1.0594,unknown,BUILD_TREE,EXPLORE_DATA,MIXED,BUILDING,HIGH
Isabel,codap_28apr,frame_0058,1574.2,motion_only_fallback,2.7496,unknown,TUNE_THRESHOLD,EXPLORE_DATA,MIXED,TUNING,MEDIUM
Isabel,codap_28apr,frame_0059,1581.3,motion_only_fallback,1.5305,unknown,TUNE_THRESHOLD,EXPLORE_DATA,MIXED,TUNING,MEDIUM
Isabel,codap_28apr,frame_0060,1591.0,motion_only_fallback,0.9983,unknown,BUILD_TREE,EXPLORE_DATA,MIXED,BUILDING,HIGH
Isabel,codap_28apr,frame_0061,1595.1,motion_only_fallback,2.5918,unknown,EXPLORE_DATA,,MIXED,SETUP,MEDIUM
Isabel,codap_28apr,frame_0062,1598.0,motion_only_fallback,2.0459,unknown,TUNE_THRESHOLD,EXPLORE_DATA,MIXED,TUNING,MEDIUM
Isabel,codap_28apr,frame_0063,1616.9,motion_only_fallback,1.076,unknown,BUILD_TREE,EXPLORE_DATA,MIXED,BUILDING,HIGH
Isabel,codap_28apr,frame_0064,1621.1,motion_only_fallback,2.7101,unknown,EXPLORE_DATA,TUNE_THRESHOLD,MIXED,SETUP,MEDIUM
Isabel,codap_28apr,frame_0065,1643.5,motion_only_fallback,1.5251,unknown,TUNE_THRESHOLD,EXPLORE_DATA,MIXED,TUNING,MEDIUM
Isabel,codap_28apr,frame_0066,1697.6,motion_only_fallback,3.3272,unknown,TUNE_THRESHOLD,,MIXED,TUNING,HIGH
Isabel,codap_28apr,frame_0067,1703.2,motion_only_fallback,3.3065,unknown,TUNE_THRESHOLD,EXPLORE_DATA,MIXED,TUNING,MEDIUM
Isabel,codap_28apr,frame_0068,1708.0,motion_only_fallback,1.9514,unknown,TUNE_THRESHOLD,EXPLORE_DATA,MIXED,TUNING,MEDIUM
Isabel,codap_28apr,frame_0069,1798.1,silent_screen_gap_fill,,unknown,TUNE_THRESHOLD,EXPLORE_DATA,MIXED,TUNING,MEDIUM
Isabel,codap_28apr,frame_0070,1877.2,motion_only_fallback,2.8447,unknown,TUNE_THRESHOLD,,MIXED,TUNING,HIGH
Isabel,codap_28apr,frame_0071,1889.2,motion_only_fallback,14.3573,unknown,TUNE_THRESHOLD,,MIXED,TUNING,HIGH
Isabel,codap_28apr,frame_0072,1913.6,motion_only_fallback,3.2922,unknown,TUNE_THRESHOLD,EXPLORE_DATA,MIXED,TUNING,MEDIUM
Isabel,codap_28apr,frame_0073,1916.6,motion_only_fallback,2.4986,unknown,TUNE_THRESHOLD,,MIXED,TUNING,MEDIUM
Isabel,codap_28apr,frame_0074,1921.3,motion_only_fallback,0.9767,unknown,BUILD_TREE,EXPLORE_DATA,MIXED,BUILDING,HIGH
Isabel,codap_28apr,frame_0075,1925.6,motion_only_fallback,2.5231,unknown,TUNE_THRESHOLD,EXPLORE_DATA,MIXED,TUNING,MEDIUM
Isabel,codap_28apr,frame_0076,1929.3,motion_only_fallback,0.9234,unknown,TUNE_THRESHOLD,EXPLORE_DATA,MIXED,TUNING,MEDIUM
Isabel,codap_28apr,frame_0077,1940.9,motion_only_fallback,0.8067,unknown,TUNE_THRESHOLD,EXPLORE_DATA,MIXED,TUNING,MEDIUM
Isabel,codap_28apr,frame_0078,1942.0,motion_only_fallback,3.3277,unknown,TUNE_THRESHOLD,EXPLORE_DATA,MIXED,TUNING,HIGH
Isabel,codap_28apr,frame_0079,1947.6,motion_only_fallback,3.4217,unknown,TUNE_THRESHOLD,EXPLORE_DATA,MIXED,TUNING,HIGH
Isabel,codap_28apr,frame_0080,2038.1,silent_screen_gap_fill,,unknown,TUNE_THRESHOLD,EXPLORE_DATA,MIXED,TUNING,MEDIUM
Isabel,codap_28apr,frame_0081,2049.6,motion_only_fallback,0.8758,unknown,TUNE_THRESHOLD,EXPLORE_DATA,MIXED,TUNING,MEDIUM
Isabel,codap_28apr,frame_0082,2060.1,motion_only_fallback,14.3285,unknown,TUNE_THRESHOLD,EXPLORE_DATA,MIXED,TUNING,MEDIUM
Isabel,codap_28apr,frame_0083,2070.4,motion_only_fallback,2.1171,unknown,COMPARE_MODELS,EXPLORE_DATA,MIXED,EVALUATING,HIGH
Isabel,codap_28apr,frame_0084,2094.6,motion_only_fallback,2.2195,unknown,TUNE_THRESHOLD,EXPLORE_DATA,MIXED,TUNING,MEDIUM
Isabel,codap_28apr,frame_0085,2156.1,motion_only_fallback,1.3169,unknown,COMPARE_MODELS,,MIXED,EVALUATING,HIGH
Isabel,codap_28apr,frame_0086,2160.4,motion_only_fallback,1.4535,unknown,TUNE_THRESHOLD,,MIXED,TUNING,MEDIUM
Isabel,codap_28apr,frame_0087,2211.5,motion_only_fallback,86.2099,unknown,EXPLORE_DATA,,MENU,SETUP,HIGH
Isabel,codap_28apr,frame_0088,2213.2,motion_only_fallback,2.3846,unknown,EXPLORE_DATA,,MENU,SETUP,HIGH
Isabel,codap_28apr,frame_0089,2216.5,motion_only_fallback,9.2654,unknown,TUNE_THRESHOLD,EXPLORE_DATA,MIXED,TUNING,MEDIUM
Isabel,codap_28apr,frame_0090,2265.0,motion_only_fallback,5.1997,unknown,TUNE_THRESHOLD,EXPLORE_DATA,MIXED,TUNING,MEDIUM
Isabel,codap_28apr,frame_0091,2355.6,silent_screen_gap_fill,,unknown,TUNE_THRESHOLD,EXPLORE_DATA,MIXED,TUNING,MEDIUM
Isabel,codap_28apr,frame_0092,2446.0,silent_screen_gap_fill,,unknown,TUNE_THRESHOLD,EXPLORE_DATA,MIXED,TUNING,MEDIUM
Isabel,codap_28apr,frame_0093,2536.6,silent_screen_gap_fill,,unknown,TUNE_THRESHOLD,EXPLORE_DATA,MIXED,TUNING,MEDIUM
Isabel,codap_28apr,frame_0094,2627.1,silent_screen_gap_fill,,unknown,TUNE_THRESHOLD,EXPLORE_DATA,MIXED,TUNING,MEDIUM
Isabel,codap_28apr,frame_0095,2717.7,silent_screen_gap_fill,,unknown,TUNE_THRESHOLD,EXPLORE_DATA,MIXED,TUNING,MEDIUM
Isabel,codap_28apr,frame_0096,2808.1,silent_screen_gap_fill,,unknown,TUNE_THRESHOLD,EXPLORE_DATA,MIXED,TUNING,MEDIUM
Isabel,codap_28apr,frame_0097,2892.7,motion_only_fallback,17.2714,unknown,TUNE_THRESHOLD,EXPLORE_DATA,MIXED,TUNING,MEDIUM
Isabel,codap_28apr,frame_0098,2933.6,motion_only_fallback,7.1329,unknown,EXPLORE_DATA,TUNE_THRESHOLD,MIXED,SETUP,MEDIUM
Isabel,codap_28apr,frame_0099,2935.8,motion_only_fallback,7.1246,unknown,EXPLORE_DATA,TUNE_THRESHOLD,MIXED,SETUP,MEDIUM
Isabel,codap_28apr,frame_0100,2939.6,motion_only_fallback,2.1138,unknown,EXPLORE_DATA,,MIXED,SETUP,MEDIUM
Isabel,codap_28apr,frame_0101,2947.2,motion_only_fallback,13.7722,unknown,TUNE_THRESHOLD,EXPLORE_DATA,MIXED,TUNING,MEDIUM
Isabel,codap_28apr,frame_0102,2949.6,motion_only_fallback,14.5407,unknown,TUNE_THRESHOLD,EXPLORE_DATA,MIXED,TUNING,MEDIUM
Isabel,codap_28apr,frame_0103,2951.7,motion_only_fallback,3.9753,unknown,EXPLORE_DATA,,MENU,SETUP,MEDIUM
Isabel,codap_28apr,frame_0104,2967.1,motion_only_fallback,7.0797,unknown,EXPLORE_DATA,,MIXED,SETUP,MEDIUM
Isabel,codap_28apr,frame_0105,2975.7,motion_only_fallback,14.1676,unknown,EXPLORE_DATA,,MIXED,SETUP,MEDIUM
Isabel,codap_28apr,frame_0106,3066.6,silent_screen_gap_fill,,unknown,TUNE_THRESHOLD,EXPLORE_DATA,MIXED,TUNING,MEDIUM
Isabel,codap_28apr,frame_0107,3156.9,silent_screen_gap_fill,,unknown,TUNE_THRESHOLD,EXPLORE_DATA,MIXED,TUNING,MEDIUM
Isabel,codap_28apr,frame_0108,3247.6,silent_screen_gap_fill,,unknown,TUNE_THRESHOLD,EXPLORE_DATA,MIXED,TUNING,MEDIUM
Isabel,codap_28apr,frame_0109,3338.0,silent_screen_gap_fill,,unknown,TUNE_THRESHOLD,EXPLORE_DATA,MIXED,TUNING,MEDIUM
Isabel,codap_28apr,frame_0110,3428.7,silent_screen_gap_fill,,unknown,TUNE_THRESHOLD,,MIXED,TUNING,MEDIUM
Isabel,codap_28apr,frame_0111,3519.1,silent_screen_gap_fill,,unknown,TUNE_THRESHOLD,EXPLORE_DATA,MIXED,TUNING,MEDIUM
Isabel,codap_28apr,frame_0112,3609.7,silent_screen_gap_fill,,unknown,TUNE_THRESHOLD,EXPLORE_DATA,MIXED,TUNING,MEDIUM
Isabel,codap_28apr,frame_0113,3699.8,silent_screen_gap_fill,,unknown,TUNE_THRESHOLD,EXPLORE_DATA,MIXED,TUNING,MEDIUM
Isabel,codap_28apr,frame_0114,3790.8,silent_screen_gap_fill,,unknown,TUNE_THRESHOLD,EVALUATE_MODEL,MIXED,TUNING,MEDIUM
Isabel,codap_28apr,frame_0115,3881.2,silent_screen_gap_fill,,unknown,TUNE_THRESHOLD,EXPLORE_DATA,MIXED,TUNING,MEDIUM
Isabel,codap_28apr,frame_0116,3888.6,motion_only_fallback,2.1445,unknown,TUNE_THRESHOLD,EXPLORE_DATA,MIXED,TUNING,MEDIUM
Isabel,codap_28apr,frame_0117,3890.1,motion_only_fallback,2.0639,unknown,TUNE_THRESHOLD,EXPLORE_DATA,MIXED,TUNING,MEDIUM
Isabel,codap_28apr,frame_0118,3895.7,motion_only_fallback,66.5106,unknown,TUNE_THRESHOLD,EXPLORE_DATA,MIXED,TUNING,MEDIUM
Isabel,codap_28apr,frame_0119,3900.4,motion_only_fallback,2.1204,unknown,TUNE_THRESHOLD,EXPLORE_DATA,MIXED,TUNING,MEDIUM
Isabel,codap_28apr,frame_0120,3901.5,motion_only_fallback,8.2467,unknown,TUNE_THRESHOLD,EXPLORE_DATA,MIXED,TUNING,MEDIUM
Isabel,codap_28apr,frame_0121,3905.8,motion_only_fallback,8.1738,unknown,TUNE_THRESHOLD,EXPLORE_DATA,MIXED,TUNING,MEDIUM
Isabel,codap_28apr,frame_0122,3907.1,motion_only_fallback,2.985,unknown,TUNE_THRESHOLD,EXPLORE_DATA,MIXED,TUNING,MEDIUM
Isabel,codap_28apr,frame_0123,3908.1,motion_only_fallback,1.1337,unknown,EXPLORE_DATA,,MENU,SETUP,MEDIUM
Isabel,codap_28apr,frame_0124,3914.0,motion_only_fallback,0.9122,unknown,EXPLORE_DATA,,MENU,SETUP,MEDIUM
Isabel,codap_28apr,frame_0125,3915.9,motion_only_fallback,0.8846,unknown,EXPLORE_DATA,,MIXED,SETUP,MEDIUM
Isabel,codap_28apr,frame_0126,3921.6,motion_only_fallback,16.8881,unknown,TUNE_THRESHOLD,EXPLORE_DATA,MIXED,TUNING,MEDIUM
Isabel,codap_28apr,frame_0127,3949.0,motion_only_fallback,9.3108,unknown,TUNE_THRESHOLD,EXPLORE_DATA,MIXED,TUNING,MEDIUM
Isabel,codap_28apr,frame_0128,3951.5,motion_only_fallback,2.7247,unknown,EVALUATE_MODEL,,MIXED,EVALUATING,MEDIUM
Isabel,codap_28apr,frame_0129,3952.7,motion_only_fallback,9.8694,unknown,OFF_TASK,,MIXED,IDLE,HIGH
Isabel,codap_28apr,frame_0130,3957.0,motion_only_fallback,10.0343,unknown,TUNE_THRESHOLD,EXPLORE_DATA,MIXED,TUNING,MEDIUM
Isabel,codap_28apr,frame_0131,3958.3,motion_only_fallback,24.6399,unknown,EXPLORE_DATA,,MIXED,SETUP,MEDIUM
Isabel,codap_28apr,frame_0132,3961.5,motion_only_fallback,7.9012,unknown,EXPLORE_DATA,,MENU,SETUP,MEDIUM
Isabel,codap_28apr,frame_0133,3964.5,motion_only_fallback,0.9425,unknown,TUNE_THRESHOLD,EXPLORE_DATA,MIXED,TUNING,MEDIUM
Isabel,codap_28apr,frame_0134,3966.6,motion_only_fallback,4.9902,unknown,TUNE_THRESHOLD,EXPLORE_DATA,MIXED,TUNING,MEDIUM
Isabel,codap_28apr,frame_0135,3968.1,motion_only_fallback,2.2278,unknown,IDLE_THINKING,,MIXED,IDLE,MEDIUM
Isabel,codap_28apr,frame_0136,3971.1,motion_only_fallback,0.983,unknown,TUNE_THRESHOLD,EXPLORE_DATA,MIXED,TUNING,MEDIUM
Isabel,codap_28apr,frame_0137,3972.2,motion_only_fallback,2.6935,unknown,TUNE_THRESHOLD,EXPLORE_DATA,MIXED,TUNING,MEDIUM
Isabel,codap_28apr,frame_0138,3981.1,motion_only_fallback,2.6775,unknown,TUNE_THRESHOLD,EXPLORE_DATA,MIXED,TUNING,MEDIUM
Isabel,codap_28apr,frame_0139,3985.6,motion_only_fallback,3.6611,unknown,TUNE_THRESHOLD,EXPLORE_DATA,MIXED,TUNING,MEDIUM
Isabel,codap_28apr,frame_0140,3995.5,motion_only_fallback,1.5611,unknown,EXPLORE_DATA,,MIXED,SETUP,MEDIUM
Isabel,codap_28apr,frame_0141,4002.7,motion_only_fallback,0.8216,unknown,EXPLORE_DATA,,MENU,SETUP,MEDIUM
Isabel,codap_28apr,frame_0142,4005.1,motion_only_fallback,2.2814,unknown,EXPLORE_DATA,,MIXED,SETUP,MEDIUM
Isabel,codap_28apr,frame_0143,4007.7,motion_only_fallback,1.3563,unknown,TUNE_THRESHOLD,EXPLORE_DATA,MIXED,TUNING,MEDIUM
Isabel,codap_28apr,frame_0144,4010.4,motion_only_fallback,1.4286,unknown,EXPLORE_DATA,TUNE_THRESHOLD,MIXED,SETUP,MEDIUM
Isabel,codap_28apr,frame_0145,4014.6,motion_only_fallback,6.1136,unknown,TUNE_THRESHOLD,EXPLORE_DATA,MIXED,TUNING,MEDIUM
Isabel,codap_28apr,frame_0146,4028.7,motion_only_fallback,2.6061,unknown,TUNE_THRESHOLD,EXPLORE_DATA,MIXED,TUNING,MEDIUM
Isabel,codap_28apr,frame_0147,4037.3,motion_only_fallback,1.2052,unknown,TUNE_THRESHOLD,EXPLORE_DATA,MIXED,TUNING,MEDIUM
Isabel,codap_28apr,frame_0148,4042.2,motion_only_fallback,1.3414,unknown,BUILD_TREE,EXPLORE_DATA,MIXED,BUILDING,HIGH
Isabel,codap_28apr,frame_0149,4046.1,motion_only_fallback,12.7745,unknown,BUILD_TREE,EXPLORE_DATA,MIXED,BUILDING,HIGH
Isabel,codap_28apr,frame_0150,4052.3,motion_only_fallback,1.3642,unknown,TUNE_THRESHOLD,,MIXED,TUNING,MEDIUM
Isabel,codap_28apr,frame_0151,4054.1,motion_only_fallback,3.4408,unknown,TUNE_THRESHOLD,,MIXED,TUNING,HIGH
Isabel,codap_28apr,frame_0152,4062.7,motion_only_fallback,8.4219,unknown,BUILD_TREE,EXPLORE_DATA,MIXED,BUILDING,MEDIUM
Isabel,codap_28apr,frame_0153,4065.9,motion_only_fallback,3.3306,unknown,TUNE_THRESHOLD,,MIXED,TUNING,HIGH
Isabel,codap_28apr,frame_0154,4078.6,motion_only_fallback,1.3607,unknown,TUNE_THRESHOLD,EXPLORE_DATA,MIXED,TUNING,MEDIUM
Isabel,codap_28apr,frame_0155,4099.8,motion_only_fallback,3.1346,unknown,TUNE_THRESHOLD,EXPLORE_DATA,MIXED,TUNING,MEDIUM
Isabel,codap_28apr,frame_0156,4105.3,motion_only_fallback,2.4628,unknown,TUNE_THRESHOLD,EXPLORE_DATA,MIXED,TUNING,MEDIUM
Isabel,codap_28apr,frame_0157,4109.1,motion_only_fallback,3.2894,unknown,EXPLORE_DATA,,MIXED,SETUP,MEDIUM
Isabel,codap_28apr,frame_0158,4113.2,motion_only_fallback,1.336,unknown,TUNE_THRESHOLD,EXPLORE_DATA,MIXED,TUNING,MEDIUM
Isabel,codap_28apr,frame_0159,4122.9,motion_only_fallback,1.4248,unknown,TUNE_THRESHOLD,EXPLORE_DATA,MIXED,TUNING,MEDIUM
Isabel,codap_28apr,frame_0160,4126.4,motion_only_fallback,3.3011,unknown,TUNE_THRESHOLD,EXPLORE_DATA,MIXED,TUNING,HIGH
Isabel,codap_28apr,frame_0161,4130.9,motion_only_fallback,3.3067,unknown,TUNE_THRESHOLD,EXPLORE_DATA,MIXED,TUNING,MEDIUM
Isabel,codap_28apr,frame_0162,4136.6,motion_only_fallback,3.5405,unknown,TUNE_THRESHOLD,EXPLORE_DATA,MIXED,TUNING,MEDIUM
Isabel,codap_28apr,frame_0163,4138.1,motion_only_fallback,1.7809,unknown,TUNE_THRESHOLD,EXPLORE_DATA,MIXED,TUNING,MEDIUM
Isabel,codap_28apr,frame_0164,4139.4,motion_only_fallback,2.053,unknown,TUNE_THRESHOLD,EXPLORE_DATA,MIXED,TUNING,MEDIUM
Isabel,codap_28apr,frame_0165,4148.2,motion_only_fallback,2.087,unknown,TUNE_THRESHOLD,EXPLORE_DATA,MIXED,TUNING,MEDIUM
Isabel,codap_28apr,frame_0166,4151.6,motion_only_fallback,1.6294,unknown,TUNE_THRESHOLD,EXPLORE_DATA,MIXED,TUNING,MEDIUM
Isabel,codap_28apr,frame_0167,4153.5,motion_only_fallback,1.6385,unknown,TUNE_THRESHOLD,EXPLORE_DATA,MIXED,TUNING,MEDIUM
Isabel,codap_28apr,frame_0168,4156.1,motion_only_fallback,1.4533,unknown,TUNE_THRESHOLD,EXPLORE_DATA,MIXED,TUNING,MEDIUM
Isabel,codap_28apr,frame_0169,4159.1,motion_only_fallback,2.5177,unknown,TUNE_THRESHOLD,EXPLORE_DATA,MIXED,TUNING,MEDIUM
Isabel,codap_28apr,frame_0170,4161.4,motion_only_fallback,4.5995,unknown,TUNE_THRESHOLD,EXPLORE_DATA,MIXED,TUNING,MEDIUM
Isabel,codap_28apr,frame_0171,4191.5,motion_only_fallback,2.1493,unknown,TUNE_THRESHOLD,EXPLORE_DATA,MIXED,TUNING,MEDIUM
Isabel,codap_28apr,frame_0172,4199.1,motion_only_fallback,1.9792,unknown,TUNE_THRESHOLD,EXPLORE_DATA,MIXED,TUNING,MEDIUM
Isabel,codap_28apr,frame_0173,4200.3,motion_only_fallback,1.6943,unknown,TUNE_THRESHOLD,EXPLORE_DATA,MIXED,TUNING,MEDIUM
Isabel,codap_28apr,frame_0174,4201.8,motion_only_fallback,2.9321,unknown,TUNE_THRESHOLD,EXPLORE_DATA,MIXED,TUNING,MEDIUM
Isabel,codap_28apr,frame_0175,4206.8,motion_only_fallback,2.7687,unknown,TUNE_THRESHOLD,EXPLORE_DATA,MIXED,TUNING,MEDIUM
Isabel,codap_28apr,frame_0176,4208.7,motion_only_fallback,1.8983,unknown,TUNE_THRESHOLD,EXPLORE_DATA,MIXED,TUNING,MEDIUM
Isabel,codap_28apr,frame_0177,4212.0,motion_only_fallback,1.8889,unknown,TUNE_THRESHOLD,EXPLORE_DATA,MIXED,TUNING,MEDIUM
Isabel,codap_28apr,frame_0178,4217.6,motion_only_fallback,11.6427,unknown,EXPLORE_DATA,TUNE_THRESHOLD,MIXED,SETUP,MEDIUM
Isabel,codap_28apr,frame_0179,4219.6,motion_only_fallback,1.7953,unknown,TUNE_THRESHOLD,EXPLORE_DATA,MIXED,TUNING,MEDIUM
Isabel,codap_28apr,frame_0180,4221.7,motion_only_fallback,2.7394,unknown,TUNE_THRESHOLD,EXPLORE_DATA,MIXED,TUNING,MEDIUM
Isabel,codap_28apr,frame_0181,4223.5,motion_only_fallback,1.7695,unknown,TUNE_THRESHOLD,EXPLORE_DATA,MIXED,TUNING,MEDIUM
Isabel,codap_28apr,frame_0182,4244.8,motion_only_fallback,3.1624,unknown,TUNE_THRESHOLD,EXPLORE_DATA,MIXED,TUNING,MEDIUM
Isabel,codap_28apr,frame_0183,4246.0,motion_only_fallback,3.771,unknown,TUNE_THRESHOLD,EXPLORE_DATA,MIXED,TUNING,MEDIUM
Isabel,codap_28apr,frame_0184,4257.1,motion_only_fallback,2.1547,unknown,IDLE_THINKING,,MIXED,IDLE,MEDIUM
Isabel,codap_28apr,frame_0185,4258.6,motion_only_fallback,3.2251,unknown,EXPLORE_DATA,,MENU,SETUP,HIGH
Isabel,codap_28apr,frame_0186,4259.6,motion_only_fallback,2.9211,unknown,EXPLORE_DATA,,MENU,SETUP,HIGH
Isabel,codap_28apr,frame_0187,4262.4,motion_only_fallback,4.5775,unknown,TUNE_THRESHOLD,EXPLORE_DATA,MIXED,TUNING,MEDIUM
Isabel,codap_28apr,frame_0188,4279.8,motion_only_fallback,7.7942,unknown,TUNE_THRESHOLD,EXPLORE_DATA,MIXED,TUNING,MEDIUM
Isabel,codap_28apr,frame_0189,4296.4,motion_only_fallback,3.1761,unknown,TUNE_THRESHOLD,EXPLORE_DATA,MIXED,TUNING,MEDIUM
Isabel,codap_28apr,frame_0190,4386.8,silent_screen_gap_fill,,unknown,TUNE_THRESHOLD,EXPLORE_DATA,MIXED,TUNING,MEDIUM
Isabel,codap_28apr,frame_0191,4477.2,silent_screen_gap_fill,,unknown,TUNE_THRESHOLD,EXPLORE_DATA,MIXED,TUNING,MEDIUM
Isabel,codap_28apr,frame_0192,4504.7,motion_only_fallback,70.1316,unknown,EXPLORE_DATA,,MENU,SETUP,MEDIUM
Isabel,codap_28apr,frame_0193,4512.4,motion_only_fallback,69.5899,unknown,TUNE_THRESHOLD,EXPLORE_DATA,MIXED,TUNING,MEDIUM
Isabel,codap_28apr,frame_0194,4529.4,motion_only_fallback,86.1213,unknown,EXPLORE_DATA,,MENU,SETUP,HIGH
Isabel,codap_28apr,frame_0195,4530.9,motion_only_fallback,12.3744,unknown,TUNE_THRESHOLD,EXPLORE_DATA,MIXED,TUNING,MEDIUM
Marco,codap_28apr,frame_0001,1.6,motion_only_fallback,4.332,unknown,OFF_TASK,,MENU,IDLE,MEDIUM
Marco,codap_28apr,frame_0002,9.9,motion_only_fallback,1.1215,unknown,OFF_TASK,,MIXED,IDLE,HIGH
Marco,codap_28apr,frame_0003,41.8,motion_only_fallback,26.9875,unknown,EXPLORE_DATA,,MENU,SETUP,MEDIUM
Marco,codap_28apr,frame_0004,53.2,motion_only_fallback,9.5463,unknown,OFF_TASK,,MENU,IDLE,HIGH
Marco,codap_28apr,frame_0005,61.4,motion_only_fallback,2.9979,unknown,OFF_TASK,,MENU,IDLE,HIGH
Marco,codap_28apr,frame_0006,62.5,motion_only_fallback,1.1906,unknown,OFF_TASK,,MENU,IDLE,HIGH
Marco,codap_28apr,frame_0007,77.3,motion_only_fallback,34.1943,unknown,OFF_TASK,,MENU,IDLE,HIGH
Marco,codap_28apr,frame_0008,111.5,motion_only_fallback,10.3416,unknown,OFF_TASK,,MENU,IDLE,HIGH
Marco,codap_28apr,frame_0009,137.0,motion_only_fallback,3.3414,unknown,OFF_TASK,,MENU,IDLE,HIGH
Marco,codap_28apr,frame_0010,139.4,motion_only_fallback,0.8764,unknown,OFF_TASK,,MIXED,IDLE,MEDIUM
Marco,codap_28apr,frame_0011,142.9,motion_only_fallback,35.2076,unknown,OFF_TASK,,MENU,IDLE,MEDIUM
Marco,codap_28apr,frame_0012,148.2,motion_only_fallback,2.9109,unknown,EXPLORE_DATA,,TREE,SETUP,MEDIUM
Marco,codap_28apr,frame_0013,153.3,motion_only_fallback,2.4734,unknown,EXPLORE_DATA,,MENU,SETUP,MEDIUM
Marco,codap_28apr,frame_0014,154.6,motion_only_fallback,4.4554,unknown,EXPLORE_DATA,,TREE,SETUP,HIGH
Marco,codap_28apr,frame_0015,156.5,motion_only_fallback,36.0733,unknown,EXPLORE_DATA,,MENU,SETUP,MEDIUM
Marco,codap_28apr,frame_0016,157.8,motion_only_fallback,4.8227,unknown,OFF_TASK,,MIXED,IDLE,MEDIUM
Marco,codap_28apr,frame_0017,160.3,motion_only_fallback,9.6416,unknown,EXPLORE_DATA,,MENU,SETUP,MEDIUM
Marco,codap_28apr,frame_0018,163.4,motion_only_fallback,2.1628,unknown,EXPLORE_DATA,,MENU,SETUP,MEDIUM
Marco,codap_28apr,frame_0019,164.5,motion_only_fallback,33.8003,unknown,EXPLORE_DATA,,TREE,SETUP,MEDIUM
Marco,codap_28apr,frame_0020,167.8,motion_only_fallback,34.1528,unknown,EXPLORE_DATA,,MENU,SETUP,MEDIUM
Marco,codap_28apr,frame_0021,186.2,motion_only_fallback,2.3598,unknown,EXPLORE_DATA,,TREE,SETUP,MEDIUM
Marco,codap_28apr,frame_0022,188.3,motion_only_fallback,34.5004,unknown,EXPLORE_DATA,,MENU,SETUP,MEDIUM
Marco,codap_28apr,frame_0023,190.5,motion_only_fallback,2.6447,unknown,EXPLORE_DATA,,TREE,SETUP,MEDIUM
Marco,codap_28apr,frame_0024,192.6,motion_only_fallback,13.4321,unknown,OFF_TASK,,MENU,IDLE,HIGH
Marco,codap_28apr,frame_0025,194.8,motion_only_fallback,14.1564,unknown,EXPLORE_DATA,,TREE,SETUP,HIGH
Marco,codap_28apr,frame_0026,197.3,motion_only_fallback,36.0694,unknown,OFF_TASK,,MENU,IDLE,MEDIUM
Marco,codap_28apr,frame_0027,199.8,motion_only_fallback,0.8511,unknown,OFF_TASK,,MENU,IDLE,HIGH
Marco,codap_28apr,frame_0028,216.9,motion_only_fallback,36.0853,unknown,OFF_TASK,,MENU,IDLE,HIGH
Marco,codap_28apr,frame_0029,220.5,motion_only_fallback,0.8021,unknown,EXPLORE_DATA,,TREE,SETUP,MEDIUM
Marco,codap_28apr,frame_0030,221.8,motion_only_fallback,36.0569,unknown,OFF_TASK,,MENU,IDLE,MEDIUM
Marco,codap_28apr,frame_0031,239.9,motion_only_fallback,1.952,unknown,IDLE_THINKING,,TREE,IDLE,MEDIUM
Marco,codap_28apr,frame_0032,246.5,motion_only_fallback,2.0264,unknown,EXPLORE_DATA,,MENU,SETUP,MEDIUM
Marco,codap_28apr,frame_0033,252.1,motion_only_fallback,2.3131,unknown,OFF_TASK,,MENU,IDLE,HIGH
Marco,codap_28apr,frame_0034,253.9,motion_only_fallback,0.8582,unknown,OFF_TASK,,MENU,IDLE,HIGH
Marco,codap_28apr,frame_0035,258.8,motion_only_fallback,13.832,unknown,OFF_TASK,,MENU,IDLE,HIGH
Marco,codap_28apr,frame_0036,262.5,motion_only_fallback,30.8223,unknown,OFF_TASK,,MIXED,IDLE,MEDIUM
Marco,codap_28apr,frame_0037,264.0,motion_only_fallback,3.5575,unknown,EXPLORE_DATA,,MENU,SETUP,MEDIUM
Marco,codap_28apr,frame_0038,265.4,motion_only_fallback,2.874,unknown,EXPLORE_DATA,,TREE,SETUP,HIGH
Marco,codap_28apr,frame_0039,275.8,motion_only_fallback,28.7245,unknown,OFF_TASK,,MENU,IDLE,HIGH
Marco,codap_28apr,frame_0040,283.4,motion_only_fallback,35.5706,unknown,OFF_TASK,,MENU,IDLE,MEDIUM
Marco,codap_28apr,frame_0041,285.7,motion_only_fallback,6.2255,unknown,EXPLORE_DATA,,CODAP,SETUP,MEDIUM
Marco,codap_28apr,frame_0042,292.8,motion_only_fallback,1.9483,unknown,EXPLORE_DATA,EXPLORE_DATA,MIXED,SETUP,HIGH
Marco,codap_28apr,frame_0043,298.2,motion_only_fallback,0.968,unknown,EXPLORE_DATA,EXPLORE_DATA,MIXED,SETUP,HIGH
Marco,codap_28apr,frame_0044,333.5,motion_only_fallback,0.8451,unknown,EXPLORE_DATA,,MIXED,SETUP,MEDIUM
Marco,codap_28apr,frame_0045,336.8,motion_only_fallback,0.9068,unknown,EXPLORE_DATA,EXPLORE_DATA,MIXED,SETUP,HIGH
Marco,codap_28apr,frame_0046,358.9,motion_only_fallback,1.2809,unknown,EXPLORE_DATA,EXPLORE_DATA,MIXED,SETUP,HIGH
Marco,codap_28apr,frame_0047,370.1,motion_only_fallback,0.8349,unknown,EXPLORE_DATA,EXPLORE_DATA,MIXED,SETUP,MEDIUM
Marco,codap_28apr,frame_0048,460.2,silent_screen_gap_fill,,unknown,EXPLORE_DATA,EXPLORE_DATA,MIXED,SETUP,MEDIUM
Marco,codap_28apr,frame_0049,478.5,motion_only_fallback,1.6844,unknown,EXPLORE_DATA,EXPLORE_DATA,MIXED,SETUP,HIGH
Marco,codap_28apr,frame_0050,506.4,motion_only_fallback,4.3152,unknown,EXPLORE_DATA,EXPLORE_DATA,MIXED,SETUP,HIGH
Marco,codap_28apr,frame_0051,514.9,motion_only_fallback,1.2321,unknown,EXPLORE_DATA,,MIXED,SETUP,HIGH
Marco,codap_28apr,frame_0052,516.8,motion_only_fallback,2.0864,unknown,EXPLORE_DATA,EXPLORE_DATA,MIXED,SETUP,HIGH
Marco,codap_28apr,frame_0053,518.1,motion_only_fallback,1.4032,unknown,EXPLORE_DATA,SELECT_TARGET,MIXED,SETUP,HIGH
Marco,codap_28apr,frame_0054,525.8,motion_only_fallback,2.0172,unknown,EXPLORE_DATA,EXPLORE_DATA,MIXED,SETUP,HIGH
Marco,codap_28apr,frame_0055,529.4,motion_only_fallback,2.2191,unknown,EXPLORE_DATA,EXPLORE_DATA,MIXED,SETUP,HIGH
Marco,codap_28apr,frame_0056,534.7,motion_only_fallback,1.9805,unknown,EXPLORE_DATA,,MENU,SETUP,MEDIUM
Marco,codap_28apr,frame_0057,597.5,motion_only_fallback,1.5814,unknown,EXPLORE_DATA,,MENU,SETUP,MEDIUM
Marco,codap_28apr,frame_0058,599.4,motion_only_fallback,2.8104,unknown,EXPLORE_DATA,,MIXED,SETUP,HIGH
Marco,codap_28apr,frame_0059,605.7,motion_only_fallback,2.2361,unknown,EXPLORE_DATA,EXPLORE_DATA,MIXED,SETUP,HIGH
Marco,codap_28apr,frame_0060,606.9,motion_only_fallback,1.1495,unknown,EXPLORE_DATA,EXPLORE_DATA,MIXED,SETUP,MEDIUM
Marco,codap_28apr,frame_0061,610.2,motion_only_fallback,6.0951,unknown,EXPLORE_DATA,,MIXED,SETUP,MEDIUM
Marco,codap_28apr,frame_0062,629.3,motion_only_fallback,10.8549,unknown,EXPLORE_DATA,EXPLORE_DATA,MIXED,SETUP,HIGH
Marco,codap_28apr,frame_0063,635.6,motion_only_fallback,1.0731,unknown,EXPLORE_DATA,,MENU,SETUP,MEDIUM
Marco,codap_28apr,frame_0064,642.4,motion_only_fallback,60.6412,unknown,EXPLORE_DATA,EXPLORE_DATA,MIXED,SETUP,HIGH
Marco,codap_28apr,frame_0065,710.8,motion_only_fallback,3.7278,unknown,TUNE_THRESHOLD,,MIXED,TUNING,MEDIUM
Marco,codap_28apr,frame_0066,740.3,motion_only_fallback,1.9809,unknown,EXPLORE_DATA,,MIXED,SETUP,MEDIUM
Marco,codap_28apr,frame_0067,803.2,motion_only_fallback,0.8638,unknown,EXPLORE_DATA,,MIXED,SETUP,MEDIUM
Marco,codap_28apr,frame_0068,813.3,motion_only_fallback,0.8877,unknown,EXPLORE_DATA,,MIXED,SETUP,MEDIUM
Marco,codap_28apr,frame_0069,815.6,motion_only_fallback,0.849,unknown,EXPLORE_DATA,,MIXED,SETUP,MEDIUM
Marco,codap_28apr,frame_0070,820.7,motion_only_fallback,4.5231,unknown,BUILD_TREE,EXPLORE_DATA,MIXED,BUILDING,MEDIUM
Marco,codap_28apr,frame_0071,858.8,motion_only_fallback,1.3013,unknown,EXPLORE_DATA,,MIXED,SETUP,MEDIUM
Marco,codap_28apr,frame_0072,859.9,motion_only_fallback,1.1308,unknown,EXPLORE_DATA,,MIXED,SETUP,MEDIUM
Marco,codap_28apr,frame_0073,861.0,motion_only_fallback,1.228,unknown,EXPLORE_DATA,,MIXED,SETUP,MEDIUM
Marco,codap_28apr,frame_0074,871.8,motion_only_fallback,2.7112,unknown,EXPLORE_DATA,,MIXED,SETUP,MEDIUM
Marco,codap_28apr,frame_0075,935.8,motion_only_fallback,1.8916,unknown,BUILD_TREE,EXPLORE_DATA,MIXED,BUILDING,HIGH
Marco,codap_28apr,frame_0076,955.3,motion_only_fallback,3.4267,unknown,TUNE_THRESHOLD,EXPLORE_DATA,MIXED,TUNING,HIGH
Marco,codap_28apr,frame_0077,973.3,motion_only_fallback,3.4144,unknown,TUNE_THRESHOLD,EXPLORE_DATA,MIXED,TUNING,MEDIUM
Marco,codap_28apr,frame_0078,1025.0,motion_only_fallback,3.9757,unknown,EXPLORE_DATA,,MIXED,SETUP,MEDIUM
Marco,codap_28apr,frame_0079,1026.4,motion_only_fallback,5.5351,unknown,TUNE_THRESHOLD,EXPLORE_DATA,MIXED,TUNING,MEDIUM
Marco,codap_28apr,frame_0080,1032.3,motion_only_fallback,0.9331,unknown,TUNE_THRESHOLD,EXPLORE_DATA,MIXED,TUNING,MEDIUM
Marco,codap_28apr,frame_0081,1042.4,motion_only_fallback,2.1489,unknown,EVALUATE_MODEL,EXPLORE_DATA,MIXED,EVALUATING,MEDIUM
Marco,codap_28apr,frame_0082,1075.4,motion_only_fallback,1.0361,unknown,EXPLORE_DATA,,MENU,SETUP,HIGH
Marco,codap_28apr,frame_0083,1082.9,motion_only_fallback,67.9203,unknown,TUNE_THRESHOLD,EXPLORE_DATA,MIXED,TUNING,MEDIUM
Marco,codap_28apr,frame_0084,1088.7,motion_only_fallback,2.5802,unknown,EXPLORE_DATA,,MENU,SETUP,MEDIUM
Marco,codap_28apr,frame_0085,1102.9,motion_only_fallback,3.1474,unknown,OFF_TASK,,MENU,IDLE,HIGH
Marco,codap_28apr,frame_0086,1106.3,motion_only_fallback,36.9952,unknown,OFF_TASK,,MENU,IDLE,HIGH
Marco,codap_28apr,frame_0087,1107.3,motion_only_fallback,1.1649,unknown,EXPLORE_DATA,,CODAP,SETUP,MEDIUM
Marco,codap_28apr,frame_0088,1111.9,motion_only_fallback,5.961,unknown,OFF_TASK,,MIXED,IDLE,MEDIUM
Marco,codap_28apr,frame_0089,1113.1,motion_only_fallback,6.0469,unknown,EVALUATE_MODEL,EXPLORE_DATA,MIXED,EVALUATING,MEDIUM
Marco,codap_28apr,frame_0090,1188.5,motion_only_fallback,2.2701,unknown,TUNE_THRESHOLD,EXPLORE_DATA,MIXED,TUNING,MEDIUM
Marco,codap_28apr,frame_0091,1214.5,motion_only_fallback,0.918,unknown,EXPLORE_DATA,,MIXED,SETUP,MEDIUM
Marco,codap_28apr,frame_0092,1217.3,motion_only_fallback,0.9527,unknown,BUILD_TREE,EXPLORE_DATA,MIXED,BUILDING,HIGH
Marco,codap_28apr,frame_0093,1230.5,motion_only_fallback,2.0999,unknown,COMPARE_MODELS,,MIXED,EVALUATING,MEDIUM
Marco,codap_28apr,frame_0094,1240.8,motion_only_fallback,3.6078,unknown,COMPARE_MODELS,EXPLORE_DATA,MIXED,EVALUATING,MEDIUM
Marco,codap_28apr,frame_0095,1243.1,motion_only_fallback,0.9263,unknown,BUILD_TREE,,MIXED,BUILDING,MEDIUM
Marco,codap_28apr,frame_0096,1257.7,motion_only_fallback,0.9284,unknown,EXPLORE_DATA,,MIXED,SETUP,MEDIUM
Marco,codap_28apr,frame_0097,1260.2,motion_only_fallback,0.8275,unknown,BUILD_TREE,EXPLORE_DATA,MIXED,BUILDING,HIGH
Marco,codap_28apr,frame_0098,1271.0,motion_only_fallback,2.1306,unknown,EXPLORE_DATA,,MIXED,SETUP,MEDIUM
Marco,codap_28apr,frame_0099,1274.7,motion_only_fallback,3.5314,unknown,COMPARE_MODELS,EXPLORE_DATA,MIXED,EVALUATING,MEDIUM
Marco,codap_28apr,frame_0100,1289.4,motion_only_fallback,0.8559,unknown,COMPARE_MODELS,EXPLORE_DATA,MIXED,EVALUATING,MEDIUM
Marco,codap_28apr,frame_0101,1290.9,motion_only_fallback,0.8167,unknown,BUILD_TREE,EXPLORE_DATA,MIXED,BUILDING,HIGH
Marco,codap_28apr,frame_0102,1381.0,silent_screen_gap_fill,,unknown,COMPARE_MODELS,,MIXED,EVALUATING,MEDIUM
Marco,codap_28apr,frame_0103,1471.3,silent_screen_gap_fill,,unknown,COMPARE_MODELS,,MIXED,EVALUATING,HIGH
Marco,codap_28apr,frame_0104,1562.1,silent_screen_gap_fill,,unknown,COMPARE_MODELS,EXPLORE_DATA,MIXED,EVALUATING,MEDIUM
Marco,codap_28apr,frame_0105,1652.4,silent_screen_gap_fill,,unknown,COMPARE_MODELS,EXPLORE_DATA,MIXED,EVALUATING,MEDIUM
Marco,codap_28apr,frame_0106,1743.1,silent_screen_gap_fill,,unknown,COMPARE_MODELS,EXPLORE_DATA,MIXED,EVALUATING,MEDIUM
Marco,codap_28apr,frame_0107,1833.5,silent_screen_gap_fill,,unknown,COMPARE_MODELS,,MIXED,EVALUATING,MEDIUM
Marco,codap_28apr,frame_0108,1924.1,silent_screen_gap_fill,,unknown,COMPARE_MODELS,EXPLORE_DATA,MIXED,EVALUATING,MEDIUM
Marco,codap_28apr,frame_0109,2014.5,silent_screen_gap_fill,,unknown,COMPARE_MODELS,EXPLORE_DATA,MIXED,EVALUATING,MEDIUM
Marco,codap_28apr,frame_0110,2105.2,silent_screen_gap_fill,,unknown,COMPARE_MODELS,,MIXED,EVALUATING,MEDIUM
Marco,codap_28apr,frame_0111,2195.6,silent_screen_gap_fill,,unknown,COMPARE_MODELS,,MIXED,EVALUATING,HIGH
Marco,codap_28apr,frame_0112,2255.1,motion_only_fallback,0.9564,unknown,EXPLORE_DATA,,MIXED,SETUP,MEDIUM
Marco,codap_28apr,frame_0113,2267.3,motion_only_fallback,2.3752,unknown,OFF_TASK,,MENU,IDLE,HIGH
Marco,codap_28apr,frame_0114,2268.5,motion_only_fallback,9.7402,unknown,COMPARE_MODELS,,MIXED,EVALUATING,MEDIUM
Marco,codap_28apr,frame_0115,2359.4,silent_screen_gap_fill,,unknown,COMPARE_MODELS,,MIXED,EVALUATING,MEDIUM
Marco,codap_28apr,frame_0116,2450.1,silent_screen_gap_fill,,unknown,COMPARE_MODELS,,MIXED,EVALUATING,MEDIUM
Marco,codap_28apr,frame_0117,2540.2,silent_screen_gap_fill,,unknown,COMPARE_MODELS,,MIXED,EVALUATING,HIGH
Marco,codap_28apr,frame_0118,2631.1,silent_screen_gap_fill,,unknown,COMPARE_MODELS,,MIXED,EVALUATING,MEDIUM
Marco,codap_28apr,frame_0119,2633.2,motion_only_fallback,2.0413,unknown,COMPARE_MODELS,EXPLORE_DATA,MIXED,EVALUATING,MEDIUM
Marco,codap_28apr,frame_0120,2723.5,silent_screen_gap_fill,,unknown,TUNE_THRESHOLD,EXPLORE_DATA,MIXED,TUNING,MEDIUM
Marco,codap_28apr,frame_0121,2814.3,silent_screen_gap_fill,,unknown,COMPARE_MODELS,,MIXED,EVALUATING,MEDIUM
Marco,codap_28apr,frame_0122,2904.5,silent_screen_gap_fill,,unknown,COMPARE_MODELS,EXPLORE_DATA,MIXED,EVALUATING,MEDIUM
Marco,codap_28apr,frame_0123,2995.2,silent_screen_gap_fill,,unknown,TUNE_THRESHOLD,EXPLORE_DATA,MIXED,TUNING,MEDIUM
Marco,codap_28apr,frame_0124,3043.9,motion_only_fallback,2.3775,unknown,EXPLORE_DATA,,MIXED,SETUP,MEDIUM
Marco,codap_28apr,frame_0125,3046.0,motion_only_fallback,5.9923,unknown,COMPARE_MODELS,EXPLORE_DATA,MIXED,EVALUATING,MEDIUM
Marco,codap_28apr,frame_0126,3053.0,motion_only_fallback,3.2932,unknown,TUNE_THRESHOLD,,MIXED,TUNING,MEDIUM
Marco,codap_28apr,frame_0127,3062.5,motion_only_fallback,5.8416,unknown,COMPARE_MODELS,EXPLORE_DATA,MIXED,EVALUATING,MEDIUM
Marco,codap_28apr,frame_0128,3065.1,motion_only_fallback,6.0081,unknown,COMPARE_MODELS,,MIXED,EVALUATING,MEDIUM
Marco,codap_28apr,frame_0129,3155.7,silent_screen_gap_fill,,unknown,COMPARE_MODELS,EXPLORE_DATA,MIXED,EVALUATING,MEDIUM
Marco,codap_28apr,frame_0130,3246.4,silent_screen_gap_fill,,unknown,COMPARE_MODELS,EXPLORE_DATA,MIXED,EVALUATING,MEDIUM
Marco,codap_28apr,frame_0131,3336.8,silent_screen_gap_fill,,unknown,COMPARE_MODELS,,MIXED,EVALUATING,MEDIUM
Marco,codap_28apr,frame_0132,3427.5,silent_screen_gap_fill,,unknown,COMPARE_MODELS,,MIXED,EVALUATING,MEDIUM
Marco,codap_28apr,frame_0133,3517.9,silent_screen_gap_fill,,unknown,COMPARE_MODELS,EXPLORE_DATA,MIXED,EVALUATING,MEDIUM
Marco,codap_28apr,frame_0134,3608.5,silent_screen_gap_fill,,unknown,COMPARE_MODELS,EXPLORE_DATA,MIXED,EVALUATING,MEDIUM
Marco,codap_28apr,frame_0135,3699.2,silent_screen_gap_fill,,unknown,COMPARE_MODELS,EXPLORE_DATA,MIXED,EVALUATING,MEDIUM
Marco,codap_28apr,frame_0136,3780.5,motion_only_fallback,2.6312,unknown,COMPARE_MODELS,,MIXED,EVALUATING,MEDIUM
Marco,codap_28apr,frame_0137,3786.7,motion_only_fallback,0.9398,unknown,COMPARE_MODELS,EXPLORE_DATA,MIXED,EVALUATING,MEDIUM
Marco,codap_28apr,frame_0138,3876.9,silent_screen_gap_fill,,unknown,COMPARE_MODELS,,MIXED,EVALUATING,MEDIUM
Marco,codap_28apr,frame_0139,3967.5,silent_screen_gap_fill,,unknown,EXPLORE_DATA,,MIXED,SETUP,MEDIUM
Marco,codap_28apr,frame_0140,4057.9,silent_screen_gap_fill,,unknown,IDLE_THINKING,,MIXED,IDLE,MEDIUM
Marco,codap_28apr,frame_0141,4148.6,silent_screen_gap_fill,,unknown,COMPARE_MODELS,EXPLORE_DATA,MIXED,EVALUATING,MEDIUM
Marco,codap_28apr,frame_0142,4239.2,silent_screen_gap_fill,,unknown,TUNE_THRESHOLD,EXPLORE_DATA,MIXED,TUNING,MEDIUM
Marco,codap_28apr,frame_0143,4329.6,silent_screen_gap_fill,,unknown,COMPARE_MODELS,EXPLORE_DATA,MIXED,EVALUATING,MEDIUM
Marco,codap_28apr,frame_0144,4420.3,silent_screen_gap_fill,,unknown,COMPARE_MODELS,EXPLORE_DATA,MIXED,EVALUATING,MEDIUM
Marco,codap_28apr,frame_0145,4474.3,motion_only_fallback,2.767,unknown,COMPARE_MODELS,,MIXED,EVALUATING,MEDIUM
Marco,codap_28apr,frame_0146,4482.1,motion_only_fallback,68.1387,unknown,EXPLORE_DATA,,MENU,SETUP,MEDIUM
Marco,codap_28apr,frame_0147,4484.4,motion_only_fallback,68.0961,unknown,COMPARE_MODELS,EXPLORE_DATA,MIXED,EVALUATING,MEDIUM
Marco,codap_28apr,frame_0148,4487.2,motion_only_fallback,0.9869,unknown,COMPARE_MODELS,,MIXED,EVALUATING,MEDIUM
Marco,codap_28apr,frame_0149,4489.3,motion_only_fallback,1.6987,unknown,COMPARE_MODELS,,MIXED,EVALUATING,MEDIUM
Marco,codap_28apr,frame_0150,4490.8,motion_only_fallback,3.6773,unknown,EXPLORE_DATA,,MIXED,SETUP,LOW
Marco,codap_28apr,frame_0151,4521.5,motion_only_fallback,1.1454,unknown,EXPLORE_DATA,,MIXED,SETUP,MEDIUM
Marco,codap_28apr,frame_0152,4522.8,motion_only_fallback,1.0287,unknown,COMPARE_MODELS,,MIXED,EVALUATING,MEDIUM
Marco,codap_28apr,frame_0153,4524.8,motion_only_fallback,86.5503,unknown,OFF_TASK,,MENU,IDLE,HIGH
Marco,codap_28apr,frame_0154,4528.0,motion_only_fallback,7.022,unknown,OFF_TASK,,MENU,IDLE,HIGH
Marco,codap_28apr,frame_0155,4529.2,motion_only_fallback,6.9124,unknown,OFF_TASK,,MENU,IDLE,HIGH
Marco,codap_28apr,frame_0156,4530.3,motion_only_fallback,8.0365,unknown,OFF_TASK,,MENU,IDLE,HIGH
Marco,codap_28apr,frame_0157,4531.6,motion_only_fallback,7.1993,unknown,OFF_TASK,,MENU,IDLE,HIGH
Marco,codap_28apr,frame_0158,4540.6,motion_only_fallback,29.8268,unknown,OFF_TASK,,MENU,IDLE,HIGH
Marco,codap_28apr,frame_0159,4554.7,motion_only_fallback,6.2485,unknown,OFF_TASK,,MENU,IDLE,HIGH
Marco,codap_28apr,frame_0160,4555.7,motion_only_fallback,6.6906,unknown,OFF_TASK,,MENU,IDLE,HIGH
Marco,codap_28apr,frame_0161,4556.8,motion_only_fallback,3.8223,unknown,OFF_TASK,,MENU,IDLE,HIGH
Marco,codap_28apr,frame_0162,4557.8,motion_only_fallback,7.0351,unknown,OFF_TASK,,MENU,IDLE,HIGH
Marco,codap_28apr,frame_0163,4559.8,motion_only_fallback,6.9361,unknown,OFF_TASK,,MENU,IDLE,HIGH
Marco,codap_28apr,frame_0164,4560.8,motion_only_fallback,6.696,unknown,OFF_TASK,,MENU,IDLE,HIGH
Marco,codap_28apr,frame_0165,4561.8,motion_only_fallback,8.5224,unknown,OFF_TASK,,MENU,IDLE,HIGH
Marco,codap_28apr,frame_0166,4564.6,motion_only_fallback,29.8258,unknown,OFF_TASK,,MENU,IDLE,HIGH
Marco,codap_28apr,frame_0167,4581.3,motion_only_fallback,2.1246,unknown,OFF_TASK,,MENU,IDLE,HIGH
Marco,codap_28apr,frame_0168,4594.5,motion_only_fallback,1.4813,unknown,OFF_TASK,,MENU,IDLE,HIGH
Marco,codap_28apr,frame_0169,4664.7,motion_only_fallback,1.6512,unknown,OFF_TASK,,MENU,IDLE,HIGH
Marco,codap_28apr,frame_0170,4734.7,motion_only_fallback,19.3717,unknown,OFF_TASK,,MENU,IDLE,HIGH
Marco,codap_28apr,frame_0171,4744.8,motion_only_fallback,1.5257,unknown,OFF_TASK,,MENU,IDLE,HIGH
Marco,codap_28apr,frame_0172,4750.1,motion_only_fallback,2.3744,unknown,OFF_TASK,,MENU,IDLE,HIGH
Melinda,codap_28apr,frame_0001,46.8,motion_only_fallback,5.2027,unknown,OFF_TASK,,MENU,IDLE,HIGH
Melinda,codap_28apr,frame_0002,48.0,motion_only_fallback,66.0633,unknown,EXPLORE_DATA,,CODAP,SETUP,HIGH
Melinda,codap_28apr,frame_0003,51.0,motion_only_fallback,1.1539,unknown,EXPLORE_DATA,,CODAP,SETUP,HIGH
Melinda,codap_28apr,frame_0004,52.2,motion_only_fallback,11.0181,unknown,EXPLORE_DATA,,CODAP,SETUP,MEDIUM
Melinda,codap_28apr,frame_0005,128.1,motion_only_fallback,0.8133,unknown,EXPLORE_DATA,,MENU,SETUP,HIGH
Melinda,codap_28apr,frame_0006,133.9,motion_only_fallback,1.088,unknown,EXPLORE_DATA,,MIXED,SETUP,HIGH
Melinda,codap_28apr,frame_0007,172.6,motion_only_fallback,3.0058,unknown,EXPLORE_DATA,,MIXED,SETUP,HIGH
Melinda,codap_28apr,frame_0008,192.2,motion_only_fallback,0.8092,unknown,EXPLORE_DATA,,MIXED,SETUP,HIGH
Melinda,codap_28apr,frame_0009,195.8,motion_only_fallback,1.0241,unknown,EXPLORE_DATA,,MIXED,SETUP,HIGH
Melinda,codap_28apr,frame_0010,197.2,motion_only_fallback,3.5368,unknown,EXPLORE_DATA,,MIXED,SETUP,MEDIUM
Melinda,codap_28apr,frame_0011,207.5,motion_only_fallback,2.3692,unknown,EXPLORE_DATA,,CODAP,SETUP,MEDIUM
Melinda,codap_28apr,frame_0012,208.9,motion_only_fallback,4.2946,unknown,EXPLORE_DATA,,MIXED,SETUP,HIGH
Melinda,codap_28apr,frame_0013,217.4,motion_only_fallback,2.9541,unknown,EXPLORE_DATA,,MIXED,SETUP,MEDIUM
Melinda,codap_28apr,frame_0014,219.3,motion_only_fallback,0.8742,unknown,EXPLORE_DATA,,MIXED,SETUP,HIGH
Melinda,codap_28apr,frame_0015,246.7,motion_only_fallback,1.0258,unknown,EXPLORE_DATA,,MENU,SETUP,HIGH
Melinda,codap_28apr,frame_0016,306.3,motion_only_fallback,1.1871,unknown,EXPLORE_DATA,,CODAP,SETUP,HIGH
Melinda,codap_28apr,frame_0017,319.2,motion_only_fallback,5.4034,unknown,EXPLORE_DATA,,MIXED,SETUP,MEDIUM
Melinda,codap_28apr,frame_0018,364.1,motion_only_fallback,3.4288,unknown,EXPLORE_DATA,,MIXED,SETUP,HIGH
Melinda,codap_28apr,frame_0019,367.9,motion_only_fallback,17.4738,unknown,EXPLORE_DATA,,MIXED,SETUP,HIGH
Melinda,codap_28apr,frame_0020,390.0,motion_only_fallback,10.8708,unknown,EXPLORE_DATA,,MIXED,SETUP,HIGH
Melinda,codap_28apr,frame_0021,392.8,motion_only_fallback,2.6211,unknown,EXPLORE_DATA,,MIXED,SETUP,HIGH
Melinda,codap_28apr,frame_0022,394.8,motion_only_fallback,1.6352,unknown,EXPLORE_DATA,,CODAP,SETUP,HIGH
Melinda,codap_28apr,frame_0023,396.8,motion_only_fallback,13.5168,unknown,EXPLORE_DATA,,MIXED,SETUP,MEDIUM
Melinda,codap_28apr,frame_0024,422.9,motion_only_fallback,6.6553,unknown,BUILD_TREE,EXPLORE_DATA,MIXED,BUILDING,HIGH
Melinda,codap_28apr,frame_0025,513.6,silent_screen_gap_fill,,unknown,BUILD_TREE,EXPLORE_DATA,MIXED,BUILDING,HIGH
Melinda,codap_28apr,frame_0026,547.9,motion_only_fallback,1.8914,unknown,TUNE_THRESHOLD,EXPLORE_DATA,MIXED,TUNING,MEDIUM
Melinda,codap_28apr,frame_0027,558.0,motion_only_fallback,2.0129,unknown,EXPLORE_DATA,,MIXED,SETUP,MEDIUM
Melinda,codap_28apr,frame_0028,583.8,motion_only_fallback,1.5436,unknown,TUNE_THRESHOLD,EXPLORE_DATA,MIXED,TUNING,MEDIUM
Melinda,codap_28apr,frame_0029,673.8,silent_screen_gap_fill,,unknown,TUNE_THRESHOLD,EXPLORE_DATA,MIXED,TUNING,MEDIUM
Melinda,codap_28apr,frame_0030,720.2,motion_only_fallback,1.4279,unknown,TUNE_THRESHOLD,EXPLORE_DATA,MIXED,TUNING,MEDIUM
Melinda,codap_28apr,frame_0031,750.5,motion_only_fallback,3.4182,unknown,TUNE_THRESHOLD,,MIXED,TUNING,HIGH
Melinda,codap_28apr,frame_0032,841.4,silent_screen_gap_fill,,unknown,TUNE_THRESHOLD,EXPLORE_DATA,MIXED,TUNING,MEDIUM
Melinda,codap_28apr,frame_0033,932.1,silent_screen_gap_fill,,unknown,TUNE_THRESHOLD,EXPLORE_DATA,MIXED,TUNING,MEDIUM
Melinda,codap_28apr,frame_0034,1022.4,silent_screen_gap_fill,,unknown,TUNE_THRESHOLD,EXPLORE_DATA,MIXED,TUNING,MEDIUM
Melinda,codap_28apr,frame_0035,1113.1,silent_screen_gap_fill,,unknown,TUNE_THRESHOLD,EXPLORE_DATA,MIXED,TUNING,MEDIUM
Melinda,codap_28apr,frame_0036,1138.7,motion_only_fallback,18.4572,unknown,TUNE_THRESHOLD,EXPLORE_DATA,MIXED,TUNING,MEDIUM
Melinda,codap_28apr,frame_0037,1193.5,motion_only_fallback,2.7535,unknown,EVALUATE_MODEL,EXPLORE_DATA,MIXED,EVALUATING,MEDIUM
Melinda,codap_28apr,frame_0038,1208.2,motion_only_fallback,1.8308,unknown,TUNE_THRESHOLD,EXPLORE_DATA,MIXED,TUNING,MEDIUM
Melinda,codap_28apr,frame_0039,1220.2,motion_only_fallback,1.7944,unknown,TUNE_THRESHOLD,EXPLORE_DATA,MIXED,TUNING,MEDIUM
Melinda,codap_28apr,frame_0040,1233.5,motion_only_fallback,1.8314,unknown,EXPLORE_DATA,,MIXED,SETUP,MEDIUM
Melinda,codap_28apr,frame_0041,1247.5,motion_only_fallback,1.7132,unknown,TUNE_THRESHOLD,EVALUATE_MODEL,MIXED,TUNING,MEDIUM
Melinda,codap_28apr,frame_0042,1251.1,motion_only_fallback,2.3052,unknown,TUNE_THRESHOLD,EXPLORE_DATA,MIXED,TUNING,MEDIUM
Melinda,codap_28apr,frame_0043,1257.3,motion_only_fallback,1.7267,unknown,BUILD_TREE,EXPLORE_DATA,MIXED,BUILDING,HIGH
Melinda,codap_28apr,frame_0044,1259.7,motion_only_fallback,1.6074,unknown,BUILD_TREE,,MIXED,BUILDING,HIGH
Melinda,codap_28apr,frame_0045,1262.0,motion_only_fallback,3.3945,unknown,BUILD_TREE,EXPLORE_DATA,MIXED,BUILDING,HIGH
Melinda,codap_28apr,frame_0046,1287.2,motion_only_fallback,3.429,unknown,TUNE_THRESHOLD,EXPLORE_DATA,MIXED,TUNING,MEDIUM
Melinda,codap_28apr,frame_0047,1297.4,motion_only_fallback,1.9406,unknown,COMPARE_MODELS,EXPLORE_DATA,MIXED,EVALUATING,MEDIUM
Melinda,codap_28apr,frame_0048,1309.4,motion_only_fallback,2.0727,unknown,TUNE_THRESHOLD,,MIXED,TUNING,MEDIUM
Melinda,codap_28apr,frame_0049,1319.1,motion_only_fallback,1.9857,unknown,TUNE_THRESHOLD,,MIXED,TUNING,MEDIUM
Melinda,codap_28apr,frame_0050,1334.9,motion_only_fallback,1.836,unknown,TUNE_THRESHOLD,,MIXED,TUNING,HIGH
Melinda,codap_28apr,frame_0051,1348.4,motion_only_fallback,1.9408,unknown,TUNE_THRESHOLD,EXPLORE_DATA,MIXED,TUNING,MEDIUM
Melinda,codap_28apr,frame_0052,1439.0,silent_screen_gap_fill,,unknown,TUNE_THRESHOLD,EXPLORE_DATA,MIXED,TUNING,MEDIUM
Melinda,codap_28apr,frame_0053,1529.0,silent_screen_gap_fill,,unknown,COMPARE_MODELS,EXPLORE_DATA,MIXED,EVALUATING,MEDIUM
Melinda,codap_28apr,frame_0054,1619.9,silent_screen_gap_fill,,unknown,TUNE_THRESHOLD,EXPLORE_DATA,MIXED,TUNING,MEDIUM
Melinda,codap_28apr,frame_0055,1710.2,silent_screen_gap_fill,,unknown,TUNE_THRESHOLD,EXPLORE_DATA,MIXED,TUNING,MEDIUM
Melinda,codap_28apr,frame_0056,1793.9,motion_only_fallback,2.0503,unknown,TUNE_THRESHOLD,EXPLORE_DATA,MIXED,TUNING,MEDIUM
Melinda,codap_28apr,frame_0057,1795.0,motion_only_fallback,1.8266,unknown,EXPLORE_DATA,TUNE_THRESHOLD,MIXED,SETUP,MEDIUM
Melinda,codap_28apr,frame_0058,1800.1,motion_only_fallback,1.2697,unknown,TUNE_THRESHOLD,EXPLORE_DATA,MIXED,TUNING,MEDIUM
Melinda,codap_28apr,frame_0059,1803.0,motion_only_fallback,3.3632,unknown,TUNE_THRESHOLD,EXPLORE_DATA,MIXED,TUNING,MEDIUM
Melinda,codap_28apr,frame_0060,1807.6,motion_only_fallback,1.4074,unknown,EXPLORE_DATA,,MENU,SETUP,MEDIUM
Melinda,codap_28apr,frame_0061,1818.2,motion_only_fallback,3.9531,unknown,TUNE_THRESHOLD,EXPLORE_DATA,MIXED,TUNING,MEDIUM
Melinda,codap_28apr,frame_0062,1820.7,motion_only_fallback,3.3511,unknown,TUNE_THRESHOLD,,MIXED,TUNING,HIGH
Melinda,codap_28apr,frame_0063,1828.3,motion_only_fallback,3.282,unknown,TUNE_THRESHOLD,EXPLORE_DATA,MIXED,TUNING,MEDIUM
Melinda,codap_28apr,frame_0064,1844.2,motion_only_fallback,3.3611,unknown,TUNE_THRESHOLD,,MIXED,TUNING,HIGH
Melinda,codap_28apr,frame_0065,1857.4,motion_only_fallback,2.0681,unknown,EXPLORE_DATA,,MIXED,SETUP,MEDIUM
Melinda,codap_28apr,frame_0066,1871.9,motion_only_fallback,2.2215,unknown,TUNE_THRESHOLD,EXPLORE_DATA,MIXED,TUNING,MEDIUM
Melinda,codap_28apr,frame_0067,1896.0,motion_only_fallback,1.8688,unknown,EXPLORE_DATA,TUNE_THRESHOLD,MIXED,SETUP,MEDIUM
Melinda,codap_28apr,frame_0068,1908.6,motion_only_fallback,1.2743,unknown,TUNE_THRESHOLD,,MIXED,TUNING,HIGH
Melinda,codap_28apr,frame_0069,1912.6,motion_only_fallback,3.3229,unknown,EXPLORE_DATA,,MENU,SETUP,MEDIUM
Melinda,codap_28apr,frame_0070,1921.5,motion_only_fallback,4.1545,unknown,TUNE_THRESHOLD,EXPLORE_DATA,MIXED,TUNING,MEDIUM
Melinda,codap_28apr,frame_0071,1922.8,motion_only_fallback,0.8692,unknown,BUILD_TREE,EXPLORE_DATA,MIXED,BUILDING,HIGH
Melinda,codap_28apr,frame_0072,2013.2,silent_screen_gap_fill,,unknown,TUNE_THRESHOLD,EXPLORE_DATA,MIXED,TUNING,MEDIUM
Melinda,codap_28apr,frame_0073,2026.7,motion_only_fallback,1.8324,unknown,EXPLORE_DATA,,MIXED,SETUP,MEDIUM
Melinda,codap_28apr,frame_0074,2073.4,motion_only_fallback,2.1408,unknown,EXPLORE_DATA,,MIXED,SETUP,MEDIUM
Melinda,codap_28apr,frame_0075,2163.6,silent_screen_gap_fill,,unknown,TUNE_THRESHOLD,EXPLORE_DATA,MIXED,TUNING,MEDIUM
Melinda,codap_28apr,frame_0076,2180.9,motion_only_fallback,6.5235,unknown,TUNE_THRESHOLD,EXPLORE_DATA,MIXED,TUNING,MEDIUM
Melinda,codap_28apr,frame_0077,2186.1,motion_only_fallback,18.4304,unknown,TUNE_THRESHOLD,EXPLORE_DATA,MIXED,TUNING,MEDIUM
Melinda,codap_28apr,frame_0078,2191.3,motion_only_fallback,11.1117,unknown,EXPLORE_DATA,,MIXED,SETUP,MEDIUM
Melinda,codap_28apr,frame_0079,2196.3,motion_only_fallback,12.2627,unknown,TUNE_THRESHOLD,EXPLORE_DATA,MIXED,TUNING,MEDIUM
Melinda,codap_28apr,frame_0080,2205.2,motion_only_fallback,17.9306,unknown,COMPARE_MODELS,,MIXED,EVALUATING,MEDIUM
Melinda,codap_28apr,frame_0081,2206.5,motion_only_fallback,4.4815,unknown,EXPLORE_DATA,,MIXED,SETUP,MEDIUM
Melinda,codap_28apr,frame_0082,2207.6,motion_only_fallback,4.6956,unknown,TUNE_THRESHOLD,EXPLORE_DATA,MIXED,TUNING,MEDIUM
Melinda,codap_28apr,frame_0083,2212.9,motion_only_fallback,7.1418,unknown,TUNE_THRESHOLD,EXPLORE_DATA,MIXED,TUNING,MEDIUM
Melinda,codap_28apr,frame_0084,2233.1,motion_only_fallback,1.805,unknown,EXPLORE_DATA,,MIXED,SETUP,MEDIUM
Melinda,codap_28apr,frame_0085,2243.9,motion_only_fallback,1.803,unknown,TUNE_THRESHOLD,EXPLORE_DATA,MIXED,TUNING,MEDIUM
Melinda,codap_28apr,frame_0086,2254.6,motion_only_fallback,2.8754,unknown,TUNE_THRESHOLD,,MIXED,TUNING,MEDIUM
Melinda,codap_28apr,frame_0087,2259.9,motion_only_fallback,2.4088,unknown,TUNE_THRESHOLD,EXPLORE_DATA,MIXED,TUNING,MEDIUM
Melinda,codap_28apr,frame_0088,2262.0,motion_only_fallback,2.0596,unknown,TUNE_THRESHOLD,,MIXED,TUNING,MEDIUM
Melinda,codap_28apr,frame_0089,2295.2,motion_only_fallback,2.7905,unknown,COMPARE_MODELS,EXPLORE_DATA,MIXED,EVALUATING,MEDIUM
Melinda,codap_28apr,frame_0090,2302.0,motion_only_fallback,1.2577,unknown,TUNE_THRESHOLD,EXPLORE_DATA,MIXED,TUNING,MEDIUM
Melinda,codap_28apr,frame_0091,2309.6,motion_only_fallback,1.0637,unknown,TUNE_THRESHOLD,EXPLORE_DATA,MIXED,TUNING,MEDIUM
Melinda,codap_28apr,frame_0092,2310.8,motion_only_fallback,3.3829,unknown,BUILD_TREE,EXPLORE_DATA,MIXED,BUILDING,MEDIUM
Melinda,codap_28apr,frame_0093,2328.8,motion_only_fallback,2.4277,unknown,COMPARE_MODELS,EXPLORE_DATA,MIXED,EVALUATING,MEDIUM
Melinda,codap_28apr,frame_0094,2329.9,motion_only_fallback,3.815,unknown,COMPARE_MODELS,EXPLORE_DATA,MIXED,EVALUATING,HIGH
Melinda,codap_28apr,frame_0095,2332.4,motion_only_fallback,2.9452,unknown,COMPARE_MODELS,EXPLORE_DATA,MIXED,EVALUATING,HIGH
Melinda,codap_28apr,frame_0096,2356.4,motion_only_fallback,1.0218,unknown,EXPLORE_DATA,,MIXED,SETUP,MEDIUM
Melinda,codap_28apr,frame_0097,2362.1,motion_only_fallback,3.3818,unknown,TUNE_THRESHOLD,,MIXED,TUNING,HIGH
Melinda,codap_28apr,frame_0098,2376.4,motion_only_fallback,2.734,unknown,COMPARE_MODELS,EXPLORE_DATA,MIXED,EVALUATING,MEDIUM
Melinda,codap_28apr,frame_0099,2448.8,motion_only_fallback,0.9269,unknown,IDLE_THINKING,,MIXED,IDLE,MEDIUM
Melinda,codap_28apr,frame_0100,2522.0,motion_only_fallback,1.0201,unknown,OFF_TASK,,MIXED,IDLE,MEDIUM
Melinda,codap_28apr,frame_0101,2549.5,motion_only_fallback,1.3266,unknown,TUNE_THRESHOLD,,MIXED,TUNING,MEDIUM
Melinda,codap_28apr,frame_0102,2574.1,motion_only_fallback,0.9911,unknown,BUILD_TREE,EXPLORE_DATA,MIXED,BUILDING,MEDIUM
Melinda,codap_28apr,frame_0103,2580.8,motion_only_fallback,1.1121,unknown,TUNE_THRESHOLD,EXPLORE_DATA,MIXED,TUNING,MEDIUM
Melinda,codap_28apr,frame_0104,2671.7,silent_screen_gap_fill,,unknown,EXPLORE_DATA,,MIXED,SETUP,MEDIUM
Melinda,codap_28apr,frame_0105,2762.4,silent_screen_gap_fill,,unknown,TUNE_THRESHOLD,COMPARE_MODELS,MIXED,TUNING,MEDIUM
Melinda,codap_28apr,frame_0106,2844.5,motion_only_fallback,4.3225,unknown,TUNE_THRESHOLD,EXPLORE_DATA,MIXED,TUNING,MEDIUM
Melinda,codap_28apr,frame_0107,2858.1,motion_only_fallback,3.2834,unknown,COMPARE_MODELS,,MIXED,EVALUATING,HIGH
Melinda,codap_28apr,frame_0108,2860.6,motion_only_fallback,4.4927,unknown,COMPARE_MODELS,EXPLORE_DATA,MIXED,EVALUATING,HIGH
Melinda,codap_28apr,frame_0109,2866.0,motion_only_fallback,1.256,unknown,COMPARE_MODELS,,MIXED,EVALUATING,HIGH
Melinda,codap_28apr,frame_0110,2885.8,motion_only_fallback,1.2475,unknown,COMPARE_MODELS,,MIXED,EVALUATING,HIGH
Melinda,codap_28apr,frame_0111,2899.1,motion_only_fallback,1.2568,unknown,COMPARE_MODELS,,MIXED,EVALUATING,MEDIUM
Melinda,codap_28apr,frame_0112,2900.6,motion_only_fallback,3.2728,unknown,TUNE_THRESHOLD,EXPLORE_DATA,MIXED,TUNING,MEDIUM
Melinda,codap_28apr,frame_0113,2905.4,motion_only_fallback,3.266,unknown,TUNE_THRESHOLD,,MIXED,TUNING,MEDIUM
Melinda,codap_28apr,frame_0114,2927.2,motion_only_fallback,13.8108,unknown,TUNE_THRESHOLD,EXPLORE_DATA,MIXED,TUNING,MEDIUM
Melinda,codap_28apr,frame_0115,2939.9,motion_only_fallback,3.2228,unknown,COMPARE_MODELS,EXPLORE_DATA,MIXED,EVALUATING,MEDIUM
Melinda,codap_28apr,frame_0116,3030.0,silent_screen_gap_fill,,unknown,COMPARE_MODELS,,MIXED,EVALUATING,MEDIUM
Melinda,codap_28apr,frame_0117,3044.6,motion_only_fallback,1.1885,unknown,COMPARE_MODELS,,MIXED,EVALUATING,MEDIUM
Melinda,codap_28apr,frame_0118,3088.3,motion_only_fallback,2.1723,unknown,TUNE_THRESHOLD,,MIXED,TUNING,MEDIUM
Melinda,codap_28apr,frame_0119,3090.6,motion_only_fallback,3.8331,unknown,EXPLORE_DATA,,MENU,SETUP,MEDIUM
Melinda,codap_28apr,frame_0120,3093.7,motion_only_fallback,9.4605,unknown,TUNE_THRESHOLD,EXPLORE_DATA,MIXED,TUNING,MEDIUM
Melinda,codap_28apr,frame_0121,3101.9,motion_only_fallback,1.6422,unknown,TUNE_THRESHOLD,EXPLORE_DATA,MIXED,TUNING,MEDIUM
Melinda,codap_28apr,frame_0122,3120.5,motion_only_fallback,1.5195,unknown,TUNE_THRESHOLD,EXPLORE_DATA,MIXED,TUNING,MEDIUM
Melinda,codap_28apr,frame_0123,3150.4,motion_only_fallback,1.0905,unknown,TUNE_THRESHOLD,EXPLORE_DATA,MIXED,TUNING,MEDIUM
Melinda,codap_28apr,frame_0124,3151.7,motion_only_fallback,0.985,unknown,TUNE_THRESHOLD,EXPLORE_DATA,MIXED,TUNING,MEDIUM
Melinda,codap_28apr,frame_0125,3158.9,motion_only_fallback,2.1507,unknown,EXPLORE_DATA,,MIXED,SETUP,MEDIUM
Melinda,codap_28apr,frame_0126,3160.1,motion_only_fallback,3.2622,unknown,TUNE_THRESHOLD,EXPLORE_DATA,MIXED,TUNING,MEDIUM
Melinda,codap_28apr,frame_0127,3163.3,motion_only_fallback,1.9923,unknown,TUNE_THRESHOLD,EXPLORE_DATA,MIXED,TUNING,MEDIUM
Melinda,codap_28apr,frame_0128,3167.1,motion_only_fallback,1.0507,unknown,TUNE_THRESHOLD,EXPLORE_DATA,MIXED,TUNING,MEDIUM
Melinda,codap_28apr,frame_0129,3168.1,motion_only_fallback,1.8956,unknown,EXPLORE_DATA,,MIXED,SETUP,MEDIUM
Melinda,codap_28apr,frame_0130,3170.0,motion_only_fallback,1.8993,unknown,TUNE_THRESHOLD,EXPLORE_DATA,MIXED,TUNING,MEDIUM
Melinda,codap_28apr,frame_0131,3173.5,motion_only_fallback,2.6827,unknown,TUNE_THRESHOLD,EXPLORE_DATA,MIXED,TUNING,MEDIUM
Melinda,codap_28apr,frame_0132,3175.4,motion_only_fallback,3.3897,unknown,EVALUATE_MODEL,EXPLORE_DATA,MIXED,EVALUATING,MEDIUM
Melinda,codap_28apr,frame_0133,3187.2,motion_only_fallback,2.4059,unknown,TUNE_THRESHOLD,EXPLORE_DATA,MIXED,TUNING,MEDIUM
Melinda,codap_28apr,frame_0134,3202.1,motion_only_fallback,2.2685,unknown,TUNE_THRESHOLD,EXPLORE_DATA,MIXED,TUNING,MEDIUM
Melinda,codap_28apr,frame_0135,3204.8,motion_only_fallback,18.4431,unknown,TUNE_THRESHOLD,EXPLORE_DATA,MIXED,TUNING,MEDIUM
Melinda,codap_28apr,frame_0136,3206.8,motion_only_fallback,0.8904,unknown,TUNE_THRESHOLD,EXPLORE_DATA,MIXED,TUNING,MEDIUM
Melinda,codap_28apr,frame_0137,3234.5,motion_only_fallback,7.0473,unknown,TUNE_THRESHOLD,EXPLORE_DATA,MIXED,TUNING,MEDIUM
Melinda,codap_28apr,frame_0138,3249.0,motion_only_fallback,9.6223,unknown,BUILD_TREE,EXPLORE_DATA,MIXED,BUILDING,MEDIUM
Melinda,codap_28apr,frame_0139,3264.8,motion_only_fallback,0.8221,unknown,EXPLORE_DATA,TUNE_THRESHOLD,MIXED,SETUP,MEDIUM
Melinda,codap_28apr,frame_0140,3291.9,motion_only_fallback,2.2969,unknown,COMPARE_MODELS,EXPLORE_DATA,MIXED,EVALUATING,MEDIUM
Melinda,codap_28apr,frame_0141,3301.5,motion_only_fallback,2.2309,unknown,TUNE_THRESHOLD,EXPLORE_DATA,MIXED,TUNING,MEDIUM
Melinda,codap_28apr,frame_0142,3316.6,motion_only_fallback,2.5123,unknown,TUNE_THRESHOLD,EXPLORE_DATA,MIXED,TUNING,MEDIUM
Melinda,codap_28apr,frame_0143,3363.2,motion_only_fallback,3.3274,unknown,TUNE_THRESHOLD,EXPLORE_DATA,MIXED,TUNING,HIGH
Melinda,codap_28apr,frame_0144,3372.1,motion_only_fallback,3.3191,unknown,TUNE_THRESHOLD,EXPLORE_DATA,MIXED,TUNING,MEDIUM
Melinda,codap_28apr,frame_0145,3377.2,motion_only_fallback,2.2901,unknown,TUNE_THRESHOLD,EXPLORE_DATA,MIXED,TUNING,MEDIUM
Melinda,codap_28apr,frame_0146,3382.1,motion_only_fallback,2.2278,unknown,TUNE_THRESHOLD,EXPLORE_DATA,MIXED,TUNING,MEDIUM
Melinda,codap_28apr,frame_0147,3396.6,motion_only_fallback,2.2849,unknown,TUNE_THRESHOLD,EXPLORE_DATA,MIXED,TUNING,MEDIUM
Melinda,codap_28apr,frame_0148,3399.7,motion_only_fallback,2.2024,unknown,TUNE_THRESHOLD,EXPLORE_DATA,MIXED,TUNING,MEDIUM
Melinda,codap_28apr,frame_0149,3414.5,motion_only_fallback,2.2834,unknown,COMPARE_MODELS,EXPLORE_DATA,MIXED,EVALUATING,MEDIUM
Melinda,codap_28apr,frame_0150,3419.2,motion_only_fallback,1.5529,unknown,TUNE_THRESHOLD,,MIXED,TUNING,MEDIUM
Melinda,codap_28apr,frame_0151,3429.0,motion_only_fallback,0.9074,unknown,COMPARE_MODELS,EXPLORE_DATA,MIXED,EVALUATING,MEDIUM
Melinda,codap_28apr,frame_0152,3430.4,motion_only_fallback,2.0868,unknown,TUNE_THRESHOLD,EXPLORE_DATA,MIXED,TUNING,MEDIUM
Melinda,codap_28apr,frame_0153,3520.4,silent_screen_gap_fill,,unknown,BUILD_TREE,EXPLORE_DATA,MIXED,BUILDING,MEDIUM
Melinda,codap_28apr,frame_0154,3523.6,motion_only_fallback,2.6725,unknown,COMPARE_MODELS,EXPLORE_DATA,MIXED,EVALUATING,MEDIUM
Melinda,codap_28apr,frame_0155,3569.1,motion_only_fallback,3.218,unknown,TUNE_THRESHOLD,EXPLORE_DATA,MIXED,TUNING,MEDIUM
Melinda,codap_28apr,frame_0156,3598.6,motion_only_fallback,1.0997,unknown,TUNE_THRESHOLD,EXPLORE_DATA,MIXED,TUNING,MEDIUM
Melinda,codap_28apr,frame_0157,3648.2,motion_only_fallback,2.5644,unknown,TUNE_THRESHOLD,EXPLORE_DATA,MIXED,TUNING,MEDIUM
Melinda,codap_28apr,frame_0158,3650.9,motion_only_fallback,3.1973,unknown,COMPARE_MODELS,EXPLORE_DATA,MIXED,EVALUATING,MEDIUM
Melinda,codap_28apr,frame_0159,3651.9,motion_only_fallback,1.7629,unknown,TUNE_THRESHOLD,EXPLORE_DATA,MIXED,TUNING,MEDIUM
Melinda,codap_28apr,frame_0160,3656.0,motion_only_fallback,3.2564,unknown,TUNE_THRESHOLD,EXPLORE_DATA,MIXED,TUNING,MEDIUM
Melinda,codap_28apr,frame_0161,3660.6,motion_only_fallback,3.2562,unknown,TUNE_THRESHOLD,EXPLORE_DATA,MIXED,TUNING,MEDIUM
Melinda,codap_28apr,frame_0162,3690.6,motion_only_fallback,3.5646,unknown,TUNE_THRESHOLD,EXPLORE_DATA,MIXED,TUNING,HIGH
Melinda,codap_28apr,frame_0163,3695.0,motion_only_fallback,3.5478,unknown,TUNE_THRESHOLD,EXPLORE_DATA,MIXED,TUNING,MEDIUM
Melinda,codap_28apr,frame_0164,3697.3,motion_only_fallback,3.4174,unknown,COMPARE_MODELS,EXPLORE_DATA,MIXED,EVALUATING,HIGH
Melinda,codap_28apr,frame_0165,3704.7,motion_only_fallback,1.5839,unknown,COMPARE_MODELS,EXPLORE_DATA,MIXED,EVALUATING,MEDIUM
Melinda,codap_28apr,frame_0166,3708.4,motion_only_fallback,0.8995,unknown,COMPARE_MODELS,EXPLORE_DATA,MIXED,EVALUATING,MEDIUM
Melinda,codap_28apr,frame_0167,3719.4,motion_only_fallback,10.5494,unknown,TUNE_THRESHOLD,EXPLORE_DATA,MIXED,TUNING,MEDIUM
Melinda,codap_28apr,frame_0168,3723.2,motion_only_fallback,6.2203,unknown,TUNE_THRESHOLD,EXPLORE_DATA,MIXED,TUNING,MEDIUM
Melinda,codap_28apr,frame_0169,3729.4,motion_only_fallback,13.8887,unknown,TUNE_THRESHOLD,EXPLORE_DATA,MIXED,TUNING,MEDIUM
Melinda,codap_28apr,frame_0170,3733.9,motion_only_fallback,3.5548,unknown,TUNE_THRESHOLD,EXPLORE_DATA,MIXED,TUNING,MEDIUM
Melinda,codap_28apr,frame_0171,3735.0,motion_only_fallback,1.5575,unknown,TUNE_THRESHOLD,EXPLORE_DATA,MIXED,TUNING,MEDIUM
Melinda,codap_28apr,frame_0172,3736.7,motion_only_fallback,1.9352,unknown,TUNE_THRESHOLD,EXPLORE_DATA,MIXED,TUNING,MEDIUM
Melinda,codap_28apr,frame_0173,3827.6,silent_screen_gap_fill,,unknown,TUNE_THRESHOLD,EXPLORE_DATA,MIXED,TUNING,MEDIUM
Melinda,codap_28apr,frame_0174,3917.7,silent_screen_gap_fill,,unknown,TUNE_THRESHOLD,EXPLORE_DATA,MIXED,TUNING,MEDIUM
Melinda,codap_28apr,frame_0175,4007.8,silent_screen_gap_fill,,unknown,TUNE_THRESHOLD,EXPLORE_DATA,MIXED,TUNING,MEDIUM
Melinda,codap_28apr,frame_0176,4098.7,silent_screen_gap_fill,,unknown,TUNE_THRESHOLD,EXPLORE_DATA,MIXED,TUNING,MEDIUM
Melinda,codap_28apr,frame_0177,4189.1,silent_screen_gap_fill,,unknown,TUNE_THRESHOLD,EXPLORE_DATA,MIXED,TUNING,MEDIUM
Melinda,codap_28apr,frame_0178,4279.7,silent_screen_gap_fill,,unknown,TUNE_THRESHOLD,EXPLORE_DATA,MIXED,TUNING,MEDIUM
Melinda,codap_28apr,frame_0179,4317.7,motion_only_fallback,9.972,unknown,BUILD_TREE,EXPLORE_DATA,MIXED,BUILDING,MEDIUM
Melinda,codap_28apr,frame_0180,4323.1,motion_only_fallback,1.8609,unknown,EXPLORE_DATA,,MENU,SETUP,MEDIUM
Melinda,codap_28apr,frame_0181,4331.5,motion_only_fallback,1.5882,unknown,TUNE_THRESHOLD,EXPLORE_DATA,MIXED,TUNING,MEDIUM
Melinda,codap_28apr,frame_0182,4341.0,motion_only_fallback,72.0916,unknown,EXPLORE_DATA,,MIXED,SETUP,MEDIUM
Melinda,codap_28apr,frame_0183,4342.6,motion_only_fallback,1.0739,unknown,EXPLORE_DATA,,MENU,SETUP,MEDIUM
Melinda,codap_28apr,frame_0184,4343.9,motion_only_fallback,62.7444,unknown,EXPLORE_DATA,,MENU,SETUP,MEDIUM
Melinda,codap_28apr,frame_0185,4351.6,motion_only_fallback,61.4651,unknown,TUNE_THRESHOLD,,MIXED,TUNING,MEDIUM
Melinda,codap_28apr,frame_0186,4354.4,motion_only_fallback,34.5444,unknown,OFF_TASK,,MENU,IDLE,MEDIUM
Melinda,codap_28apr,frame_0187,4356.7,motion_only_fallback,35.7456,unknown,EXPLORE_DATA,,CODAP,SETUP,MEDIUM
Melinda,codap_28apr,frame_0188,4357.7,motion_only_fallback,27.4412,unknown,OFF_TASK,,MENU,IDLE,HIGH
Melinda,codap_28apr,frame_0189,4360.1,motion_only_fallback,21.8657,unknown,TUNE_THRESHOLD,,MIXED,TUNING,MEDIUM
Melinda,codap_28apr,frame_0190,4361.1,motion_only_fallback,1.2427,unknown,TUNE_THRESHOLD,EXPLORE_DATA,MIXED,TUNING,MEDIUM
Melinda,codap_28apr,frame_0191,4362.9,motion_only_fallback,34.5523,unknown,OFF_TASK,,MENU,IDLE,HIGH
Melinda,codap_28apr,frame_0192,4365.4,motion_only_fallback,27.9184,unknown,TUNE_THRESHOLD,,MIXED,TUNING,MEDIUM
Melinda,codap_28apr,frame_0193,4371.8,motion_only_fallback,1.2303,unknown,TUNE_THRESHOLD,EXPLORE_DATA,MIXED,TUNING,MEDIUM
Melinda,codap_28apr,frame_0194,4382.4,motion_only_fallback,34.5409,unknown,OFF_TASK,,MENU,IDLE,HIGH
Melinda,codap_28apr,frame_0195,4385.0,motion_only_fallback,27.9861,unknown,TUNE_THRESHOLD,EXPLORE_DATA,MIXED,TUNING,MEDIUM
Nadia,codap_28apr,frame_0001,27.7,motion_only_fallback,8.6995,unknown,EXPLORE_DATA,,TREE,SETUP,MEDIUM
Nadia,codap_28apr,frame_0002,42.5,motion_only_fallback,0.8183,unknown,EXPLORE_DATA,,TREE,SETUP,MEDIUM
Nadia,codap_28apr,frame_0003,43.9,motion_only_fallback,72.027,unknown,EXPLORE_DATA,,MIXED,SETUP,MEDIUM
Nadia,codap_28apr,frame_0004,44.9,motion_only_fallback,6.5125,unknown,TUNE_THRESHOLD,EXPLORE_DATA,MIXED,TUNING,MEDIUM
Nadia,codap_28apr,frame_0005,47.4,motion_only_fallback,1.5864,unknown,TUNE_THRESHOLD,EXPLORE_DATA,MIXED,TUNING,MEDIUM
Nadia,codap_28apr,frame_0006,88.6,motion_only_fallback,80.6306,unknown,TUNE_THRESHOLD,EXPLORE_DATA,MIXED,TUNING,MEDIUM
Nadia,codap_28apr,frame_0007,179.2,silent_screen_gap_fill,,unknown,TUNE_THRESHOLD,EXPLORE_DATA,MIXED,TUNING,MEDIUM
Nadia,codap_28apr,frame_0008,270.2,silent_screen_gap_fill,,unknown,TUNE_THRESHOLD,EXPLORE_DATA,MIXED,TUNING,MEDIUM
Nadia,codap_28apr,frame_0009,320.9,motion_only_fallback,2.4223,unknown,COMPARE_MODELS,EXPLORE_DATA,MIXED,EVALUATING,HIGH
Nadia,codap_28apr,frame_0010,324.7,motion_only_fallback,2.896,unknown,TUNE_THRESHOLD,EXPLORE_DATA,MIXED,TUNING,MEDIUM
Nadia,codap_28apr,frame_0011,333.0,motion_only_fallback,1.8571,unknown,TUNE_THRESHOLD,,MIXED,TUNING,MEDIUM
Nadia,codap_28apr,frame_0012,337.1,motion_only_fallback,7.048,unknown,BUILD_TREE,EXPLORE_DATA,MIXED,BUILDING,HIGH
Nadia,codap_28apr,frame_0013,363.8,motion_only_fallback,2.0785,unknown,COMPARE_MODELS,,MIXED,EVALUATING,HIGH
Nadia,codap_28apr,frame_0014,415.3,motion_only_fallback,2.8596,unknown,TUNE_THRESHOLD,EXPLORE_DATA,MIXED,TUNING,MEDIUM
Nadia,codap_28apr,frame_0015,430.0,motion_only_fallback,8.5212,unknown,TUNE_THRESHOLD,,MIXED,TUNING,HIGH
Nadia,codap_28apr,frame_0016,516.3,motion_only_fallback,2.8929,unknown,EXPLORE_DATA,,MIXED,SETUP,MEDIUM
Nadia,codap_28apr,frame_0017,520.1,motion_only_fallback,13.4093,unknown,EXPLORE_DATA,,MIXED,SETUP,MEDIUM
Nadia,codap_28apr,frame_0018,548.4,motion_only_fallback,13.669,unknown,EXPLORE_DATA,,MIXED,SETUP,MEDIUM
Nadia,codap_28apr,frame_0019,599.8,motion_only_fallback,1.8895,unknown,TUNE_THRESHOLD,EXPLORE_DATA,MIXED,TUNING,MEDIUM
Nadia,codap_28apr,frame_0020,608.5,motion_only_fallback,2.0118,unknown,COMPARE_MODELS,EXPLORE_DATA,MIXED,EVALUATING,HIGH
Nadia,codap_28apr,frame_0021,616.9,motion_only_fallback,5.0077,unknown,COMPARE_MODELS,EXPLORE_DATA,MIXED,EVALUATING,HIGH
Nadia,codap_28apr,frame_0022,636.9,motion_only_fallback,1.4211,unknown,TUNE_THRESHOLD,EXPLORE_DATA,MIXED,TUNING,MEDIUM
Nadia,codap_28apr,frame_0023,664.0,motion_only_fallback,1.3422,unknown,TUNE_THRESHOLD,EXPLORE_DATA,MIXED,TUNING,MEDIUM
Nadia,codap_28apr,frame_0024,684.3,motion_only_fallback,2.7168,unknown,TUNE_THRESHOLD,EXPLORE_DATA,MIXED,TUNING,MEDIUM
Nadia,codap_28apr,frame_0025,695.1,motion_only_fallback,1.6827,unknown,EXPLORE_DATA,,MIXED,SETUP,MEDIUM
Nadia,codap_28apr,frame_0026,696.1,motion_only_fallback,1.9848,unknown,TUNE_THRESHOLD,EXPLORE_DATA,MIXED,TUNING,MEDIUM
Nadia,codap_28apr,frame_0027,705.6,motion_only_fallback,1.4938,unknown,BUILD_TREE,EXPLORE_DATA,MIXED,BUILDING,MEDIUM
Nadia,codap_28apr,frame_0028,715.2,motion_only_fallback,1.4963,unknown,TUNE_THRESHOLD,EXPLORE_DATA,MIXED,TUNING,MEDIUM
Nadia,codap_28apr,frame_0029,731.4,motion_only_fallback,2.5995,unknown,BUILD_TREE,EXPLORE_DATA,MIXED,BUILDING,MEDIUM
Nadia,codap_28apr,frame_0030,735.8,motion_only_fallback,1.4865,unknown,TUNE_THRESHOLD,EXPLORE_DATA,MIXED,TUNING,MEDIUM
Nadia,codap_28apr,frame_0031,738.8,motion_only_fallback,3.3881,unknown,TUNE_THRESHOLD,,MIXED,TUNING,HIGH
Nadia,codap_28apr,frame_0032,742.4,motion_only_fallback,0.8389,unknown,TUNE_THRESHOLD,COMPARE_MODELS,MIXED,TUNING,MEDIUM
Nadia,codap_28apr,frame_0033,783.1,motion_only_fallback,1.5752,unknown,TUNE_THRESHOLD,,MIXED,TUNING,HIGH
Nadia,codap_28apr,frame_0034,792.0,motion_only_fallback,3.3848,unknown,TUNE_THRESHOLD,EXPLORE_DATA,MIXED,TUNING,MEDIUM
Nadia,codap_28apr,frame_0035,831.5,motion_only_fallback,2.6892,unknown,TUNE_THRESHOLD,EXPLORE_DATA,MIXED,TUNING,MEDIUM
Nadia,codap_28apr,frame_0036,833.4,motion_only_fallback,2.0172,unknown,COMPARE_MODELS,EXPLORE_DATA,MIXED,EVALUATING,HIGH
Nadia,codap_28apr,frame_0037,923.6,silent_screen_gap_fill,,unknown,COMPARE_MODELS,EXPLORE_DATA,MIXED,EVALUATING,HIGH
Nadia,codap_28apr,frame_0038,1014.5,silent_screen_gap_fill,,unknown,COMPARE_MODELS,EXPLORE_DATA,MIXED,EVALUATING,HIGH
Nadia,codap_28apr,frame_0039,1103.1,motion_only_fallback,3.1312,unknown,TUNE_THRESHOLD,EXPLORE_DATA,MIXED,TUNING,MEDIUM
Nadia,codap_28apr,frame_0040,1104.2,motion_only_fallback,1.8229,unknown,TUNE_THRESHOLD,EXPLORE_DATA,MIXED,TUNING,MEDIUM
Nadia,codap_28apr,frame_0041,1112.2,motion_only_fallback,3.7649,unknown,TUNE_THRESHOLD,EXPLORE_DATA,MIXED,TUNING,MEDIUM
Nadia,codap_28apr,frame_0042,1149.4,motion_only_fallback,4.0461,unknown,TUNE_THRESHOLD,COMPARE_MODELS,MIXED,TUNING,MEDIUM
Nadia,codap_28apr,frame_0043,1161.5,motion_only_fallback,1.135,unknown,TUNE_THRESHOLD,EXPLORE_DATA,MIXED,TUNING,MEDIUM
Nadia,codap_28apr,frame_0044,1163.8,motion_only_fallback,2.0735,unknown,EVALUATE_MODEL,EXPLORE_DATA,MIXED,EVALUATING,MEDIUM
Nadia,codap_28apr,frame_0045,1164.9,motion_only_fallback,3.9396,unknown,BUILD_TREE,EXPLORE_DATA,MIXED,BUILDING,MEDIUM
Nadia,codap_28apr,frame_0046,1166.8,motion_only_fallback,12.7577,unknown,BUILD_TREE,EXPLORE_DATA,MIXED,BUILDING,MEDIUM
Nadia,codap_28apr,frame_0047,1169.8,motion_only_fallback,0.9726,unknown,BUILD_TREE,EXPLORE_DATA,MIXED,BUILDING,HIGH
Nadia,codap_28apr,frame_0048,1171.7,motion_only_fallback,3.3887,unknown,TUNE_THRESHOLD,EXPLORE_DATA,MIXED,TUNING,HIGH
Nadia,codap_28apr,frame_0049,1172.7,motion_only_fallback,3.3509,unknown,TUNE_THRESHOLD,,MIXED,TUNING,HIGH
Nadia,codap_28apr,frame_0050,1181.0,motion_only_fallback,13.512,unknown,TUNE_THRESHOLD,,MIXED,TUNING,HIGH
Nadia,codap_28apr,frame_0051,1187.6,motion_only_fallback,1.3831,unknown,BUILD_TREE,EXPLORE_DATA,MIXED,BUILDING,MEDIUM
Nadia,codap_28apr,frame_0052,1190.9,motion_only_fallback,1.985,unknown,BUILD_TREE,EXPLORE_DATA,MIXED,BUILDING,MEDIUM
Nadia,codap_28apr,frame_0053,1193.1,motion_only_fallback,1.7942,unknown,BUILD_TREE,EXPLORE_DATA,MIXED,BUILDING,MEDIUM
Nadia,codap_28apr,frame_0054,1283.1,silent_screen_gap_fill,,unknown,TUNE_THRESHOLD,EXPLORE_DATA,MIXED,TUNING,HIGH
Nadia,codap_28apr,frame_0055,1309.5,motion_only_fallback,1.8719,unknown,TUNE_THRESHOLD,,MIXED,TUNING,HIGH
Nadia,codap_28apr,frame_0056,1313.6,motion_only_fallback,1.1725,unknown,TUNE_THRESHOLD,EXPLORE_DATA,MIXED,TUNING,HIGH
Nadia,codap_28apr,frame_0057,1316.0,motion_only_fallback,2.0565,unknown,TUNE_THRESHOLD,COMPARE_MODELS,MIXED,TUNING,MEDIUM
Nadia,codap_28apr,frame_0058,1320.4,motion_only_fallback,3.3856,unknown,TUNE_THRESHOLD,EXPLORE_DATA,MIXED,TUNING,MEDIUM
Nadia,codap_28apr,frame_0059,1327.9,motion_only_fallback,1.1794,unknown,BUILD_TREE,EXPLORE_DATA,MIXED,BUILDING,MEDIUM
Nadia,codap_28apr,frame_0060,1338.5,motion_only_fallback,1.4367,unknown,TUNE_THRESHOLD,EXPLORE_DATA,MIXED,TUNING,MEDIUM
Nadia,codap_28apr,frame_0061,1341.2,motion_only_fallback,1.4142,unknown,TUNE_THRESHOLD,EXPLORE_DATA,MIXED,TUNING,MEDIUM
Nadia,codap_28apr,frame_0062,1350.8,motion_only_fallback,1.5187,unknown,TUNE_THRESHOLD,EXPLORE_DATA,MIXED,TUNING,HIGH
Nadia,codap_28apr,frame_0063,1352.5,motion_only_fallback,3.3426,unknown,TUNE_THRESHOLD,EXPLORE_DATA,MIXED,TUNING,MEDIUM
Nadia,codap_28apr,frame_0064,1354.0,motion_only_fallback,1.3655,unknown,BUILD_TREE,EXPLORE_DATA,MIXED,BUILDING,MEDIUM
Nadia,codap_28apr,frame_0065,1355.6,motion_only_fallback,2.6881,unknown,BUILD_TREE,EXPLORE_DATA,MIXED,BUILDING,MEDIUM
Nadia,codap_28apr,frame_0066,1356.8,motion_only_fallback,1.3546,unknown,BUILD_TREE,EXPLORE_DATA,MIXED,BUILDING,MEDIUM
Nadia,codap_28apr,frame_0067,1359.3,motion_only_fallback,2.696,unknown,BUILD_TREE,EXPLORE_DATA,MIXED,BUILDING,MEDIUM
Nadia,codap_28apr,frame_0068,1360.7,motion_only_fallback,2.0122,unknown,BUILD_TREE,EXPLORE_DATA,MIXED,BUILDING,MEDIUM
Nadia,codap_28apr,frame_0069,1361.9,motion_only_fallback,2.6848,unknown,BUILD_TREE,EXPLORE_DATA,MIXED,BUILDING,HIGH
Nadia,codap_28apr,frame_0070,1363.7,motion_only_fallback,2.178,unknown,BUILD_TREE,EXPLORE_DATA,MIXED,BUILDING,MEDIUM
Nadia,codap_28apr,frame_0071,1371.6,motion_only_fallback,3.9641,unknown,COMPARE_MODELS,EXPLORE_DATA,MIXED,EVALUATING,HIGH
Nadia,codap_28apr,frame_0072,1378.5,motion_only_fallback,8.9147,unknown,TUNE_THRESHOLD,EXPLORE_DATA,MIXED,TUNING,MEDIUM
Nadia,codap_28apr,frame_0073,1398.2,motion_only_fallback,69.7309,unknown,TUNE_THRESHOLD,EXPLORE_DATA,MIXED,TUNING,MEDIUM
Nadia,codap_28apr,frame_0074,1410.1,motion_only_fallback,1.5066,unknown,TUNE_THRESHOLD,COMPARE_MODELS,MIXED,TUNING,MEDIUM
Nadia,codap_28apr,frame_0075,1414.2,motion_only_fallback,4.3075,unknown,TUNE_THRESHOLD,EXPLORE_DATA,MIXED,TUNING,MEDIUM
Nadia,codap_28apr,frame_0076,1420.0,motion_only_fallback,5.9234,unknown,TUNE_THRESHOLD,EXPLORE_DATA,MIXED,TUNING,MEDIUM
Nadia,codap_28apr,frame_0077,1422.1,motion_only_fallback,1.6439,unknown,TUNE_THRESHOLD,EXPLORE_DATA,MIXED,TUNING,MEDIUM
Nadia,codap_28apr,frame_0078,1438.9,motion_only_fallback,2.4275,unknown,TUNE_THRESHOLD,EXPLORE_DATA,MIXED,TUNING,MEDIUM
Nadia,codap_28apr,frame_0079,1440.1,motion_only_fallback,2.1057,unknown,TUNE_THRESHOLD,EXPLORE_DATA,MIXED,TUNING,MEDIUM
Nadia,codap_28apr,frame_0080,1441.5,motion_only_fallback,3.7211,unknown,TUNE_THRESHOLD,EXPLORE_DATA,MIXED,TUNING,MEDIUM
Nadia,codap_28apr,frame_0081,1444.3,motion_only_fallback,2.3775,unknown,TUNE_THRESHOLD,EXPLORE_DATA,MIXED,TUNING,MEDIUM
Nadia,codap_28apr,frame_0082,1446.6,motion_only_fallback,5.5802,unknown,TUNE_THRESHOLD,EXPLORE_DATA,MIXED,TUNING,MEDIUM
Nadia,codap_28apr,frame_0083,1453.0,motion_only_fallback,5.6971,unknown,EXPLORE_DATA,,MIXED,SETUP,MEDIUM
Nadia,codap_28apr,frame_0084,1475.9,motion_only_fallback,1.7622,unknown,TUNE_THRESHOLD,EXPLORE_DATA,MIXED,TUNING,MEDIUM
Nadia,codap_28apr,frame_0085,1485.4,motion_only_fallback,1.646,unknown,TUNE_THRESHOLD,EXPLORE_DATA,MIXED,TUNING,MEDIUM
Nadia,codap_28apr,frame_0086,1490.4,motion_only_fallback,0.8434,unknown,TUNE_THRESHOLD,EXPLORE_DATA,MIXED,TUNING,MEDIUM
Nadia,codap_28apr,frame_0087,1498.2,motion_only_fallback,3.3372,unknown,TUNE_THRESHOLD,,MIXED,TUNING,HIGH
Nadia,codap_28apr,frame_0088,1501.0,motion_only_fallback,6.2643,unknown,TUNE_THRESHOLD,EXPLORE_DATA,MIXED,TUNING,HIGH
Nadia,codap_28apr,frame_0089,1506.1,motion_only_fallback,4.0056,unknown,TUNE_THRESHOLD,,MIXED,TUNING,MEDIUM
Nadia,codap_28apr,frame_0090,1536.0,motion_only_fallback,3.1711,unknown,TUNE_THRESHOLD,EXPLORE_DATA,MIXED,TUNING,MEDIUM
Nadia,codap_28apr,frame_0091,1570.1,motion_only_fallback,1.8084,unknown,TUNE_THRESHOLD,EXPLORE_DATA,MIXED,TUNING,MEDIUM
Nadia,codap_28apr,frame_0092,1572.6,motion_only_fallback,1.8956,unknown,TUNE_THRESHOLD,EXPLORE_DATA,MIXED,TUNING,MEDIUM
Nadia,codap_28apr,frame_0093,1576.1,motion_only_fallback,3.0199,unknown,TUNE_THRESHOLD,EXPLORE_DATA,MIXED,TUNING,MEDIUM
Nadia,codap_28apr,frame_0094,1578.9,motion_only_fallback,1.2201,unknown,TUNE_THRESHOLD,EXPLORE_DATA,MIXED,TUNING,MEDIUM
Nadia,codap_28apr,frame_0095,1583.9,motion_only_fallback,2.6804,unknown,TUNE_THRESHOLD,EXPLORE_DATA,MIXED,TUNING,HIGH
Nadia,codap_28apr,frame_0096,1585.1,motion_only_fallback,1.7079,unknown,TUNE_THRESHOLD,EXPLORE_DATA,MIXED,TUNING,MEDIUM
Nadia,codap_28apr,frame_0097,1600.9,motion_only_fallback,3.2145,unknown,TUNE_THRESHOLD,EXPLORE_DATA,MIXED,TUNING,MEDIUM
Nadia,codap_28apr,frame_0098,1604.1,motion_only_fallback,5.7978,unknown,TUNE_THRESHOLD,EXPLORE_DATA,MIXED,TUNING,MEDIUM
Nadia,codap_28apr,frame_0099,1606.3,motion_only_fallback,5.7992,unknown,TUNE_THRESHOLD,COMPARE_MODELS,MIXED,TUNING,MEDIUM
Nadia,codap_28apr,frame_0100,1615.2,motion_only_fallback,3.3281,unknown,TUNE_THRESHOLD,EXPLORE_DATA,MIXED,TUNING,MEDIUM
Nadia,codap_28apr,frame_0101,1622.2,motion_only_fallback,11.7946,unknown,EXPLORE_DATA,,MENU,SETUP,MEDIUM
Nadia,codap_28apr,frame_0102,1624.0,motion_only_fallback,1.8366,unknown,TUNE_THRESHOLD,,MIXED,TUNING,MEDIUM
Nadia,codap_28apr,frame_0103,1629.6,motion_only_fallback,3.2944,unknown,TUNE_THRESHOLD,EXPLORE_DATA,MIXED,TUNING,MEDIUM
Nadia,codap_28apr,frame_0104,1632.7,motion_only_fallback,0.9215,unknown,TUNE_THRESHOLD,EXPLORE_DATA,MIXED,TUNING,MEDIUM
Nadia,codap_28apr,frame_0105,1635.1,motion_only_fallback,2.1063,unknown,TUNE_THRESHOLD,EXPLORE_DATA,MIXED,TUNING,MEDIUM
Nadia,codap_28apr,frame_0106,1645.5,motion_only_fallback,1.8281,unknown,TUNE_THRESHOLD,EXPLORE_DATA,MIXED,TUNING,HIGH
Nadia,codap_28apr,frame_0107,1646.8,motion_only_fallback,1.8289,unknown,TUNE_THRESHOLD,EXPLORE_DATA,MIXED,TUNING,MEDIUM
Nadia,codap_28apr,frame_0108,1652.9,motion_only_fallback,1.5689,unknown,BUILD_TREE,EXPLORE_DATA,MIXED,BUILDING,HIGH
Nadia,codap_28apr,frame_0109,1678.7,motion_only_fallback,1.4682,unknown,BUILD_TREE,EXPLORE_DATA,MIXED,BUILDING,HIGH
Nadia,codap_28apr,frame_0110,1681.4,motion_only_fallback,1.4711,unknown,BUILD_TREE,EXPLORE_DATA,MIXED,BUILDING,HIGH
Nadia,codap_28apr,frame_0111,1682.4,motion_only_fallback,1.4711,unknown,BUILD_TREE,EXPLORE_DATA,MIXED,BUILDING,HIGH
Nadia,codap_28apr,frame_0112,1703.3,motion_only_fallback,3.4242,unknown,TUNE_THRESHOLD,,MIXED,TUNING,HIGH
Nadia,codap_28apr,frame_0113,1756.8,motion_only_fallback,1.0986,unknown,EVALUATE_MODEL,,MIXED,EVALUATING,MEDIUM
Nadia,codap_28apr,frame_0114,1760.2,motion_only_fallback,85.5986,unknown,OFF_TASK,,MIXED,IDLE,MEDIUM
Nadia,codap_28apr,frame_0115,1761.3,motion_only_fallback,1.4506,unknown,EXPLORE_DATA,,MENU,SETUP,HIGH
Nadia,codap_28apr,frame_0116,1762.3,motion_only_fallback,37.2367,unknown,TUNE_THRESHOLD,EXPLORE_DATA,MIXED,TUNING,MEDIUM
Nadia,codap_28apr,frame_0117,1767.6,motion_only_fallback,2.847,unknown,TUNE_THRESHOLD,EXPLORE_DATA,MIXED,TUNING,MEDIUM
Nadia,codap_28apr,frame_0118,1775.1,motion_only_fallback,1.5822,unknown,TUNE_THRESHOLD,EXPLORE_DATA,MIXED,TUNING,MEDIUM
Nadia,codap_28apr,frame_0119,1805.8,motion_only_fallback,1.539,unknown,TUNE_THRESHOLD,EXPLORE_DATA,MIXED,TUNING,MEDIUM
Nadia,codap_28apr,frame_0120,1813.6,motion_only_fallback,1.5471,unknown,BUILD_TREE,EXPLORE_DATA,MIXED,BUILDING,HIGH
Nadia,codap_28apr,frame_0121,1814.8,motion_only_fallback,1.1761,unknown,BUILD_TREE,EXPLORE_DATA,MIXED,BUILDING,MEDIUM
Nadia,codap_28apr,frame_0122,1817.4,motion_only_fallback,0.9591,unknown,TUNE_THRESHOLD,EVALUATE_MODEL,MIXED,TUNING,MEDIUM
Nadia,codap_28apr,frame_0123,1907.5,silent_screen_gap_fill,,unknown,TUNE_THRESHOLD,EXPLORE_DATA,MIXED,TUNING,MEDIUM
Nadia,codap_28apr,frame_0124,1955.7,motion_only_fallback,71.7531,unknown,OFF_TASK,,MIXED,IDLE,LOW
Nadia,codap_28apr,frame_0125,1957.2,motion_only_fallback,79.6042,unknown,TUNE_THRESHOLD,EXPLORE_DATA,MIXED,TUNING,MEDIUM
Nadia,codap_28apr,frame_0126,2047.6,silent_screen_gap_fill,,unknown,TUNE_THRESHOLD,EXPLORE_DATA,MIXED,TUNING,MEDIUM
Nadia,codap_28apr,frame_0127,2138.5,silent_screen_gap_fill,,unknown,COMPARE_MODELS,EXPLORE_DATA,MIXED,EVALUATING,HIGH
Nadia,codap_28apr,frame_0128,2229.3,silent_screen_gap_fill,,unknown,TUNE_THRESHOLD,EXPLORE_DATA,MIXED,TUNING,MEDIUM
Nadia,codap_28apr,frame_0129,2273.6,motion_only_fallback,4.6092,unknown,TUNE_THRESHOLD,EXPLORE_DATA,MIXED,TUNING,MEDIUM
Nadia,codap_28apr,frame_0130,2277.2,motion_only_fallback,6.4005,unknown,TUNE_THRESHOLD,EXPLORE_DATA,MIXED,TUNING,MEDIUM
Nadia,codap_28apr,frame_0131,2279.3,motion_only_fallback,0.9392,unknown,TUNE_THRESHOLD,EXPLORE_DATA,MIXED,TUNING,MEDIUM
Nadia,codap_28apr,frame_0132,2355.6,motion_only_fallback,1.0617,unknown,TUNE_THRESHOLD,EXPLORE_DATA,MIXED,TUNING,MEDIUM
Nadia,codap_28apr,frame_0133,2446.6,silent_screen_gap_fill,,unknown,TUNE_THRESHOLD,EXPLORE_DATA,MIXED,TUNING,MEDIUM
Nadia,codap_28apr,frame_0134,2537.0,silent_screen_gap_fill,,unknown,TUNE_THRESHOLD,EXPLORE_DATA,MIXED,TUNING,MEDIUM
Nadia,codap_28apr,frame_0135,2627.8,silent_screen_gap_fill,,unknown,TUNE_THRESHOLD,EXPLORE_DATA,MIXED,TUNING,MEDIUM
Nadia,codap_28apr,frame_0136,2718.7,silent_screen_gap_fill,,unknown,TUNE_THRESHOLD,EXPLORE_DATA,MIXED,TUNING,MEDIUM
Nadia,codap_28apr,frame_0137,2808.9,silent_screen_gap_fill,,unknown,TUNE_THRESHOLD,EXPLORE_DATA,MIXED,TUNING,MEDIUM
Nadia,codap_28apr,frame_0138,2899.0,silent_screen_gap_fill,,unknown,TUNE_THRESHOLD,EXPLORE_DATA,MIXED,TUNING,MEDIUM
Nadia,codap_28apr,frame_0139,2989.1,silent_screen_gap_fill,,unknown,TUNE_THRESHOLD,EXPLORE_DATA,MIXED,TUNING,MEDIUM
Nadia,codap_28apr,frame_0140,3079.2,silent_screen_gap_fill,,unknown,TUNE_THRESHOLD,EXPLORE_DATA,MIXED,TUNING,MEDIUM
Nadia,codap_28apr,frame_0141,3169.7,silent_screen_gap_fill,,unknown,TUNE_THRESHOLD,EXPLORE_DATA,MIXED,TUNING,MEDIUM
Nadia,codap_28apr,frame_0142,3260.3,silent_screen_gap_fill,,unknown,TUNE_THRESHOLD,EXPLORE_DATA,MIXED,TUNING,MEDIUM
Nadia,codap_28apr,frame_0143,3350.9,silent_screen_gap_fill,,unknown,TUNE_THRESHOLD,EXPLORE_DATA,MIXED,TUNING,MEDIUM
Nadia,codap_28apr,frame_0144,3441.8,silent_screen_gap_fill,,unknown,TUNE_THRESHOLD,EXPLORE_DATA,MIXED,TUNING,MEDIUM
Nadia,codap_28apr,frame_0145,3532.7,silent_screen_gap_fill,,unknown,TUNE_THRESHOLD,EXPLORE_DATA,MIXED,TUNING,MEDIUM
Nadia,codap_28apr,frame_0146,3623.5,silent_screen_gap_fill,,unknown,TUNE_THRESHOLD,EXPLORE_DATA,MIXED,TUNING,MEDIUM
Nadia,codap_28apr,frame_0147,3667.3,motion_only_fallback,2.5245,unknown,TUNE_THRESHOLD,EXPLORE_DATA,MIXED,TUNING,MEDIUM
Nadia,codap_28apr,frame_0148,3668.4,motion_only_fallback,2.4323,unknown,TUNE_THRESHOLD,EXPLORE_DATA,MIXED,TUNING,MEDIUM
Nadia,codap_28apr,frame_0149,3677.8,motion_only_fallback,0.8231,unknown,TUNE_THRESHOLD,EXPLORE_DATA,MIXED,TUNING,MEDIUM
Nadia,codap_28apr,frame_0150,3768.7,silent_screen_gap_fill,,unknown,TUNE_THRESHOLD,EXPLORE_DATA,MIXED,TUNING,MEDIUM
Nadia,codap_28apr,frame_0151,3835.8,motion_only_fallback,1.6287,unknown,TUNE_THRESHOLD,,MIXED,TUNING,MEDIUM
Nadia,codap_28apr,frame_0152,3926.1,silent_screen_gap_fill,,unknown,TUNE_THRESHOLD,EXPLORE_DATA,MIXED,TUNING,MEDIUM
Nadia,codap_28apr,frame_0153,4016.8,silent_screen_gap_fill,,unknown,TUNE_THRESHOLD,EXPLORE_DATA,MIXED,TUNING,MEDIUM
Nadia,codap_28apr,frame_0154,4104.0,motion_only_fallback,3.3349,unknown,TUNE_THRESHOLD,EXPLORE_DATA,MIXED,TUNING,MEDIUM
Nadia,codap_28apr,frame_0155,4107.0,motion_only_fallback,8.8104,unknown,EXPLORE_DATA,,MIXED,SETUP,MEDIUM
Nadia,codap_28apr,frame_0156,4194.8,motion_only_fallback,8.57,unknown,TUNE_THRESHOLD,COMPARE_MODELS,MIXED,TUNING,MEDIUM
Nadia,codap_28apr,frame_0157,4196.0,motion_only_fallback,0.9851,unknown,EXPLORE_DATA,,MENU,SETUP,MEDIUM
Nadia,codap_28apr,frame_0158,4199.7,motion_only_fallback,1.2257,unknown,EXPLORE_DATA,,MENU,SETUP,MEDIUM
Nadia,codap_28apr,frame_0159,4201.3,motion_only_fallback,15.738,unknown,COMPARE_MODELS,EXPLORE_DATA,MIXED,EVALUATING,HIGH
Nadia,codap_28apr,frame_0160,4203.6,motion_only_fallback,6.8615,unknown,COMPARE_MODELS,EXPLORE_DATA,MIXED,EVALUATING,MEDIUM
Nadia,codap_28apr,frame_0161,4204.8,motion_only_fallback,0.972,unknown,EXPLORE_DATA,,MENU,SETUP,MEDIUM
Nadia,codap_28apr,frame_0162,4207.9,motion_only_fallback,1.3308,unknown,TUNE_THRESHOLD,,MIXED,TUNING,MEDIUM
Nadia,codap_28apr,frame_0163,4217.4,motion_only_fallback,15.7691,unknown,OFF_TASK,,MIXED,IDLE,MEDIUM
Nadia,codap_28apr,frame_0164,4219.2,motion_only_fallback,15.8185,unknown,TUNE_THRESHOLD,EXPLORE_DATA,MIXED,TUNING,MEDIUM
Nadia,codap_28apr,frame_0165,4223.0,motion_only_fallback,0.9873,unknown,TUNE_THRESHOLD,EXPLORE_DATA,MIXED,TUNING,MEDIUM
Nadia,codap_28apr,frame_0166,4224.3,motion_only_fallback,1.07,unknown,TUNE_THRESHOLD,EXPLORE_DATA,MIXED,TUNING,MEDIUM
Nadia,codap_28apr,frame_0167,4233.1,motion_only_fallback,2.5777,unknown,TUNE_THRESHOLD,EXPLORE_DATA,MIXED,TUNING,MEDIUM
Nadia,codap_28apr,frame_0168,4239.5,motion_only_fallback,1.3549,unknown,EXPLORE_DATA,,MIXED,SETUP,MEDIUM
Nadia,codap_28apr,frame_0169,4244.4,motion_only_fallback,2.4877,unknown,EXPLORE_DATA,EVALUATE_MODEL,MIXED,SETUP,MEDIUM
Nadia,codap_28apr,frame_0170,4259.9,motion_only_fallback,2.1096,unknown,TUNE_THRESHOLD,EXPLORE_DATA,MIXED,TUNING,MEDIUM
Nadia,codap_28apr,frame_0171,4261.0,motion_only_fallback,0.8953,unknown,EXPLORE_DATA,,MIXED,SETUP,MEDIUM
Nadia,codap_28apr,frame_0172,4262.5,motion_only_fallback,3.3675,unknown,EXPLORE_DATA,,MIXED,SETUP,MEDIUM
Nadia,codap_28apr,frame_0173,4264.2,motion_only_fallback,2.2612,unknown,EXPLORE_DATA,,MIXED,SETUP,MEDIUM
Nadia,codap_28apr,frame_0174,4266.5,motion_only_fallback,12.2432,unknown,EXPLORE_DATA,,MENU,SETUP,MEDIUM
Nadia,codap_28apr,frame_0175,4275.6,motion_only_fallback,1.5835,unknown,EXPLORE_DATA,,MIXED,SETUP,HIGH
Nadia,codap_28apr,frame_0176,4278.5,motion_only_fallback,13.4857,unknown,EXPLORE_DATA,TUNE_THRESHOLD,MIXED,SETUP,MEDIUM
Nadia,codap_28apr,frame_0177,4280.3,motion_only_fallback,4.3571,unknown,TUNE_THRESHOLD,EXPLORE_DATA,MIXED,TUNING,MEDIUM
Nadia,codap_28apr,frame_0178,4283.2,motion_only_fallback,15.7324,unknown,EXPLORE_DATA,,MIXED,SETUP,MEDIUM
Nadia,codap_28apr,frame_0179,4285.5,motion_only_fallback,15.8472,unknown,COMPARE_MODELS,EXPLORE_DATA,MIXED,EVALUATING,MEDIUM
Nadia,codap_28apr,frame_0180,4289.0,motion_only_fallback,2.7612,unknown,EXPLORE_DATA,,MIXED,SETUP,MEDIUM
Nadia,codap_28apr,frame_0181,4290.5,motion_only_fallback,4.1098,unknown,EXPLORE_DATA,,MENU,SETUP,MEDIUM
Nadia,codap_28apr,frame_0182,4297.7,motion_only_fallback,2.466,unknown,EXPLORE_DATA,,MENU,SETUP,MEDIUM
Nadia,codap_28apr,frame_0183,4307.9,motion_only_fallback,1.4346,unknown,BUILD_TREE,EXPLORE_DATA,MIXED,BUILDING,MEDIUM
Nadia,codap_28apr,frame_0184,4315.0,motion_only_fallback,14.892,unknown,BUILD_TREE,EXPLORE_DATA,MIXED,BUILDING,MEDIUM
Nadia,codap_28apr,frame_0185,4316.1,motion_only_fallback,4.1086,unknown,BUILD_TREE,EXPLORE_DATA,MIXED,BUILDING,MEDIUM
Nadia,codap_28apr,frame_0186,4319.3,motion_only_fallback,8.6026,unknown,BUILD_TREE,EXPLORE_DATA,MIXED,BUILDING,MEDIUM
Nadia,codap_28apr,frame_0187,4327.7,motion_only_fallback,1.2355,unknown,BUILD_TREE,EXPLORE_DATA,MIXED,BUILDING,MEDIUM
Nadia,codap_28apr,frame_0188,4328.8,motion_only_fallback,3.0255,unknown,BUILD_TREE,,MIXED,BUILDING,MEDIUM
Nadia,codap_28apr,frame_0189,4342.5,motion_only_fallback,0.8895,unknown,COMPARE_MODELS,,MIXED,EVALUATING,HIGH
Nadia,codap_28apr,frame_0190,4347.7,motion_only_fallback,2.218,unknown,COMPARE_MODELS,,MIXED,EVALUATING,HIGH
Nadia,codap_28apr,frame_0191,4354.0,motion_only_fallback,5.8744,unknown,TUNE_THRESHOLD,EXPLORE_DATA,MIXED,TUNING,MEDIUM
Nadia,codap_28apr,frame_0192,4376.4,motion_only_fallback,1.8623,unknown,TUNE_THRESHOLD,EXPLORE_DATA,MIXED,TUNING,MEDIUM
Nadia,codap_28apr,frame_0193,4379.1,motion_only_fallback,1.8092,unknown,TUNE_THRESHOLD,EXPLORE_DATA,MIXED,TUNING,MEDIUM
Nadia,codap_28apr,frame_0194,4380.7,motion_only_fallback,1.7049,unknown,TUNE_THRESHOLD,,MIXED,TUNING,MEDIUM
Nadia,codap_28apr,frame_0195,4396.0,motion_only_fallback,3.4171,unknown,TUNE_THRESHOLD,EXPLORE_DATA,MIXED,TUNING,MEDIUM
Nadia,codap_28apr,frame_0196,4399.7,motion_only_fallback,1.9342,unknown,TUNE_THRESHOLD,EXPLORE_DATA,MIXED,TUNING,MEDIUM
Nadia,codap_28apr,frame_0197,4401.7,motion_only_fallback,1.4246,unknown,BUILD_TREE,EXPLORE_DATA,MIXED,BUILDING,MEDIUM
Nadia,codap_28apr,frame_0198,4403.7,motion_only_fallback,3.7106,unknown,TUNE_THRESHOLD,,MIXED,TUNING,MEDIUM
Nadia,codap_28apr,frame_0199,4409.3,motion_only_fallback,9.4371,unknown,BUILD_TREE,EXPLORE_DATA,MIXED,BUILDING,MEDIUM
Nadia,codap_28apr,frame_0200,4410.5,motion_only_fallback,2.7641,unknown,BUILD_TREE,EXPLORE_DATA,MIXED,BUILDING,MEDIUM
Nadia,codap_28apr,frame_0201,4420.1,motion_only_fallback,12.9549,unknown,BUILD_TREE,EXPLORE_DATA,MIXED,BUILDING,MEDIUM
Nadia,codap_28apr,frame_0202,4421.5,motion_only_fallback,12.2222,unknown,BUILD_TREE,EXPLORE_DATA,MIXED,BUILDING,MEDIUM
Nadia,codap_28apr,frame_0203,4425.5,motion_only_fallback,1.2458,unknown,BUILD_TREE,EXPLORE_DATA,MIXED,BUILDING,HIGH
Nadia,codap_28apr,frame_0204,4426.6,motion_only_fallback,2.6759,unknown,BUILD_TREE,EXPLORE_DATA,MIXED,BUILDING,MEDIUM
Nadia,codap_28apr,frame_0205,4439.3,motion_only_fallback,1.189,unknown,TUNE_THRESHOLD,,MIXED,TUNING,HIGH
Nadia,codap_28apr,frame_0206,4444.7,motion_only_fallback,1.2622,unknown,TUNE_THRESHOLD,EXPLORE_DATA,MIXED,TUNING,MEDIUM
Nadia,codap_28apr,frame_0207,4446.1,motion_only_fallback,1.2666,unknown,TUNE_THRESHOLD,EVALUATE_MODEL,MIXED,TUNING,MEDIUM
Nadia,codap_28apr,frame_0208,4450.7,motion_only_fallback,2.5907,unknown,BUILD_TREE,,MIXED,BUILDING,MEDIUM
Nadia,codap_28apr,frame_0209,4468.2,motion_only_fallback,2.5878,unknown,BUILD_TREE,,MIXED,BUILDING,MEDIUM
Nadia,codap_28apr,frame_0210,4477.1,motion_only_fallback,2.0185,unknown,TUNE_THRESHOLD,EVALUATE_MODEL,MIXED,TUNING,MEDIUM
Nadia,codap_28apr,frame_0211,4478.4,motion_only_fallback,1.4435,unknown,TUNE_THRESHOLD,EVALUATE_MODEL,MIXED,TUNING,MEDIUM
Nadia,codap_28apr,frame_0212,4490.2,motion_only_fallback,4.174,unknown,EXPLORE_DATA,,MIXED,SETUP,MEDIUM
Nadia,codap_28apr,frame_0213,4492.6,motion_only_fallback,8.3283,unknown,TUNE_THRESHOLD,,MIXED,TUNING,MEDIUM
Nadia,codap_28apr,frame_0214,4497.0,motion_only_fallback,11.6352,unknown,TUNE_THRESHOLD,EVALUATE_MODEL,MIXED,TUNING,MEDIUM
Nadia,codap_28apr,frame_0215,4498.9,motion_only_fallback,3.4869,unknown,TUNE_THRESHOLD,EXPLORE_DATA,MIXED,TUNING,MEDIUM
Serena,codap_28apr,frame_0001,18.3,motion_only_fallback,75.2791,unknown,EXPLORE_DATA,,MENU,SETUP,MEDIUM
Serena,codap_28apr,frame_0002,75.0,motion_only_fallback,6.977,unknown,OFF_TASK,,MENU,IDLE,HIGH
Serena,codap_28apr,frame_0003,79.0,motion_only_fallback,75.2801,unknown,OFF_TASK,,MENU,IDLE,HIGH
Serena,codap_28apr,frame_0004,99.4,motion_only_fallback,1.5858,unknown,OFF_TASK,,MENU,IDLE,HIGH
Serena,codap_28apr,frame_0005,108.6,motion_only_fallback,0.8094,unknown,EXPLORE_DATA,,MENU,SETUP,MEDIUM
Serena,codap_28apr,frame_0006,123.5,motion_only_fallback,15.9819,unknown,EXPLORE_DATA,,CODAP,SETUP,HIGH
Serena,codap_28apr,frame_0007,128.8,motion_only_fallback,1.2454,unknown,EXPLORE_DATA,,TREE,SETUP,MEDIUM
Serena,codap_28apr,frame_0008,132.6,motion_only_fallback,4.2205,unknown,EXPLORE_DATA,,MIXED,SETUP,MEDIUM
Serena,codap_28apr,frame_0009,133.9,motion_only_fallback,0.8214,unknown,EXPLORE_DATA,,MIXED,SETUP,MEDIUM
Serena,codap_28apr,frame_0010,135.0,motion_only_fallback,5.8272,unknown,EXPLORE_DATA,,MIXED,SETUP,MEDIUM
Serena,codap_28apr,frame_0011,137.2,motion_only_fallback,3.6559,unknown,EXPLORE_DATA,,MENU,SETUP,MEDIUM
Serena,codap_28apr,frame_0012,139.0,motion_only_fallback,2.8194,unknown,EXPLORE_DATA,,MENU,SETUP,HIGH
Serena,codap_28apr,frame_0013,146.1,motion_only_fallback,0.8351,unknown,EXPLORE_DATA,,MIXED,SETUP,MEDIUM
Serena,codap_28apr,frame_0014,147.4,motion_only_fallback,0.8301,unknown,EXPLORE_DATA,,MIXED,SETUP,MEDIUM
Serena,codap_28apr,frame_0015,157.5,motion_only_fallback,0.8499,unknown,EXPLORE_DATA,,MIXED,SETUP,HIGH
Serena,codap_28apr,frame_0016,177.6,motion_only_fallback,1.0284,unknown,EXPLORE_DATA,,CODAP,SETUP,HIGH
Serena,codap_28apr,frame_0017,241.7,motion_only_fallback,0.9504,unknown,EXPLORE_DATA,,CODAP,SETUP,HIGH
Serena,codap_28apr,frame_0018,242.8,motion_only_fallback,1.2913,unknown,EXPLORE_DATA,,MIXED,SETUP,HIGH
Serena,codap_28apr,frame_0019,248.1,motion_only_fallback,0.9323,unknown,EXPLORE_DATA,,CODAP,SETUP,HIGH
Serena,codap_28apr,frame_0020,263.9,motion_only_fallback,3.1358,unknown,EXPLORE_DATA,,MIXED,SETUP,MEDIUM
Serena,codap_28apr,frame_0021,272.4,motion_only_fallback,1.4576,unknown,EXPLORE_DATA,,MENU,SETUP,HIGH
Serena,codap_28apr,frame_0022,279.9,motion_only_fallback,3.6246,unknown,EXPLORE_DATA,,MIXED,SETUP,HIGH
Serena,codap_28apr,frame_0023,288.2,motion_only_fallback,1.8326,unknown,EXPLORE_DATA,,MIXED,SETUP,HIGH
Serena,codap_28apr,frame_0024,290.8,motion_only_fallback,2.445,unknown,EXPLORE_DATA,,MIXED,SETUP,MEDIUM
Serena,codap_28apr,frame_0025,291.8,motion_only_fallback,1.3833,unknown,EXPLORE_DATA,,MIXED,SETUP,MEDIUM
Serena,codap_28apr,frame_0026,292.8,motion_only_fallback,1.5245,unknown,EXPLORE_DATA,,MENU,SETUP,HIGH
Serena,codap_28apr,frame_0027,298.6,motion_only_fallback,2.2292,unknown,EXPLORE_DATA,,MIXED,SETUP,HIGH
Serena,codap_28apr,frame_0028,341.3,motion_only_fallback,1.4909,unknown,EXPLORE_DATA,,MIXED,SETUP,MEDIUM
Serena,codap_28apr,frame_0029,359.9,motion_only_fallback,1.951,unknown,EXPLORE_DATA,,MIXED,SETUP,HIGH
Serena,codap_28apr,frame_0030,366.2,motion_only_fallback,1.6771,unknown,EXPLORE_DATA,,MIXED,SETUP,HIGH
Serena,codap_28apr,frame_0031,370.0,motion_only_fallback,5.8036,unknown,EXPLORE_DATA,,MIXED,SETUP,HIGH
Serena,codap_28apr,frame_0032,375.1,motion_only_fallback,4.0926,unknown,EXPLORE_DATA,,MIXED,SETUP,HIGH
Serena,codap_28apr,frame_0033,391.8,motion_only_fallback,4.7988,unknown,EXPLORE_DATA,,MIXED,SETUP,HIGH
Serena,codap_28apr,frame_0034,395.5,motion_only_fallback,9.8933,unknown,EXPLORE_DATA,,MIXED,SETUP,HIGH
Serena,codap_28apr,frame_0035,415.9,motion_only_fallback,4.3322,unknown,EXPLORE_DATA,,MENU,SETUP,HIGH
Serena,codap_28apr,frame_0036,420.8,motion_only_fallback,21.7629,unknown,EXPLORE_DATA,,MIXED,SETUP,HIGH
Serena,codap_28apr,frame_0037,427.7,motion_only_fallback,9.8247,unknown,EXPLORE_DATA,,MIXED,SETUP,HIGH
Serena,codap_28apr,frame_0038,443.8,motion_only_fallback,1.9464,unknown,EXPLORE_DATA,,MIXED,SETUP,HIGH
Serena,codap_28apr,frame_0039,445.2,motion_only_fallback,12.3036,unknown,EXPLORE_DATA,,MIXED,SETUP,HIGH
Serena,codap_28apr,frame_0040,450.5,motion_only_fallback,5.9763,unknown,EXPLORE_DATA,,MIXED,SETUP,HIGH
Serena,codap_28apr,frame_0041,452.0,motion_only_fallback,5.9354,unknown,EXPLORE_DATA,,MIXED,SETUP,HIGH
Serena,codap_28apr,frame_0042,453.2,motion_only_fallback,5.865,unknown,EXPLORE_DATA,,MIXED,SETUP,HIGH
Serena,codap_28apr,frame_0043,457.9,motion_only_fallback,1.0104,unknown,BUILD_TREE,EXPLORE_DATA,MIXED,BUILDING,MEDIUM
Serena,codap_28apr,frame_0044,460.7,motion_only_fallback,11.8235,unknown,BUILD_TREE,EXPLORE_DATA,MIXED,BUILDING,HIGH
Serena,codap_28apr,frame_0045,484.0,motion_only_fallback,3.8052,unknown,TUNE_THRESHOLD,EXPLORE_DATA,MIXED,TUNING,MEDIUM
Serena,codap_28apr,frame_0046,490.5,motion_only_fallback,6.6485,unknown,EXPLORE_DATA,,MENU,SETUP,HIGH
Serena,codap_28apr,frame_0047,491.6,motion_only_fallback,6.6236,unknown,EXPLORE_DATA,,MIXED,SETUP,MEDIUM
Serena,codap_28apr,frame_0048,500.7,motion_only_fallback,3.7618,unknown,TUNE_THRESHOLD,EXPLORE_DATA,MIXED,TUNING,HIGH
Serena,codap_28apr,frame_0049,559.8,motion_only_fallback,1.8366,unknown,BUILD_TREE,EXPLORE_DATA,MIXED,BUILDING,HIGH
Serena,codap_28apr,frame_0050,584.1,motion_only_fallback,1.8426,unknown,EXPLORE_DATA,,MENU,SETUP,HIGH
Serena,codap_28apr,frame_0051,585.2,motion_only_fallback,1.2027,unknown,EXPLORE_DATA,TUNE_THRESHOLD,MIXED,SETUP,MEDIUM
Serena,codap_28apr,frame_0052,590.6,motion_only_fallback,1.1368,unknown,EXPLORE_DATA,TUNE_THRESHOLD,MIXED,SETUP,MEDIUM
Serena,codap_28apr,frame_0053,592.5,motion_only_fallback,2.8744,unknown,EXPLORE_DATA,,MIXED,SETUP,MEDIUM
Serena,codap_28apr,frame_0054,609.5,motion_only_fallback,1.4965,unknown,EXPLORE_DATA,TUNE_THRESHOLD,MIXED,SETUP,MEDIUM
Serena,codap_28apr,frame_0055,699.9,silent_screen_gap_fill,,unknown,EXPLORE_DATA,,MIXED,SETUP,MEDIUM
Serena,codap_28apr,frame_0056,772.8,motion_only_fallback,2.0029,unknown,TUNE_THRESHOLD,EXPLORE_DATA,MIXED,TUNING,MEDIUM
Serena,codap_28apr,frame_0057,774.4,motion_only_fallback,2.7103,unknown,TUNE_THRESHOLD,EXPLORE_DATA,MIXED,TUNING,MEDIUM
Serena,codap_28apr,frame_0058,776.8,motion_only_fallback,0.8052,unknown,COMPARE_MODELS,,MIXED,EVALUATING,MEDIUM
Serena,codap_28apr,frame_0059,778.3,motion_only_fallback,1.8843,unknown,COMPARE_MODELS,,MIXED,EVALUATING,HIGH
Serena,codap_28apr,frame_0060,779.4,motion_only_fallback,1.6983,unknown,TUNE_THRESHOLD,COMPARE_MODELS,MIXED,TUNING,MEDIUM
Serena,codap_28apr,frame_0061,807.2,motion_only_fallback,2.5168,unknown,EXPLORE_DATA,,MIXED,SETUP,MEDIUM
Serena,codap_28apr,frame_0062,812.9,motion_only_fallback,3.5473,unknown,COMPARE_MODELS,,MIXED,EVALUATING,HIGH
Serena,codap_28apr,frame_0063,825.7,motion_only_fallback,3.2103,unknown,COMPARE_MODELS,,MIXED,EVALUATING,MEDIUM
Serena,codap_28apr,frame_0064,827.9,motion_only_fallback,2.2288,unknown,EXPLORE_DATA,,MIXED,SETUP,MEDIUM
Serena,codap_28apr,frame_0065,845.9,motion_only_fallback,2.45,unknown,TUNE_THRESHOLD,EXPLORE_DATA,MIXED,TUNING,MEDIUM
Serena,codap_28apr,frame_0066,860.7,motion_only_fallback,2.2286,unknown,EXPLORE_DATA,,MIXED,SETUP,MEDIUM
Serena,codap_28apr,frame_0067,875.6,motion_only_fallback,18.4171,unknown,TUNE_THRESHOLD,EVALUATE_MODEL,MIXED,TUNING,MEDIUM
Serena,codap_28apr,frame_0068,882.6,motion_only_fallback,2.3142,unknown,COMPARE_MODELS,EXPLORE_DATA,MIXED,EVALUATING,HIGH
Serena,codap_28apr,frame_0069,883.6,motion_only_fallback,0.9633,unknown,TUNE_THRESHOLD,EXPLORE_DATA,MIXED,TUNING,MEDIUM
Serena,codap_28apr,frame_0070,888.3,motion_only_fallback,3.387,unknown,TUNE_THRESHOLD,,MIXED,TUNING,HIGH
Serena,codap_28apr,frame_0071,894.2,motion_only_fallback,3.4182,unknown,EXPLORE_DATA,,MIXED,SETUP,MEDIUM
Serena,codap_28apr,frame_0072,897.1,motion_only_fallback,1.7459,unknown,TUNE_THRESHOLD,EXPLORE_DATA,MIXED,TUNING,MEDIUM
Serena,codap_28apr,frame_0073,903.1,motion_only_fallback,1.3883,unknown,COMPARE_MODELS,,MIXED,EVALUATING,MEDIUM
Serena,codap_28apr,frame_0074,904.1,motion_only_fallback,1.6678,unknown,COMPARE_MODELS,,MIXED,EVALUATING,MEDIUM
Serena,codap_28apr,frame_0075,918.8,motion_only_fallback,2.099,unknown,EXPLORE_DATA,,MIXED,SETUP,MEDIUM
Serena,codap_28apr,frame_0076,940.1,motion_only_fallback,2.3235,unknown,TUNE_THRESHOLD,,MIXED,TUNING,MEDIUM
Serena,codap_28apr,frame_0077,948.8,motion_only_fallback,2.0976,unknown,EXPLORE_DATA,,MIXED,SETUP,MEDIUM
Serena,codap_28apr,frame_0078,969.3,motion_only_fallback,1.5874,unknown,TUNE_THRESHOLD,EXPLORE_DATA,MIXED,TUNING,MEDIUM
Serena,codap_28apr,frame_0079,971.8,motion_only_fallback,2.2982,unknown,EXPLORE_DATA,EVALUATE_MODEL,MIXED,SETUP,MEDIUM
Serena,codap_28apr,frame_0080,972.8,motion_only_fallback,1.7726,unknown,EXPLORE_DATA,,MIXED,SETUP,MEDIUM
Serena,codap_28apr,frame_0081,974.4,motion_only_fallback,0.9456,unknown,COMPARE_MODELS,EXPLORE_DATA,MIXED,EVALUATING,MEDIUM
Serena,codap_28apr,frame_0082,978.7,motion_only_fallback,1.223,unknown,EXPLORE_DATA,,MIXED,SETUP,MEDIUM
Serena,codap_28apr,frame_0083,980.2,motion_only_fallback,0.8432,unknown,EXPLORE_DATA,,MENU,SETUP,MEDIUM
Serena,codap_28apr,frame_0084,981.7,motion_only_fallback,1.2629,unknown,EXPLORE_DATA,,MIXED,SETUP,MEDIUM
Serena,codap_28apr,frame_0085,984.4,motion_only_fallback,1.1842,unknown,TUNE_THRESHOLD,EXPLORE_DATA,MIXED,TUNING,MEDIUM
Serena,codap_28apr,frame_0086,985.4,motion_only_fallback,2.5272,unknown,TUNE_THRESHOLD,EXPLORE_DATA,MIXED,TUNING,MEDIUM
Serena,codap_28apr,frame_0087,990.4,motion_only_fallback,0.8324,unknown,EXPLORE_DATA,,MIXED,SETUP,MEDIUM
Serena,codap_28apr,frame_0088,991.4,motion_only_fallback,1.0004,unknown,EXPLORE_DATA,,MIXED,SETUP,MEDIUM
Serena,codap_28apr,frame_0089,992.8,motion_only_fallback,2.7114,unknown,EXPLORE_DATA,,MIXED,SETUP,MEDIUM
Serena,codap_28apr,frame_0090,994.0,motion_only_fallback,1.2031,unknown,TUNE_THRESHOLD,EXPLORE_DATA,MIXED,TUNING,MEDIUM
Serena,codap_28apr,frame_0091,998.8,motion_only_fallback,8.3175,unknown,BUILD_TREE,,MIXED,BUILDING,MEDIUM
Serena,codap_28apr,frame_0092,1000.8,motion_only_fallback,0.9365,unknown,EXPLORE_DATA,,MIXED,SETUP,MEDIUM
Serena,codap_28apr,frame_0093,1001.9,motion_only_fallback,1.1144,unknown,EXPLORE_DATA,,MIXED,SETUP,MEDIUM
Serena,codap_28apr,frame_0094,1004.0,motion_only_fallback,8.0617,unknown,TUNE_THRESHOLD,EXPLORE_DATA,MIXED,TUNING,MEDIUM
Serena,codap_28apr,frame_0095,1008.9,motion_only_fallback,20.2868,unknown,TUNE_THRESHOLD,EXPLORE_DATA,MIXED,TUNING,MEDIUM
Serena,codap_28apr,frame_0096,1046.4,motion_only_fallback,1.7907,unknown,TUNE_THRESHOLD,EXPLORE_DATA,MIXED,TUNING,MEDIUM
Serena,codap_28apr,frame_0097,1062.1,motion_only_fallback,3.4693,unknown,TUNE_THRESHOLD,,MIXED,TUNING,HIGH
Serena,codap_28apr,frame_0098,1076.7,motion_only_fallback,1.7222,unknown,EVALUATE_MODEL,EXPLORE_DATA,MIXED,EVALUATING,MEDIUM
Serena,codap_28apr,frame_0099,1112.1,motion_only_fallback,3.4657,unknown,TUNE_THRESHOLD,,MIXED,TUNING,HIGH
Serena,codap_28apr,frame_0100,1114.9,motion_only_fallback,2.4508,unknown,TUNE_THRESHOLD,,MIXED,TUNING,HIGH
Serena,codap_28apr,frame_0101,1126.9,motion_only_fallback,20.2444,unknown,TUNE_THRESHOLD,EVALUATE_MODEL,MIXED,TUNING,MEDIUM
Serena,codap_28apr,frame_0102,1147.0,motion_only_fallback,19.1698,unknown,TUNE_THRESHOLD,EXPLORE_DATA,MIXED,TUNING,MEDIUM
Serena,codap_28apr,frame_0103,1153.5,motion_only_fallback,2.6559,unknown,TUNE_THRESHOLD,EXPLORE_DATA,MIXED,TUNING,MEDIUM
Serena,codap_28apr,frame_0104,1225.0,motion_only_fallback,1.1192,unknown,TUNE_THRESHOLD,EXPLORE_DATA,MIXED,TUNING,MEDIUM
Serena,codap_28apr,frame_0105,1228.7,motion_only_fallback,1.1499,unknown,BUILD_TREE,EXPLORE_DATA,MIXED,BUILDING,MEDIUM
Serena,codap_28apr,frame_0106,1232.1,motion_only_fallback,0.86,unknown,BUILD_TREE,,MIXED,BUILDING,HIGH
Serena,codap_28apr,frame_0107,1248.4,motion_only_fallback,0.8029,unknown,BUILD_TREE,EXPLORE_DATA,MIXED,BUILDING,MEDIUM
Serena,codap_28apr,frame_0108,1263.3,motion_only_fallback,1.3584,unknown,TUNE_THRESHOLD,EXPLORE_DATA,MIXED,TUNING,MEDIUM
Serena,codap_28apr,frame_0109,1267.8,motion_only_fallback,1.0615,unknown,TUNE_THRESHOLD,,MIXED,TUNING,HIGH
Serena,codap_28apr,frame_0110,1279.4,motion_only_fallback,3.5224,unknown,TUNE_THRESHOLD,EXPLORE_DATA,MIXED,TUNING,MEDIUM
Serena,codap_28apr,frame_0111,1295.8,motion_only_fallback,2.13,unknown,TUNE_THRESHOLD,EXPLORE_DATA,MIXED,TUNING,MEDIUM
Serena,codap_28apr,frame_0112,1311.7,motion_only_fallback,2.2994,unknown,COMPARE_MODELS,EXPLORE_DATA,MIXED,EVALUATING,MEDIUM
Serena,codap_28apr,frame_0113,1324.2,motion_only_fallback,2.1285,unknown,TUNE_THRESHOLD,EXPLORE_DATA,MIXED,TUNING,MEDIUM
Serena,codap_28apr,frame_0114,1331.8,motion_only_fallback,2.1044,unknown,TUNE_THRESHOLD,EXPLORE_DATA,MIXED,TUNING,MEDIUM
Serena,codap_28apr,frame_0115,1340.0,motion_only_fallback,2.3403,unknown,TUNE_THRESHOLD,EXPLORE_DATA,MIXED,TUNING,MEDIUM
Serena,codap_28apr,frame_0116,1344.1,motion_only_fallback,1.0544,unknown,COMPARE_MODELS,EXPLORE_DATA,MIXED,EVALUATING,MEDIUM
Serena,codap_28apr,frame_0117,1346.6,motion_only_fallback,13.7552,unknown,EXPLORE_DATA,,MIXED,SETUP,MEDIUM
Serena,codap_28apr,frame_0118,1364.7,motion_only_fallback,10.8347,unknown,EXPLORE_DATA,,MIXED,SETUP,MEDIUM
Serena,codap_28apr,frame_0119,1366.3,motion_only_fallback,1.2367,unknown,EXPLORE_DATA,,MIXED,SETUP,MEDIUM
Serena,codap_28apr,frame_0120,1378.1,motion_only_fallback,1.1281,unknown,TUNE_THRESHOLD,,MIXED,TUNING,MEDIUM
Serena,codap_28apr,frame_0121,1384.9,motion_only_fallback,10.2529,unknown,BUILD_TREE,EXPLORE_DATA,MIXED,BUILDING,MEDIUM
Serena,codap_28apr,frame_0122,1403.9,motion_only_fallback,2.3007,unknown,TUNE_THRESHOLD,EXPLORE_DATA,MIXED,TUNING,MEDIUM
Serena,codap_28apr,frame_0123,1405.8,motion_only_fallback,3.0212,unknown,TUNE_THRESHOLD,EXPLORE_DATA,MIXED,TUNING,MEDIUM
Serena,codap_28apr,frame_0124,1408.0,motion_only_fallback,1.5557,unknown,COMPARE_MODELS,EXPLORE_DATA,MIXED,EVALUATING,MEDIUM
Serena,codap_28apr,frame_0125,1416.6,motion_only_fallback,2.4161,unknown,COMPARE_MODELS,EXPLORE_DATA,MIXED,EVALUATING,MEDIUM
Serena,codap_28apr,frame_0126,1436.4,motion_only_fallback,2.3596,unknown,COMPARE_MODELS,EXPLORE_DATA,MIXED,EVALUATING,MEDIUM
Serena,codap_28apr,frame_0127,1459.8,motion_only_fallback,2.1242,unknown,TUNE_THRESHOLD,EXPLORE_DATA,MIXED,TUNING,MEDIUM
Serena,codap_28apr,frame_0128,1472.2,motion_only_fallback,2.3611,unknown,COMPARE_MODELS,EXPLORE_DATA,MIXED,EVALUATING,HIGH
Serena,codap_28apr,frame_0129,1563.0,silent_screen_gap_fill,,unknown,EXPLORE_DATA,,MIXED,SETUP,MEDIUM
Serena,codap_28apr,frame_0130,1653.0,silent_screen_gap_fill,,unknown,BUILD_TREE,EXPLORE_DATA,MIXED,BUILDING,MEDIUM
Serena,codap_28apr,frame_0131,1661.8,motion_only_fallback,2.3895,unknown,COMPARE_MODELS,EXPLORE_DATA,MIXED,EVALUATING,MEDIUM
Serena,codap_28apr,frame_0132,1662.9,motion_only_fallback,1.7569,unknown,COMPARE_MODELS,,MIXED,EVALUATING,MEDIUM
Serena,codap_28apr,frame_0133,1753.8,silent_screen_gap_fill,,unknown,COMPARE_MODELS,EXPLORE_DATA,MIXED,EVALUATING,HIGH
Serena,codap_28apr,frame_0134,1844.5,silent_screen_gap_fill,,unknown,COMPARE_MODELS,EXPLORE_DATA,MIXED,EVALUATING,HIGH
Serena,codap_28apr,frame_0135,1893.5,motion_only_fallback,5.2892,unknown,COMPARE_MODELS,EXPLORE_DATA,MIXED,EVALUATING,HIGH
Serena,codap_28apr,frame_0136,1983.5,silent_screen_gap_fill,,unknown,EXPLORE_DATA,TUNE_THRESHOLD,MIXED,SETUP,MEDIUM
Serena,codap_28apr,frame_0137,2072.8,motion_only_fallback,13.5395,unknown,TUNE_THRESHOLD,,MIXED,TUNING,MEDIUM
Serena,codap_28apr,frame_0138,2074.3,motion_only_fallback,2.38,unknown,COMPARE_MODELS,EXPLORE_DATA,MIXED,EVALUATING,MEDIUM
Serena,codap_28apr,frame_0139,2169.3,silent_screen_gap_fill,,unknown,OFF_TASK,,MENU,IDLE,HIGH
Serena,codap_28apr,frame_0140,2172.9,motion_only_fallback,0.8762,unknown,OFF_TASK,,MENU,IDLE,HIGH
Serena,codap_28apr,frame_0141,2177.7,motion_only_fallback,10.935,unknown,OFF_TASK,,MENU,IDLE,HIGH
Serena,codap_28apr,frame_0142,2181.5,motion_only_fallback,6.6404,unknown,OFF_TASK,,MENU,IDLE,HIGH
Serena,codap_28apr,frame_0143,2184.9,motion_only_fallback,6.6636,unknown,OFF_TASK,,MENU,IDLE,HIGH
Serena,codap_28apr,frame_0144,2187.3,motion_only_fallback,6.6366,unknown,OFF_TASK,,MENU,IDLE,HIGH
Serena,codap_28apr,frame_0145,2192.7,motion_only_fallback,6.5853,unknown,OFF_TASK,,MENU,IDLE,HIGH
Serena,codap_28apr,frame_0146,2197.1,motion_only_fallback,1.1078,unknown,OFF_TASK,,MENU,IDLE,HIGH
Serena,codap_28apr,frame_0147,2198.3,motion_only_fallback,12.2296,unknown,OFF_TASK,,MENU,IDLE,HIGH
Serena,codap_28apr,frame_0148,2224.2,motion_only_fallback,16.6933,unknown,EXPLORE_DATA,TUNE_THRESHOLD,MIXED,SETUP,MEDIUM
Serena,codap_28apr,frame_0149,2247.9,motion_only_fallback,10.0208,unknown,EXPLORE_DATA,,MIXED,SETUP,MEDIUM
Serena,codap_28apr,frame_0150,2253.4,motion_only_fallback,22.6177,unknown,EXPLORE_DATA,,MIXED,SETUP,MEDIUM
Serena,codap_28apr,frame_0151,2267.1,motion_only_fallback,1.3762,unknown,EXPLORE_DATA,,MIXED,SETUP,MEDIUM
Serena,codap_28apr,frame_0152,2270.9,motion_only_fallback,62.3742,unknown,EXPLORE_DATA,,MIXED,SETUP,MEDIUM
Serena,codap_28apr,frame_0153,2273.6,motion_only_fallback,8.9728,unknown,EXPLORE_DATA,TUNE_THRESHOLD,MIXED,SETUP,MEDIUM
Serena,codap_28apr,frame_0154,2284.8,motion_only_fallback,5.0505,unknown,TUNE_THRESHOLD,EXPLORE_DATA,MIXED,TUNING,MEDIUM
Serena,codap_28apr,frame_0155,2286.4,motion_only_fallback,4.3692,unknown,COMPARE_MODELS,EXPLORE_DATA,MIXED,EVALUATING,MEDIUM
Serena,codap_28apr,frame_0156,2287.4,motion_only_fallback,1.4444,unknown,COMPARE_MODELS,EXPLORE_DATA,MIXED,EVALUATING,MEDIUM
Serena,codap_28apr,frame_0157,2288.5,motion_only_fallback,1.7544,unknown,BUILD_TREE,EXPLORE_DATA,MIXED,BUILDING,MEDIUM
Serena,codap_28apr,frame_0158,2292.0,motion_only_fallback,1.7529,unknown,IDLE_THINKING,,MIXED,IDLE,MEDIUM
Serena,codap_28apr,frame_0159,2304.3,motion_only_fallback,2.2373,unknown,COMPARE_MODELS,,MIXED,EVALUATING,MEDIUM
Serena,codap_28apr,frame_0160,2308.0,motion_only_fallback,3.1983,unknown,COMPARE_MODELS,,MIXED,EVALUATING,HIGH
Serena,codap_28apr,frame_0161,2317.3,motion_only_fallback,1.9757,unknown,EVALUATE_MODEL,EXPLORE_DATA,MIXED,EVALUATING,MEDIUM
Serena,codap_28apr,frame_0162,2318.3,motion_only_fallback,1.0721,unknown,COMPARE_MODELS,EXPLORE_DATA,MIXED,EVALUATING,HIGH
Serena,codap_28apr,frame_0163,2320.0,motion_only_fallback,5.3974,unknown,COMPARE_MODELS,,MIXED,EVALUATING,MEDIUM
Serena,codap_28apr,frame_0164,2321.6,motion_only_fallback,2.4466,unknown,COMPARE_MODELS,EXPLORE_DATA,MIXED,EVALUATING,MEDIUM
Serena,codap_28apr,frame_0165,2327.1,motion_only_fallback,4.8005,unknown,COMPARE_MODELS,EXPLORE_DATA,MIXED,EVALUATING,MEDIUM
Serena,codap_28apr,frame_0166,2335.3,motion_only_fallback,4.8391,unknown,COMPARE_MODELS,,MIXED,EVALUATING,HIGH
Serena,codap_28apr,frame_0167,2353.5,motion_only_fallback,2.0125,unknown,BUILD_TREE,EXPLORE_DATA,MIXED,BUILDING,MEDIUM
Serena,codap_28apr,frame_0168,2368.9,motion_only_fallback,1.0527,unknown,TUNE_THRESHOLD,EXPLORE_DATA,MIXED,TUNING,MEDIUM
Serena,codap_28apr,frame_0169,2371.9,motion_only_fallback,3.3953,unknown,EXPLORE_DATA,,MIXED,SETUP,MEDIUM
Serena,codap_28apr,frame_0170,2387.8,motion_only_fallback,2.6397,unknown,COMPARE_MODELS,EXPLORE_DATA,MIXED,EVALUATING,MEDIUM
Serena,codap_28apr,frame_0171,2391.6,motion_only_fallback,4.9452,unknown,EXPLORE_DATA,,MIXED,SETUP,MEDIUM
Serena,codap_28apr,frame_0172,2394.1,motion_only_fallback,2.7492,unknown,EXPLORE_DATA,,MIXED,SETUP,MEDIUM
Serena,codap_28apr,frame_0173,2396.9,motion_only_fallback,1.7822,unknown,EXPLORE_DATA,TUNE_THRESHOLD,MIXED,SETUP,MEDIUM
Serena,codap_28apr,frame_0174,2399.7,motion_only_fallback,1.3679,unknown,EXPLORE_DATA,COMPARE_MODELS,MIXED,SETUP,MEDIUM
Serena,codap_28apr,frame_0175,2401.4,motion_only_fallback,3.2706,unknown,COMPARE_MODELS,EXPLORE_DATA,MIXED,EVALUATING,MEDIUM
Serena,codap_28apr,frame_0176,2407.4,motion_only_fallback,8.31,unknown,BUILD_TREE,EXPLORE_DATA,MIXED,BUILDING,MEDIUM
Serena,codap_28apr,frame_0177,2432.2,motion_only_fallback,2.6418,unknown,TUNE_THRESHOLD,,MIXED,TUNING,MEDIUM
Serena,codap_28apr,frame_0178,2434.5,motion_only_fallback,5.2758,unknown,TUNE_THRESHOLD,,MIXED,TUNING,MEDIUM
Serena,codap_28apr,frame_0179,2444.6,motion_only_fallback,7.4198,unknown,COMPARE_MODELS,,MIXED,EVALUATING,HIGH
Serena,codap_28apr,frame_0180,2460.1,motion_only_fallback,1.8027,unknown,EXPLORE_DATA,,MIXED,SETUP,MEDIUM
Serena,codap_28apr,frame_0181,2471.6,motion_only_fallback,0.8447,unknown,EXPLORE_DATA,,MIXED,SETUP,MEDIUM
Serena,codap_28apr,frame_0182,2474.1,motion_only_fallback,3.3507,unknown,TUNE_THRESHOLD,,MIXED,TUNING,MEDIUM
Serena,codap_28apr,frame_0183,2476.3,motion_only_fallback,2.8399,unknown,COMPARE_MODELS,EXPLORE_DATA,MIXED,EVALUATING,MEDIUM
Serena,codap_28apr,frame_0184,2486.0,motion_only_fallback,1.3385,unknown,EXPLORE_DATA,,MIXED,SETUP,MEDIUM
Serena,codap_28apr,frame_0185,2498.7,motion_only_fallback,7.1233,unknown,COMPARE_MODELS,EXPLORE_DATA,MIXED,EVALUATING,MEDIUM
Serena,codap_28apr,frame_0186,2504.2,motion_only_fallback,7.0062,unknown,TUNE_THRESHOLD,COMPARE_MODELS,MIXED,TUNING,MEDIUM
Serena,codap_28apr,frame_0187,2511.0,motion_only_fallback,6.2623,unknown,EXPLORE_DATA,,MIXED,SETUP,MEDIUM
Serena,codap_28apr,frame_0188,2512.7,motion_only_fallback,4.7627,unknown,EXPLORE_DATA,,MIXED,SETUP,MEDIUM
Serena,codap_28apr,frame_0189,2513.9,motion_only_fallback,2.0532,unknown,COMPARE_MODELS,EXPLORE_DATA,MIXED,EVALUATING,MEDIUM
Serena,codap_28apr,frame_0190,2603.9,silent_screen_gap_fill,,unknown,COMPARE_MODELS,EXPLORE_DATA,MIXED,EVALUATING,MEDIUM
Serena,codap_28apr,frame_0191,2605.4,motion_only_fallback,7.0891,unknown,EXPLORE_DATA,,MIXED,SETUP,MEDIUM
Serena,codap_28apr,frame_0192,2608.0,motion_only_fallback,1.4983,unknown,EXPLORE_DATA,,MIXED,SETUP,MEDIUM
Serena,codap_28apr,frame_0193,2609.4,motion_only_fallback,1.5685,unknown,EXPLORE_DATA,,MIXED,SETUP,MEDIUM
Serena,codap_28apr,frame_0194,2614.6,motion_only_fallback,0.8534,unknown,BUILD_TREE,EXPLORE_DATA,MIXED,BUILDING,HIGH
Serena,codap_28apr,frame_0195,2626.5,motion_only_fallback,2.4334,unknown,TUNE_THRESHOLD,,MIXED,TUNING,HIGH
Serena,codap_28apr,frame_0196,2631.0,motion_only_fallback,3.2845,unknown,TUNE_THRESHOLD,,MIXED,TUNING,MEDIUM
Serena,codap_28apr,frame_0197,2639.2,motion_only_fallback,0.8806,unknown,BUILD_TREE,EXPLORE_DATA,MIXED,BUILDING,MEDIUM
Serena,codap_28apr,frame_0198,2641.2,motion_only_fallback,2.0602,unknown,BUILD_TREE,EXPLORE_DATA,MIXED,BUILDING,MEDIUM
Serena,codap_28apr,frame_0199,2643.7,motion_only_fallback,12.4117,unknown,BUILD_TREE,EXPLORE_DATA,MIXED,BUILDING,MEDIUM
Serena,codap_28apr,frame_0200,2651.3,motion_only_fallback,2.5064,unknown,EXPLORE_DATA,,MIXED,SETUP,MEDIUM
Serena,codap_28apr,frame_0201,2653.2,motion_only_fallback,4.7774,unknown,COMPARE_MODELS,EXPLORE_DATA,MIXED,EVALUATING,MEDIUM
Serena,codap_28apr,frame_0202,2654.4,motion_only_fallback,1.7242,unknown,COMPARE_MODELS,,MIXED,EVALUATING,HIGH
Serena,codap_28apr,frame_0203,2674.8,motion_only_fallback,1.5123,unknown,BUILD_TREE,,MIXED,BUILDING,HIGH
Serena,codap_28apr,frame_0204,2678.7,motion_only_fallback,1.9111,unknown,BUILD_TREE,EXPLORE_DATA,MIXED,BUILDING,HIGH
Serena,codap_28apr,frame_0205,2681.4,motion_only_fallback,9.3875,unknown,BUILD_TREE,EXPLORE_DATA,MIXED,BUILDING,MEDIUM
Serena,codap_28apr,frame_0206,2685.9,motion_only_fallback,1.5046,unknown,BUILD_TREE,,MIXED,BUILDING,HIGH
Serena,codap_28apr,frame_0207,2697.8,motion_only_fallback,2.1798,unknown,COMPARE_MODELS,,MIXED,EVALUATING,MEDIUM
Serena,codap_28apr,frame_0208,2699.2,motion_only_fallback,1.0046,unknown,BUILD_TREE,,MIXED,BUILDING,MEDIUM
Serena,codap_28apr,frame_0209,2790.0,silent_screen_gap_fill,,unknown,BUILD_TREE,,MIXED,BUILDING,MEDIUM
Serena,codap_28apr,frame_0210,2794.7,motion_only_fallback,2.2679,unknown,BUILD_TREE,EXPLORE_DATA,MIXED,BUILDING,MEDIUM
Serena,codap_28apr,frame_0211,2798.7,motion_only_fallback,1.8534,unknown,BUILD_TREE,EXPLORE_DATA,MIXED,BUILDING,MEDIUM
Serena,codap_28apr,frame_0212,2801.6,motion_only_fallback,3.3779,unknown,TUNE_THRESHOLD,,TREE,TUNING,HIGH
Serena,codap_28apr,frame_0213,2815.2,motion_only_fallback,3.4792,unknown,TUNE_THRESHOLD,EXPLORE_DATA,MIXED,TUNING,MEDIUM
Serena,codap_28apr,frame_0214,2816.3,motion_only_fallback,15.8654,unknown,TUNE_THRESHOLD,EXPLORE_DATA,MIXED,TUNING,MEDIUM
Serena,codap_28apr,frame_0215,2817.8,motion_only_fallback,1.4076,unknown,EXPLORE_DATA,,MIXED,SETUP,MEDIUM
Serena,codap_28apr,frame_0216,2908.4,silent_screen_gap_fill,,unknown,EXPLORE_DATA,,MIXED,SETUP,MEDIUM
Serena,codap_28apr,frame_0217,2913.8,motion_only_fallback,14.401,unknown,COMPARE_MODELS,EXPLORE_DATA,MIXED,EVALUATING,MEDIUM
Serena,codap_28apr,frame_0218,2915.5,motion_only_fallback,14.2658,unknown,COMPARE_MODELS,,MIXED,EVALUATING,MEDIUM
Serena,codap_28apr,frame_0219,2959.4,motion_only_fallback,13.6379,unknown,EVALUATE_MODEL,EXPLORE_DATA,MIXED,EVALUATING,MEDIUM
Serena,codap_28apr,frame_0220,2963.3,motion_only_fallback,20.8275,unknown,TUNE_THRESHOLD,EXPLORE_DATA,MIXED,TUNING,MEDIUM
Serena,codap_28apr,frame_0221,2967.1,motion_only_fallback,11.0675,unknown,EXPLORE_DATA,,MIXED,SETUP,MEDIUM
Serena,codap_28apr,frame_0222,2980.2,motion_only_fallback,19.0654,unknown,TUNE_THRESHOLD,EXPLORE_DATA,MIXED,TUNING,MEDIUM
Serena,codap_28apr,frame_0223,2988.8,motion_only_fallback,3.5941,unknown,COMPARE_MODELS,EXPLORE_DATA,MIXED,EVALUATING,MEDIUM
Serena,codap_28apr,frame_0224,2990.4,motion_only_fallback,6.3291,unknown,TUNE_THRESHOLD,EXPLORE_DATA,MIXED,TUNING,MEDIUM
Serena,codap_28apr,frame_0225,3080.8,silent_screen_gap_fill,,unknown,COMPARE_MODELS,,MIXED,EVALUATING,MEDIUM
Serena,codap_28apr,frame_0226,3141.7,motion_only_fallback,4.0606,unknown,COMPARE_MODELS,EXPLORE_DATA,MIXED,EVALUATING,HIGH
Serena,codap_28apr,frame_0227,3142.7,motion_only_fallback,4.1767,unknown,COMPARE_MODELS,EXPLORE_DATA,MIXED,EVALUATING,HIGH
Serena,codap_28apr,frame_0228,3145.3,motion_only_fallback,5.043,unknown,EXPLORE_DATA,,MIXED,SETUP,MEDIUM
Serena,codap_28apr,frame_0229,3151.4,motion_only_fallback,11.7193,unknown,EXPLORE_DATA,,MIXED,SETUP,MEDIUM
Serena,codap_28apr,frame_0230,3168.0,motion_only_fallback,4.4178,unknown,TUNE_THRESHOLD,EXPLORE_DATA,MIXED,TUNING,MEDIUM
Serena,codap_28apr,frame_0231,3169.3,motion_only_fallback,4.418,unknown,EVALUATE_MODEL,EXPLORE_DATA,MIXED,EVALUATING,MEDIUM
Serena,codap_28apr,frame_0232,3170.3,motion_only_fallback,4.5328,unknown,TUNE_THRESHOLD,EXPLORE_DATA,MIXED,TUNING,MEDIUM
Serena,codap_28apr,frame_0233,3171.3,motion_only_fallback,5.5718,unknown,TUNE_THRESHOLD,COMPARE_MODELS,MIXED,TUNING,MEDIUM
Serena,codap_28apr,frame_0234,3180.2,motion_only_fallback,2.5689,unknown,COMPARE_MODELS,,MIXED,EVALUATING,MEDIUM
Serena,codap_28apr,frame_0235,3183.5,motion_only_fallback,1.6096,unknown,TUNE_THRESHOLD,EXPLORE_DATA,MIXED,TUNING,MEDIUM
Serena,codap_28apr,frame_0236,3191.8,motion_only_fallback,0.8731,unknown,BUILD_TREE,EXPLORE_DATA,MIXED,BUILDING,MEDIUM
Serena,codap_28apr,frame_0237,3197.9,motion_only_fallback,1.6074,unknown,EXPLORE_DATA,,MIXED,SETUP,MEDIUM
Serena,codap_28apr,frame_0238,3203.6,motion_only_fallback,3.0704,unknown,BUILD_TREE,EXPLORE_DATA,MIXED,BUILDING,HIGH
Serena,codap_28apr,frame_0239,3215.4,motion_only_fallback,1.947,unknown,BUILD_TREE,EXPLORE_DATA,MIXED,BUILDING,MEDIUM
Serena,codap_28apr,frame_0240,3217.1,motion_only_fallback,1.3621,unknown,BUILD_TREE,EXPLORE_DATA,MIXED,BUILDING,MEDIUM
Serena,codap_28apr,frame_0241,3218.2,motion_only_fallback,1.1858,unknown,BUILD_TREE,EXPLORE_DATA,MIXED,BUILDING,HIGH
Serena,codap_28apr,frame_0242,3223.9,motion_only_fallback,2.6111,unknown,COMPARE_MODELS,EXPLORE_DATA,MIXED,EVALUATING,HIGH
Serena,codap_28apr,frame_0243,3227.3,motion_only_fallback,0.8063,unknown,COMPARE_MODELS,EXPLORE_DATA,MIXED,EVALUATING,HIGH
Serena,codap_28apr,frame_0244,3230.2,motion_only_fallback,14.2357,unknown,EXPLORE_DATA,,MIXED,SETUP,MEDIUM
Serena,codap_28apr,frame_0245,3232.4,motion_only_fallback,7.4344,unknown,COMPARE_MODELS,EXPLORE_DATA,MIXED,EVALUATING,HIGH
Serena,codap_28apr,frame_0246,3233.5,motion_only_fallback,5.657,unknown,TUNE_THRESHOLD,EXPLORE_DATA,MIXED,TUNING,MEDIUM
Serena,codap_28apr,frame_0247,3234.5,motion_only_fallback,5.5405,unknown,COMPARE_MODELS,EXPLORE_DATA,MIXED,EVALUATING,MEDIUM
Serena,codap_28apr,frame_0248,3236.0,motion_only_fallback,6.3009,unknown,EXPLORE_DATA,,MIXED,SETUP,MEDIUM
Serena,codap_28apr,frame_0249,3237.1,motion_only_fallback,8.4836,unknown,EXPLORE_DATA,,MIXED,SETUP,MEDIUM
Serena,codap_28apr,frame_0250,3238.4,motion_only_fallback,3.0496,unknown,TUNE_THRESHOLD,EXPLORE_DATA,MIXED,TUNING,MEDIUM
Serena,codap_28apr,frame_0251,3240.9,motion_only_fallback,2.549,unknown,BUILD_TREE,EXPLORE_DATA,MIXED,BUILDING,HIGH
Serena,codap_28apr,frame_0252,3245.7,motion_only_fallback,3.4508,unknown,EXPLORE_DATA,TUNE_THRESHOLD,MIXED,SETUP,MEDIUM
Serena,codap_28apr,frame_0253,3246.7,motion_only_fallback,1.8096,unknown,TUNE_THRESHOLD,EXPLORE_DATA,MIXED,TUNING,MEDIUM
Serena,codap_28apr,frame_0254,3249.4,motion_only_fallback,5.9246,unknown,TUNE_THRESHOLD,EXPLORE_DATA,MIXED,TUNING,MEDIUM
Serena,codap_28apr,frame_0255,3250.6,motion_only_fallback,5.7531,unknown,COMPARE_MODELS,EXPLORE_DATA,MIXED,EVALUATING,MEDIUM
Serena,codap_28apr,frame_0256,3251.7,motion_only_fallback,3.5997,unknown,TUNE_THRESHOLD,EXPLORE_DATA,MIXED,TUNING,MEDIUM
Serena,codap_28apr,frame_0257,3252.8,motion_only_fallback,4.6532,unknown,COMPARE_MODELS,EXPLORE_DATA,MIXED,EVALUATING,MEDIUM
Serena,codap_28apr,frame_0258,3259.8,motion_only_fallback,2.2037,unknown,COMPARE_MODELS,EXPLORE_DATA,MIXED,EVALUATING,HIGH
Serena,codap_28apr,frame_0259,3266.0,motion_only_fallback,3.4207,unknown,TUNE_THRESHOLD,EXPLORE_DATA,MIXED,TUNING,HIGH
Serena,codap_28apr,frame_0260,3268.1,motion_only_fallback,3.7459,unknown,COMPARE_MODELS,EXPLORE_DATA,MIXED,EVALUATING,MEDIUM
Serena,codap_28apr,frame_0261,3270.2,motion_only_fallback,3.108,unknown,TUNE_THRESHOLD,,TREE,TUNING,HIGH
Serena,codap_28apr,frame_0262,3275.0,motion_only_fallback,1.3775,unknown,BUILD_TREE,EXPLORE_DATA,MIXED,BUILDING,MEDIUM
Serena,codap_28apr,frame_0263,3280.2,motion_only_fallback,1.3916,unknown,COMPARE_MODELS,EXPLORE_DATA,MIXED,EVALUATING,MEDIUM
Serena,codap_28apr,frame_0264,3281.7,motion_only_fallback,3.7795,unknown,TUNE_THRESHOLD,EXPLORE_DATA,MIXED,TUNING,MEDIUM
Serena,codap_28apr,frame_0265,3282.8,motion_only_fallback,1.9265,unknown,TUNE_THRESHOLD,EVALUATE_MODEL,MIXED,TUNING,MEDIUM
Serena,codap_28apr,frame_0266,3290.4,motion_only_fallback,3.7351,unknown,TUNE_THRESHOLD,EXPLORE_DATA,MIXED,TUNING,MEDIUM
Serena,codap_28apr,frame_0267,3291.5,motion_only_fallback,8.3927,unknown,COMPARE_MODELS,EXPLORE_DATA,MIXED,EVALUATING,HIGH
Serena,codap_28apr,frame_0268,3293.0,motion_only_fallback,3.8713,unknown,TUNE_THRESHOLD,,MIXED,TUNING,HIGH
Serena,codap_28apr,frame_0269,3301.9,motion_only_fallback,3.7365,unknown,COMPARE_MODELS,EXPLORE_DATA,MIXED,EVALUATING,MEDIUM
Serena,codap_28apr,frame_0270,3302.9,motion_only_fallback,2.1157,unknown,COMPARE_MODELS,EXPLORE_DATA,MIXED,EVALUATING,MEDIUM
Serena,codap_28apr,frame_0271,3303.9,motion_only_fallback,3.0127,unknown,COMPARE_MODELS,EXPLORE_DATA,MIXED,EVALUATING,HIGH
Serena,codap_28apr,frame_0272,3306.0,motion_only_fallback,1.8924,unknown,COMPARE_MODELS,EXPLORE_DATA,MIXED,EVALUATING,HIGH
Serena,codap_28apr,frame_0273,3307.8,motion_only_fallback,4.423,unknown,COMPARE_MODELS,EXPLORE_DATA,MIXED,EVALUATING,MEDIUM
Serena,codap_28apr,frame_0274,3312.8,motion_only_fallback,5.4176,unknown,TUNE_THRESHOLD,EXPLORE_DATA,MIXED,TUNING,MEDIUM
Serena,codap_28apr,frame_0275,3314.3,motion_only_fallback,1.5095,unknown,COMPARE_MODELS,EXPLORE_DATA,MIXED,EVALUATING,MEDIUM
Serena,codap_28apr,frame_0276,3318.4,motion_only_fallback,3.6314,unknown,COMPARE_MODELS,EXPLORE_DATA,MIXED,EVALUATING,MEDIUM
Serena,codap_28apr,frame_0277,3320.7,motion_only_fallback,7.1543,unknown,BUILD_TREE,EXPLORE_DATA,MIXED,BUILDING,MEDIUM
Serena,codap_28apr,frame_0278,3327.9,motion_only_fallback,6.402,unknown,BUILD_TREE,EXPLORE_DATA,MIXED,BUILDING,MEDIUM
Serena,codap_28apr,frame_0279,3331.1,motion_only_fallback,4.2562,unknown,BUILD_TREE,EXPLORE_DATA,MIXED,BUILDING,MEDIUM
Serena,codap_28apr,frame_0280,3337.8,motion_only_fallback,3.9211,unknown,TUNE_THRESHOLD,,MIXED,TUNING,MEDIUM
Serena,codap_28apr,frame_0281,3338.8,motion_only_fallback,3.6057,unknown,BUILD_TREE,EXPLORE_DATA,MIXED,BUILDING,MEDIUM
Serena,codap_28apr,frame_0282,3340.7,motion_only_fallback,3.6063,unknown,TUNE_THRESHOLD,,MIXED,TUNING,HIGH
Serena,codap_28apr,frame_0283,3342.3,motion_only_fallback,3.5882,unknown,IDLE_THINKING,EXPLORE_DATA,MIXED,IDLE,MEDIUM
Serena,codap_28apr,frame_0284,3349.7,motion_only_fallback,0.8478,unknown,EVALUATE_MODEL,EXPLORE_DATA,MIXED,EVALUATING,MEDIUM
Serena,codap_28apr,frame_0285,3351.5,motion_only_fallback,1.3285,unknown,EXPLORE_DATA,,MIXED,SETUP,MEDIUM
Serena,codap_28apr,frame_0286,3359.8,motion_only_fallback,3.637,unknown,TUNE_THRESHOLD,,MIXED,TUNING,HIGH
Serena,codap_28apr,frame_0287,3365.6,motion_only_fallback,0.9834,unknown,EXPLORE_DATA,,MIXED,SETUP,MEDIUM
Serena,codap_28apr,frame_0288,3382.2,motion_only_fallback,10.9549,unknown,TUNE_THRESHOLD,,MIXED,TUNING,HIGH
Serena,codap_28apr,frame_0289,3384.1,motion_only_fallback,10.9946,unknown,BUILD_TREE,EXPLORE_DATA,MIXED,BUILDING,HIGH
Serena,codap_28apr,frame_0290,3385.9,motion_only_fallback,5.2882,unknown,BUILD_TREE,EXPLORE_DATA,MIXED,BUILDING,HIGH
Serena,codap_28apr,frame_0291,3393.5,motion_only_fallback,4.5029,unknown,BUILD_TREE,EXPLORE_DATA,MIXED,BUILDING,MEDIUM
Serena,codap_28apr,frame_0292,3396.6,motion_only_fallback,8.8185,unknown,TUNE_THRESHOLD,EXPLORE_DATA,MIXED,TUNING,MEDIUM
Serena,codap_28apr,frame_0293,3403.2,motion_only_fallback,3.7768,unknown,TUNE_THRESHOLD,EXPLORE_DATA,MIXED,TUNING,HIGH
Serena,codap_28apr,frame_0294,3405.4,motion_only_fallback,2.8277,unknown,TUNE_THRESHOLD,EXPLORE_DATA,MIXED,TUNING,MEDIUM
Serena,codap_28apr,frame_0295,3406.4,motion_only_fallback,0.869,unknown,TUNE_THRESHOLD,EXPLORE_DATA,MIXED,TUNING,MEDIUM
Serena,codap_28apr,frame_0296,3408.4,motion_only_fallback,10.8223,unknown,TUNE_THRESHOLD,EXPLORE_DATA,MIXED,TUNING,MEDIUM
Serena,codap_28apr,frame_0297,3410.8,motion_only_fallback,1.8274,unknown,BUILD_TREE,EXPLORE_DATA,MIXED,BUILDING,MEDIUM
Serena,codap_28apr,frame_0298,3417.7,motion_only_fallback,0.842,unknown,BUILD_TREE,EXPLORE_DATA,MIXED,BUILDING,HIGH
Serena,codap_28apr,frame_0299,3425.4,motion_only_fallback,6.4635,unknown,TUNE_THRESHOLD,EXPLORE_DATA,MIXED,TUNING,HIGH
Serena,codap_28apr,frame_0300,3434.4,motion_only_fallback,1.588,unknown,EXPLORE_DATA,,MIXED,SETUP,MEDIUM
Serena,codap_28apr,frame_0301,3447.9,motion_only_fallback,2.4255,unknown,EXPLORE_DATA,BUILD_TREE,MIXED,SETUP,MEDIUM
Serena,codap_28apr,frame_0302,3454.4,motion_only_fallback,0.9117,unknown,EXPLORE_DATA,,MIXED,SETUP,MEDIUM
Serena,codap_28apr,frame_0303,3458.6,motion_only_fallback,2.7948,unknown,TUNE_THRESHOLD,,MIXED,TUNING,HIGH
Serena,codap_28apr,frame_0304,3460.2,motion_only_fallback,2.7961,unknown,EXPLORE_DATA,,MIXED,SETUP,MEDIUM
Serena,codap_28apr,frame_0305,3461.4,motion_only_fallback,15.1418,unknown,EVALUATE_MODEL,EXPLORE_DATA,MIXED,EVALUATING,MEDIUM
Serena,codap_28apr,frame_0306,3462.4,motion_only_fallback,6.7432,unknown,EXPLORE_DATA,,MIXED,SETUP,MEDIUM
Serena,codap_28apr,frame_0307,3463.7,motion_only_fallback,15.2429,unknown,EXPLORE_DATA,,MIXED,SETUP,MEDIUM
Serena,codap_28apr,frame_0308,3467.8,motion_only_fallback,8.1547,unknown,EXPLORE_DATA,,MENU,SETUP,MEDIUM
Serena,codap_28apr,frame_0309,3470.6,motion_only_fallback,1.2016,unknown,EXPLORE_DATA,,MIXED,SETUP,MEDIUM
Serena,codap_28apr,frame_0310,3488.7,motion_only_fallback,2.7812,unknown,TUNE_THRESHOLD,,MIXED,TUNING,HIGH
Serena,codap_28apr,frame_0311,3578.6,motion_only_fallback,2.0936,unknown,EXPLORE_DATA,,MIXED,SETUP,MEDIUM
Serena,codap_28apr,frame_0312,3580.7,motion_only_fallback,7.8592,unknown,EXPLORE_DATA,,MENU,SETUP,MEDIUM
Serena,codap_28apr,frame_0313,3582.2,motion_only_fallback,19.1385,unknown,BUILD_TREE,EXPLORE_DATA,MIXED,BUILDING,MEDIUM
Serena,codap_28apr,frame_0314,3583.3,motion_only_fallback,1.6993,unknown,EXPLORE_DATA,,MIXED,SETUP,MEDIUM
Serena,codap_28apr,frame_0315,3584.4,motion_only_fallback,2.7641,unknown,BUILD_TREE,EXPLORE_DATA,MIXED,BUILDING,MEDIUM
Serena,codap_28apr,frame_0316,3603.1,motion_only_fallback,2.9844,unknown,BUILD_TREE,EXPLORE_DATA,MIXED,BUILDING,MEDIUM
Serena,codap_28apr,frame_0317,3604.1,motion_only_fallback,2.1009,unknown,EXPLORE_DATA,,MIXED,SETUP,MEDIUM
Serena,codap_28apr,frame_0318,3608.1,motion_only_fallback,1.8812,unknown,EXPLORE_DATA,,MENU,SETUP,MEDIUM
Serena,codap_28apr,frame_0319,3613.5,motion_only_fallback,1.8322,unknown,EXPLORE_DATA,,MIXED,SETUP,MEDIUM
Serena,codap_28apr,frame_0320,3614.7,motion_only_fallback,1.483,unknown,EXPLORE_DATA,,MENU,SETUP,MEDIUM
Serena,codap_28apr,frame_0321,3616.9,motion_only_fallback,2.1954,unknown,EXPLORE_DATA,,MIXED,SETUP,MEDIUM
Serena,codap_28apr,frame_0322,3618.7,motion_only_fallback,1.4973,unknown,EXPLORE_DATA,,MENU,SETUP,MEDIUM
Serena,codap_28apr,frame_0323,3619.9,motion_only_fallback,12.1188,unknown,EXPLORE_DATA,,MENU,SETUP,MEDIUM
Serena,codap_28apr,frame_0324,3621.6,motion_only_fallback,12.2193,unknown,EXPLORE_DATA,,MENU,SETUP,MEDIUM
Serena,codap_28apr,frame_0325,3622.8,motion_only_fallback,1.6572,unknown,EXPLORE_DATA,,MIXED,SETUP,MEDIUM
Serena,codap_28apr,frame_0326,3624.9,motion_only_fallback,3.9088,unknown,COMPARE_MODELS,EXPLORE_DATA,MIXED,EVALUATING,MEDIUM
Serena,codap_28apr,frame_0327,3642.6,motion_only_fallback,1.1155,unknown,COMPARE_MODELS,EXPLORE_DATA,MIXED,EVALUATING,MEDIUM
Serena,codap_28apr,frame_0328,3643.8,motion_only_fallback,0.957,unknown,IDLE_THINKING,,MIXED,IDLE,MEDIUM
Serena,codap_28apr,frame_0329,3646.2,motion_only_fallback,0.9253,unknown,COMPARE_MODELS,EXPLORE_DATA,MIXED,EVALUATING,MEDIUM
Serena,codap_28apr,frame_0330,3648.3,motion_only_fallback,0.9439,unknown,COMPARE_MODELS,EXPLORE_DATA,MIXED,EVALUATING,MEDIUM
Serena,codap_28apr,frame_0331,3666.3,motion_only_fallback,74.6447,unknown,EXPLORE_DATA,,MENU,SETUP,MEDIUM
Serena,codap_28apr,frame_0332,3668.4,motion_only_fallback,74.7515,unknown,EXPLORE_DATA,,MENU,SETUP,MEDIUM
Serena,codap_28apr,frame_0333,3670.9,motion_only_fallback,21.1943,unknown,EXPLORE_DATA,,MIXED,SETUP,MEDIUM
Serena,codap_28apr,frame_0334,3672.0,motion_only_fallback,2.1977,unknown,EXPLORE_DATA,,MENU,SETUP,MEDIUM
Serena,codap_28apr,frame_0335,3673.6,motion_only_fallback,1.4925,unknown,EXPLORE_DATA,,MENU,SETUP,HIGH
Serena,codap_28apr,frame_0336,3675.4,motion_only_fallback,3.6397,unknown,EXPLORE_DATA,,MENU,SETUP,MEDIUM
Serena,codap_28apr,frame_0337,3676.6,motion_only_fallback,1.2103,unknown,EVALUATE_MODEL,EXPLORE_DATA,MIXED,EVALUATING,MEDIUM
Serena,codap_28apr,frame_0338,3680.1,motion_only_fallback,18.7004,unknown,EXPLORE_DATA,,MIXED,SETUP,MEDIUM
Serena,codap_28apr,frame_0339,3681.8,motion_only_fallback,1.2915,unknown,EXPLORE_DATA,,MIXED,SETUP,MEDIUM
Serena,codap_28apr,frame_0340,3686.5,motion_only_fallback,11.8009,unknown,COMPARE_MODELS,EXPLORE_DATA,MIXED,EVALUATING,MEDIUM
Serena,codap_28apr,frame_0341,3689.5,motion_only_fallback,11.0312,unknown,EXPLORE_DATA,,MIXED,SETUP,MEDIUM
Serena,codap_28apr,frame_0342,3694.2,motion_only_fallback,3.0922,unknown,EXPLORE_DATA,,MENU,SETUP,MEDIUM
Serena,codap_28apr,frame_0343,3696.3,motion_only_fallback,2.5583,unknown,COMPARE_MODELS,EXPLORE_DATA,MIXED,EVALUATING,MEDIUM
Serena,codap_28apr,frame_0344,3699.0,motion_only_fallback,4.8565,unknown,COMPARE_MODELS,EXPLORE_DATA,MIXED,EVALUATING,MEDIUM
Serena,codap_28apr,frame_0345,3703.3,motion_only_fallback,4.1966,unknown,COMPARE_MODELS,EXPLORE_DATA,MIXED,EVALUATING,MEDIUM
Serena,codap_28apr,frame_0346,3731.4,motion_only_fallback,1.6042,unknown,EXPLORE_DATA,,MENU,SETUP,MEDIUM
Serena,codap_28apr,frame_0347,3734.8,motion_only_fallback,19.0127,unknown,EXPLORE_DATA,,MIXED,SETUP,MEDIUM
Serena,codap_28apr,frame_0348,3740.0,motion_only_fallback,69.7689,unknown,EXPLORE_DATA,,MENU,SETUP,MEDIUM
Serena,codap_28apr,frame_0349,3741.4,motion_only_fallback,1.8935,unknown,EXPLORE_DATA,,MENU,SETUP,MEDIUM
Serena,codap_28apr,frame_0350,3742.5,motion_only_fallback,69.4325,unknown,EVALUATE_MODEL,EXPLORE_DATA,MIXED,EVALUATING,MEDIUM
Serena,codap_28apr,frame_0351,3746.9,motion_only_fallback,2.174,unknown,EXPLORE_DATA,,MENU,SETUP,MEDIUM
Serena,codap_28apr,frame_0352,3751.6,motion_only_fallback,70.2087,unknown,EXPLORE_DATA,,TREE,SETUP,HIGH
Serena,codap_28apr,frame_0353,3752.8,motion_only_fallback,64.8167,unknown,COMPARE_MODELS,EXPLORE_DATA,MIXED,EVALUATING,MEDIUM
Serena,codap_28apr,frame_0354,3758.4,motion_only_fallback,17.1628,unknown,COMPARE_MODELS,EXPLORE_DATA,MIXED,EVALUATING,MEDIUM
Serena,codap_28apr,frame_0355,3759.4,motion_only_fallback,3.1318,unknown,COMPARE_MODELS,EXPLORE_DATA,MIXED,EVALUATING,MEDIUM
Serena,codap_28apr,frame_0356,3764.3,motion_only_fallback,2.6572,unknown,EXPLORE_DATA,,MIXED,SETUP,MEDIUM
Serena,codap_28apr,frame_0357,3765.4,motion_only_fallback,3.0392,unknown,EXPLORE_DATA,,MENU,SETUP,MEDIUM
Serena,codap_28apr,frame_0358,3767.0,motion_only_fallback,3.0395,unknown,EXPLORE_DATA,,CODAP,SETUP,MEDIUM
Serena,codap_28apr,frame_0359,3769.5,motion_only_fallback,2.1402,unknown,EXPLORE_DATA,,TREE,SETUP,MEDIUM
Serena,codap_28apr,frame_0360,3770.9,motion_only_fallback,18.4709,unknown,EXPLORE_DATA,,MIXED,SETUP,MEDIUM
Serena,codap_28apr,frame_0361,3772.0,motion_only_fallback,15.6015,unknown,EXPLORE_DATA,,MIXED,SETUP,MEDIUM
Serena,codap_28apr,frame_0362,3773.6,motion_only_fallback,0.9736,unknown,EXPLORE_DATA,,MENU,SETUP,MEDIUM
Serena,codap_28apr,frame_0363,3775.6,motion_only_fallback,0.9481,unknown,EXPLORE_DATA,,MIXED,SETUP,MEDIUM
Serena,codap_28apr,frame_0364,3779.5,motion_only_fallback,9.8804,unknown,EXPLORE_DATA,,MIXED,SETUP,MEDIUM
Serena,codap_28apr,frame_0365,3788.3,motion_only_fallback,3.3839,unknown,EXPLORE_DATA,,MENU,SETUP,HIGH
Serena,codap_28apr,frame_0366,3793.7,motion_only_fallback,46.0723,unknown,EXPLORE_DATA,,MENU,SETUP,HIGH
Serena,codap_28apr,frame_0367,3794.8,motion_only_fallback,9.2652,unknown,EXPLORE_DATA,,MENU,SETUP,HIGH
Serena,codap_28apr,frame_0368,3797.2,motion_only_fallback,0.9186,unknown,EXPLORE_DATA,,MENU,SETUP,HIGH
Serena,codap_28apr,frame_0369,3801.5,motion_only_fallback,67.3262,unknown,EXPLORE_DATA,,MENU,SETUP,MEDIUM
Serena,codap_28apr,frame_0370,3806.7,motion_only_fallback,26.1335,unknown,EXPLORE_DATA,,MENU,SETUP,HIGH
Serena,codap_28apr,frame_0371,3809.7,motion_only_fallback,51.3914,unknown,EXPLORE_DATA,,MENU,SETUP,MEDIUM
Serena,codap_28apr,frame_0372,3811.3,motion_only_fallback,0.8659,unknown,OFF_TASK,,MENU,IDLE,HIGH
Serena,codap_28apr,frame_0373,3818.5,motion_only_fallback,19.8569,unknown,EXPLORE_DATA,,MIXED,SETUP,MEDIUM
Serena,codap_28apr,frame_0374,3821.3,motion_only_fallback,72.0702,unknown,EXPLORE_DATA,,MENU,SETUP,MEDIUM
Serena,codap_28apr,frame_0375,3826.3,motion_only_fallback,72.5673,unknown,COMPARE_MODELS,EXPLORE_DATA,MIXED,EVALUATING,MEDIUM
Serena,codap_28apr,frame_0376,3828.7,motion_only_fallback,1.2436,unknown,EXPLORE_DATA,,MIXED,SETUP,MEDIUM
Serena,codap_28apr,frame_0377,3829.7,motion_only_fallback,1.3225,unknown,EXPLORE_DATA,,MIXED,SETUP,MEDIUM
Serena,codap_28apr,frame_0378,3830.8,motion_only_fallback,3.0048,unknown,EXPLORE_DATA,,MIXED,SETUP,MEDIUM
Serena,codap_28apr,frame_0379,3832.0,motion_only_fallback,1.3283,unknown,EXPLORE_DATA,,MENU,SETUP,MEDIUM
Serena,codap_28apr,frame_0380,3833.1,motion_only_fallback,1.8596,unknown,EXPLORE_DATA,,MIXED,SETUP,MEDIUM
Serena,codap_28apr,frame_0381,3834.1,motion_only_fallback,1.5868,unknown,EXPLORE_DATA,,MIXED,SETUP,MEDIUM
Serena,codap_28apr,frame_0382,3835.4,motion_only_fallback,1.1181,unknown,EXPLORE_DATA,,MIXED,SETUP,MEDIUM
Serena,codap_28apr,frame_0383,3836.9,motion_only_fallback,6.0924,unknown,EXPLORE_DATA,,MIXED,SETUP,MEDIUM
Serena,codap_28apr,frame_0384,3838.3,motion_only_fallback,3.9271,unknown,EXPLORE_DATA,,MENU,SETUP,MEDIUM
Serena,codap_28apr,frame_0385,3839.4,motion_only_fallback,2.7814,unknown,EXPLORE_DATA,,MIXED,SETUP,MEDIUM
Serena,codap_28apr,frame_0386,3840.5,motion_only_fallback,3.2411,unknown,EXPLORE_DATA,,MIXED,SETUP,MEDIUM
Serena,codap_28apr,frame_0387,3843.1,motion_only_fallback,6.0125,unknown,EXPLORE_DATA,,TREE,SETUP,MEDIUM
Serena,codap_28apr,frame_0388,3844.3,motion_only_fallback,19.1036,unknown,EXPLORE_DATA,,MIXED,SETUP,MEDIUM
Serena,codap_28apr,frame_0389,3845.9,motion_only_fallback,14.6998,unknown,EXPLORE_DATA,,MIXED,SETUP,MEDIUM
Serena,codap_28apr,frame_0390,3853.6,motion_only_fallback,72.5289,unknown,EXPLORE_DATA,,MENU,SETUP,MEDIUM
Serena,codap_28apr,frame_0391,3858.9,motion_only_fallback,71.8399,unknown,EXPLORE_DATA,,MIXED,SETUP,MEDIUM
Serena,codap_28apr,frame_0392,3860.6,motion_only_fallback,1.0818,unknown,IDLE_THINKING,EXPLORE_DATA,MIXED,IDLE,MEDIUM
Serena,codap_28apr,frame_0393,3866.3,motion_only_fallback,3.0322,unknown,EXPLORE_DATA,,MIXED,SETUP,MEDIUM
Serena,codap_28apr,frame_0394,3869.8,motion_only_fallback,2.95,unknown,EXPLORE_DATA,COMPARE_MODELS,MIXED,SETUP,MEDIUM
Serena,codap_28apr,frame_0395,3881.4,motion_only_fallback,4.0253,unknown,EXPLORE_DATA,,MIXED,SETUP,MEDIUM
Serena,codap_28apr,frame_0396,3887.3,motion_only_fallback,0.908,unknown,EXPLORE_DATA,,MIXED,SETUP,MEDIUM
Serena,codap_28apr,frame_0397,3888.7,motion_only_fallback,1.0388,unknown,EXPLORE_DATA,,MIXED,SETUP,MEDIUM
Serena,codap_28apr,frame_0398,3889.9,motion_only_fallback,1.7423,unknown,EXPLORE_DATA,,MIXED,SETUP,MEDIUM
Serena,codap_28apr,frame_0399,3895.0,motion_only_fallback,14.2654,unknown,COMPARE_MODELS,EXPLORE_DATA,MIXED,EVALUATING,MEDIUM
Serena,codap_28apr,frame_0400,3904.7,motion_only_fallback,6.9425,unknown,EXPLORE_DATA,,MIXED,SETUP,MEDIUM
Serena,codap_28apr,frame_0401,3906.0,motion_only_fallback,1.4001,unknown,EXPLORE_DATA,,MIXED,SETUP,HIGH
Serena,codap_28apr,frame_0402,3909.5,motion_only_fallback,7.5748,unknown,EXPLORE_DATA,,MIXED,SETUP,MEDIUM
Serena,codap_28apr,frame_0403,3915.4,motion_only_fallback,1.1653,unknown,EXPLORE_DATA,,MIXED,SETUP,MEDIUM
Serena,codap_28apr,frame_0404,3920.5,motion_only_fallback,1.0093,unknown,EXPLORE_DATA,,MIXED,SETUP,MEDIUM
Serena,codap_28apr,frame_0405,3922.8,motion_only_fallback,1.7799,unknown,EXPLORE_DATA,,MIXED,SETUP,MEDIUM
Serena,codap_28apr,frame_0406,3925.1,motion_only_fallback,1.0147,unknown,EXPLORE_DATA,,MIXED,SETUP,MEDIUM
Serena,codap_28apr,frame_0407,3927.0,motion_only_fallback,1.162,unknown,EXPLORE_DATA,,MIXED,SETUP,MEDIUM
Serena,codap_28apr,frame_0408,3929.2,motion_only_fallback,21.7432,unknown,EXPLORE_DATA,,MIXED,SETUP,MEDIUM
Serena,codap_28apr,frame_0409,3933.9,motion_only_fallback,1.1709,unknown,EXPLORE_DATA,,MIXED,SETUP,MEDIUM
Serena,codap_28apr,frame_0410,3939.8,motion_only_fallback,13.657,unknown,EXPLORE_DATA,,MIXED,SETUP,MEDIUM
Serena,codap_28apr,frame_0411,3942.5,motion_only_fallback,7.7394,unknown,EXPLORE_DATA,,MIXED,SETUP,MEDIUM
Serena,codap_28apr,frame_0412,3945.4,motion_only_fallback,0.9715,unknown,EXPLORE_DATA,,MIXED,SETUP,MEDIUM
Serena,codap_28apr,frame_0413,3948.2,motion_only_fallback,2.3177,unknown,EXPLORE_DATA,,MENU,SETUP,MEDIUM
Serena,codap_28apr,frame_0414,3949.9,motion_only_fallback,1.0033,unknown,EXPLORE_DATA,,MIXED,SETUP,MEDIUM
Serena,codap_28apr,frame_0415,3953.8,motion_only_fallback,0.9205,unknown,EXPLORE_DATA,,MIXED,SETUP,MEDIUM
Serena,codap_28apr,frame_0416,3954.9,motion_only_fallback,0.9541,unknown,EVALUATE_MODEL,EXPLORE_DATA,MIXED,EVALUATING,MEDIUM
Serena,codap_28apr,frame_0417,3956.3,motion_only_fallback,2.2598,unknown,EXPLORE_DATA,,MIXED,SETUP,MEDIUM
Serena,codap_28apr,frame_0418,3969.3,motion_only_fallback,0.8262,unknown,EXPLORE_DATA,,CODAP,SETUP,MEDIUM
Serena,codap_28apr,frame_0419,3971.5,motion_only_fallback,1.0432,unknown,EXPLORE_DATA,,MIXED,SETUP,MEDIUM
Serena,codap_28apr,frame_0420,3976.7,motion_only_fallback,67.2062,unknown,EXPLORE_DATA,,MENU,SETUP,MEDIUM
Serena,codap_28apr,frame_0421,3983.5,motion_only_fallback,66.9718,unknown,EXPLORE_DATA,,MIXED,SETUP,MEDIUM
Serena,codap_28apr,frame_0422,3985.0,motion_only_fallback,1.0847,unknown,EXPLORE_DATA,,MIXED,SETUP,MEDIUM
Serena,codap_28apr,frame_0423,3986.7,motion_only_fallback,0.8603,unknown,EXPLORE_DATA,,MIXED,SETUP,MEDIUM
Serena,codap_28apr,frame_0424,3988.3,motion_only_fallback,1.0415,unknown,EXPLORE_DATA,,MENU,SETUP,MEDIUM
Serena,codap_28apr,frame_0425,3991.8,motion_only_fallback,11.0912,unknown,EXPLORE_DATA,,MIXED,SETUP,MEDIUM
Serena,codap_28apr,frame_0426,3995.1,motion_only_fallback,67.1998,unknown,EXPLORE_DATA,,MENU,SETUP,MEDIUM
Serena,codap_28apr,frame_0427,4029.3,motion_only_fallback,67.0392,unknown,COMPARE_MODELS,EXPLORE_DATA,MIXED,EVALUATING,MEDIUM
Serena,codap_28apr,frame_0428,4031.9,motion_only_fallback,2.9346,unknown,EXPLORE_DATA,,MIXED,SETUP,MEDIUM
Serena,codap_28apr,frame_0429,4034.5,motion_only_fallback,2.1632,unknown,EVALUATE_MODEL,EXPLORE_DATA,MIXED,EVALUATING,MEDIUM
Serena,codap_28apr,frame_0430,4040.3,motion_only_fallback,1.108,unknown,EXPLORE_DATA,,MENU,SETUP,MEDIUM
Serena,codap_28apr,frame_0431,4045.3,motion_only_fallback,1.3559,unknown,EXPLORE_DATA,,MENU,SETUP,HIGH
Serena,codap_28apr,frame_0432,4050.2,motion_only_fallback,0.9142,unknown,EXPLORE_DATA,,MENU,SETUP,MEDIUM
Serena,codap_28apr,frame_0433,4052.0,motion_only_fallback,2.9599,unknown,EXPLORE_DATA,,MIXED,SETUP,MEDIUM
Serena,codap_28apr,frame_0434,4067.9,motion_only_fallback,2.1302,unknown,EXPLORE_DATA,,CODAP,SETUP,MEDIUM
Serena,codap_28apr,frame_0435,4092.7,motion_only_fallback,66.4525,unknown,EXPLORE_DATA,,MENU,SETUP,MEDIUM
Serena,codap_28apr,frame_0436,4106.2,motion_only_fallback,5.5579,unknown,EXPLORE_DATA,,MENU,SETUP,MEDIUM
Serena,codap_28apr,frame_0437,4109.8,motion_only_fallback,29.8947,unknown,EXPLORE_DATA,,MENU,SETUP,HIGH
Serena,codap_28apr,frame_0438,4110.8,motion_only_fallback,18.6561,unknown,EXPLORE_DATA,,MENU,SETUP,HIGH
Serena,codap_28apr,frame_0439,4112.3,motion_only_fallback,1.3868,unknown,EXPLORE_DATA,,MENU,SETUP,HIGH
Serena,codap_28apr,frame_0440,4133.5,motion_only_fallback,1.2427,unknown,EXPLORE_DATA,,MENU,SETUP,MEDIUM
Serena,codap_28apr,frame_0441,4136.7,motion_only_fallback,0.9153,unknown,EXPLORE_DATA,,MENU,SETUP,HIGH
Serena,codap_28apr,frame_0442,4139.1,motion_only_fallback,72.543,unknown,EXPLORE_DATA,,MENU,SETUP,MEDIUM
Serena,codap_28apr,frame_0443,4149.6,motion_only_fallback,66.5257,unknown,EXPLORE_DATA,,MIXED,SETUP,MEDIUM
Serena,codap_28apr,frame_0444,4150.8,motion_only_fallback,1.489,unknown,EXPLORE_DATA,,MIXED,SETUP,MEDIUM
Serena,codap_28apr,frame_0445,4153.6,motion_only_fallback,6.658,unknown,BUILD_TREE,EXPLORE_DATA,MIXED,BUILDING,MEDIUM
Serena,codap_28apr,frame_0446,4155.6,motion_only_fallback,2.1294,unknown,COMPARE_MODELS,,MIXED,EVALUATING,HIGH
Serena,codap_28apr,frame_0447,4156.8,motion_only_fallback,1.6221,unknown,COMPARE_MODELS,EXPLORE_DATA,MIXED,EVALUATING,MEDIUM
Serena,codap_28apr,frame_0448,4159.4,motion_only_fallback,2.7031,unknown,TUNE_THRESHOLD,EXPLORE_DATA,MIXED,TUNING,MEDIUM
Serena,codap_28apr,frame_0449,4160.4,motion_only_fallback,3.2101,unknown,COMPARE_MODELS,EXPLORE_DATA,MIXED,EVALUATING,MEDIUM
Serena,codap_28apr,frame_0450,4163.7,motion_only_fallback,4.5054,unknown,COMPARE_MODELS,EXPLORE_DATA,MIXED,EVALUATING,MEDIUM
Serena,codap_28apr,frame_0451,4173.5,motion_only_fallback,1.3283,unknown,COMPARE_MODELS,,MIXED,EVALUATING,HIGH
Serena,codap_28apr,frame_0452,4179.4,motion_only_fallback,10.8814,unknown,COMPARE_MODELS,,MIXED,EVALUATING,MEDIUM
Serena,codap_28apr,frame_0453,4181.5,motion_only_fallback,1.3144,unknown,COMPARE_MODELS,,MIXED,EVALUATING,MEDIUM
Serena,codap_28apr,frame_0454,4272.3,silent_screen_gap_fill,,unknown,COMPARE_MODELS,,MIXED,EVALUATING,MEDIUM
Serena,codap_28apr,frame_0455,4362.7,silent_screen_gap_fill,,unknown,TUNE_THRESHOLD,EXPLORE_DATA,MIXED,TUNING,MEDIUM
Serena,codap_28apr,frame_0456,4435.5,motion_only_fallback,70.5538,unknown,EXPLORE_DATA,,MIXED,SETUP,LOW
Ulysses,codap_28apr,frame_0001,21.2,motion_threshold_exceeded,1.2924,,OFF_TASK,,MENU,IDLE,HIGH
Ulysses,codap_28apr,frame_0002,22.3,motion_threshold_exceeded,7.2521,,OFF_TASK,,MENU,IDLE,HIGH
Ulysses,codap_28apr,frame_0003,23.6,motion_threshold_exceeded,7.2595,,OFF_TASK,,MENU,IDLE,HIGH
Ulysses,codap_28apr,frame_0004,36.5,motion_threshold_exceeded,2.7677,,OFF_TASK,,MENU,IDLE,HIGH
Ulysses,codap_28apr,frame_0005,38.0,motion_threshold_exceeded,2.5058,,OFF_TASK,,MENU,IDLE,HIGH
Ulysses,codap_28apr,frame_0006,39.4,motion_threshold_exceeded,3.6184,,OFF_TASK,,MENU,IDLE,HIGH
Ulysses,codap_28apr,frame_0007,40.6,motion_threshold_exceeded,7.0083,,OFF_TASK,,MENU,IDLE,HIGH
Ulysses,codap_28apr,frame_0008,42.3,motion_threshold_exceeded,6.9641,,OFF_TASK,,MENU,IDLE,HIGH
Ulysses,codap_28apr,frame_0009,44.1,motion_threshold_exceeded,6.7703,,OFF_TASK,,MENU,IDLE,HIGH
Ulysses,codap_28apr,frame_0010,46.1,motion_threshold_exceeded,7.0615,,OFF_TASK,,MENU,IDLE,HIGH
Ulysses,codap_28apr,frame_0011,51.2,motion_threshold_exceeded,7.0698,,OFF_TASK,,MENU,IDLE,HIGH
Ulysses,codap_28apr,frame_0012,77.5,motion_threshold_exceeded,4.2633,,OFF_TASK,,MENU,IDLE,HIGH
Ulysses,codap_28apr,frame_0013,78.5,motion_threshold_exceeded,7.05,,OFF_TASK,,MENU,IDLE,HIGH
Ulysses,codap_28apr,frame_0014,79.6,motion_threshold_exceeded,7.0262,,OFF_TASK,,MENU,IDLE,HIGH
Ulysses,codap_28apr,frame_0015,83.2,motion_threshold_exceeded,4.2411,,OFF_TASK,,MENU,IDLE,HIGH
Ulysses,codap_28apr,frame_0016,86.4,motion_threshold_exceeded,6.6211,,OFF_TASK,,MENU,IDLE,HIGH
Ulysses,codap_28apr,frame_0017,90.2,motion_threshold_exceeded,3.4734,,EXPLORE_DATA,,MENU,SETUP,HIGH
Ulysses,codap_28apr,frame_0018,99.2,motion_threshold_exceeded,5.3582,,OFF_TASK,,MENU,IDLE,HIGH
Ulysses,codap_28apr,frame_0019,100.2,motion_threshold_exceeded,9.2695,,OFF_TASK,,MENU,IDLE,HIGH
Ulysses,codap_28apr,frame_0020,102.4,motion_threshold_exceeded,8.0507,,EXPLORE_DATA,,TREE,SETUP,HIGH
Ulysses,codap_28apr,frame_0021,104.9,motion_threshold_exceeded,22.1638,,EXPLORE_DATA,,CODAP,SETUP,MEDIUM
Ulysses,codap_28apr,frame_0022,106.6,motion_threshold_exceeded,4.3056,,EXPLORE_DATA,,MENU,SETUP,HIGH
Ulysses,codap_28apr,frame_0023,107.6,motion_threshold_exceeded,2.7043,,EXPLORE_DATA,,MIXED,SETUP,MEDIUM
Ulysses,codap_28apr,frame_0024,112.1,motion_threshold_exceeded,8.549,,EXPLORE_DATA,,MENU,SETUP,MEDIUM
Ulysses,codap_28apr,frame_0025,114.6,motion_threshold_exceeded,1.2257,,OFF_TASK,,MENU,IDLE,MEDIUM
Ulysses,codap_28apr,frame_0026,116.2,motion_threshold_exceeded,2.5392,,EXPLORE_DATA,,MIXED,SETUP,MEDIUM
Ulysses,codap_28apr,frame_0027,117.3,motion_threshold_exceeded,10.075,,EXPLORE_DATA,,MENU,SETUP,MEDIUM
Ulysses,codap_28apr,frame_0028,118.8,motion_threshold_exceeded,2.9641,,OFF_TASK,,MIXED,IDLE,MEDIUM
Ulysses,codap_28apr,frame_0029,119.8,speech_anchor_midpoint,,student,OFF_TASK,,MENU,IDLE,HIGH
Ulysses,codap_28apr,frame_0030,121.6,motion_threshold_exceeded,16.8245,,TUNE_THRESHOLD,,TREE,TUNING,MEDIUM
Ulysses,codap_28apr,frame_0031,122.7,motion_threshold_exceeded,13.1696,,TUNE_THRESHOLD,EXPLORE_DATA,MIXED,TUNING,MEDIUM
Ulysses,codap_28apr,frame_0032,145.0,motion_threshold_exceeded,5.0525,,TUNE_THRESHOLD,EXPLORE_DATA,MIXED,TUNING,MEDIUM
Ulysses,codap_28apr,frame_0033,235.5,codap_static_gap_fill,,unknown,TUNE_THRESHOLD,EXPLORE_DATA,MIXED,TUNING,MEDIUM
Ulysses,codap_28apr,frame_0034,326.5,codap_static_gap_fill,,unknown,EXPLORE_DATA,,MIXED,SETUP,MEDIUM
Ulysses,codap_28apr,frame_0035,364.4,motion_threshold_exceeded,4.2485,,EXPLORE_DATA,,MENU,SETUP,HIGH
Ulysses,codap_28apr,frame_0036,399.2,motion_threshold_exceeded,79.1453,,OFF_TASK,,MENU,IDLE,HIGH
Ulysses,codap_28apr,frame_0037,400.3,motion_threshold_exceeded,2.697,,TUNE_THRESHOLD,EXPLORE_DATA,MIXED,TUNING,MEDIUM
Ulysses,codap_28apr,frame_0038,462.1,motion_threshold_exceeded,5.0828,,COMPARE_MODELS,EXPLORE_DATA,MIXED,EVALUATING,HIGH
Ulysses,codap_28apr,frame_0039,553.0,codap_static_gap_fill,,unknown,TUNE_THRESHOLD,EXPLORE_DATA,MIXED,TUNING,MEDIUM
Ulysses,codap_28apr,frame_0040,644.0,codap_static_gap_fill,,unknown,TUNE_THRESHOLD,EXPLORE_DATA,MIXED,TUNING,MEDIUM
Ulysses,codap_28apr,frame_0041,734.4,codap_static_gap_fill,,unknown,TUNE_THRESHOLD,EXPLORE_DATA,MIXED,TUNING,MEDIUM
Ulysses,codap_28apr,frame_0042,825.1,codap_static_gap_fill,,unknown,TUNE_THRESHOLD,EXPLORE_DATA,MIXED,TUNING,MEDIUM
Ulysses,codap_28apr,frame_0043,836.5,motion_threshold_exceeded,2.2078,,OFF_TASK,,MENU,IDLE,HIGH
Ulysses,codap_28apr,frame_0044,853.5,motion_threshold_exceeded,88.1244,,OFF_TASK,,MENU,IDLE,HIGH
Ulysses,codap_28apr,frame_0045,854.7,motion_threshold_exceeded,15.3727,,OFF_TASK,,MENU,IDLE,HIGH
Ulysses,codap_28apr,frame_0046,858.2,motion_threshold_exceeded,5.5426,,TUNE_THRESHOLD,EXPLORE_DATA,MIXED,TUNING,MEDIUM
Ulysses,codap_28apr,frame_0047,860.7,motion_threshold_exceeded,11.0816,,OFF_TASK,,MENU,IDLE,HIGH
Ulysses,codap_28apr,frame_0048,864.0,motion_threshold_exceeded,1.8908,,OFF_TASK,,MENU,IDLE,HIGH
Ulysses,codap_28apr,frame_0049,865.1,motion_threshold_exceeded,1.956,,OFF_TASK,,MENU,IDLE,HIGH
Ulysses,codap_28apr,frame_0050,869.3,motion_threshold_exceeded,5.2141,,OFF_TASK,,MENU,IDLE,HIGH
Ulysses,codap_28apr,frame_0051,886.2,motion_threshold_exceeded,5.0525,,OFF_TASK,,MENU,IDLE,HIGH
Ulysses,codap_28apr,frame_0052,887.7,motion_threshold_exceeded,2.8283,,EXPLORE_DATA,,CODAP,SETUP,HIGH
Ulysses,codap_28apr,frame_0053,893.7,motion_threshold_exceeded,11.9639,,TUNE_THRESHOLD,EXPLORE_DATA,MIXED,TUNING,MEDIUM
Ulysses,codap_28apr,frame_0054,909.5,motion_threshold_exceeded,2.4435,,OFF_TASK,,MENU,IDLE,HIGH
Ulysses,codap_28apr,frame_0055,911.9,motion_threshold_exceeded,6.7618,,OFF_TASK,,MENU,IDLE,HIGH
Ulysses,codap_28apr,frame_0056,998.7,motion_threshold_exceeded,78.7506,,TUNE_THRESHOLD,EXPLORE_DATA,MIXED,TUNING,MEDIUM
Ulysses,codap_28apr,frame_0057,1089.4,codap_static_gap_fill,,unknown,EXPLORE_DATA,,MIXED,SETUP,MEDIUM
Ulysses,codap_28apr,frame_0058,1179.4,codap_static_gap_fill,,unknown,COMPARE_MODELS,,MIXED,EVALUATING,HIGH
Ulysses,codap_28apr,frame_0059,1203.3,motion_threshold_exceeded,1.6046,,COMPARE_MODELS,,MIXED,EVALUATING,HIGH
Ulysses,codap_28apr,frame_0060,1293.3,codap_static_gap_fill,,unknown,EXPLORE_DATA,,MIXED,SETUP,MEDIUM
Ulysses,codap_28apr,frame_0061,1298.2,motion_threshold_exceeded,7.0517,,EXPLORE_DATA,,MENU,SETUP,MEDIUM
Ulysses,codap_28apr,frame_0062,1318.1,motion_threshold_exceeded,2.4138,,COMPARE_MODELS,,MIXED,EVALUATING,HIGH
Ulysses,codap_28apr,frame_0063,1350.7,motion_threshold_exceeded,1.9315,,TUNE_THRESHOLD,,MIXED,TUNING,MEDIUM
Ulysses,codap_28apr,frame_0064,1351.8,motion_threshold_exceeded,3.6836,,BUILD_TREE,EXPLORE_DATA,MIXED,BUILDING,HIGH
Ulysses,codap_28apr,frame_0065,1366.3,motion_threshold_exceeded,2.5594,,COMPARE_MODELS,,MIXED,EVALUATING,MEDIUM
Ulysses,codap_28apr,frame_0066,1404.6,motion_threshold_exceeded,8.1481,,OFF_TASK,,MENU,IDLE,HIGH
Ulysses,codap_28apr,frame_0067,1405.7,motion_threshold_exceeded,15.3652,,OFF_TASK,,MENU,IDLE,HIGH
Ulysses,codap_28apr,frame_0068,1406.9,motion_threshold_exceeded,2.6663,,TUNE_THRESHOLD,EXPLORE_DATA,MIXED,TUNING,MEDIUM
Ulysses,codap_28apr,frame_0069,1497.3,codap_static_gap_fill,,unknown,TUNE_THRESHOLD,EXPLORE_DATA,MIXED,TUNING,MEDIUM
Ulysses,codap_28apr,frame_0070,1619.3,codap_static_gap_fill,,unknown,TUNE_THRESHOLD,EXPLORE_DATA,MIXED,TUNING,MEDIUM
Ulysses,codap_28apr,frame_0071,1645.9,motion_threshold_exceeded,3.8395,,OFF_TASK,,MENU,IDLE,HIGH
Ulysses,codap_28apr,frame_0072,1648.4,motion_threshold_exceeded,2.6597,,OFF_TASK,,MENU,IDLE,HIGH
Ulysses,codap_28apr,frame_0073,1659.8,motion_threshold_exceeded,37.1586,,OFF_TASK,,MENU,IDLE,HIGH
Ulysses,codap_28apr,frame_0074,1665.1,motion_threshold_exceeded,28.5476,,OFF_TASK,,MENU,IDLE,HIGH
Ulysses,codap_28apr,frame_0075,1668.2,motion_threshold_exceeded,6.4485,,EXPLORE_DATA,,MENU,SETUP,HIGH
Ulysses,codap_28apr,frame_0076,1673.3,motion_threshold_exceeded,5.1985,,EXPLORE_DATA,,CODAP,SETUP,MEDIUM
Ulysses,codap_28apr,frame_0077,1676.0,motion_threshold_exceeded,19.2863,,OFF_TASK,,MENU,IDLE,HIGH
Ulysses,codap_28apr,frame_0078,1678.1,motion_threshold_exceeded,9.9763,,OFF_TASK,,MENU,IDLE,HIGH
Ulysses,codap_28apr,frame_0079,1679.9,motion_threshold_exceeded,7.0255,,OFF_TASK,,MENU,IDLE,HIGH
Ulysses,codap_28apr,frame_0080,1684.0,motion_threshold_exceeded,10.1013,,OFF_TASK,,MENU,IDLE,HIGH
Ulysses,codap_28apr,frame_0081,1685.5,motion_threshold_exceeded,10.4475,,OFF_TASK,,MENU,IDLE,HIGH
Ulysses,codap_28apr,frame_0082,1717.7,motion_threshold_exceeded,8.6811,,OFF_TASK,,MENU,IDLE,HIGH
Ulysses,codap_28apr,frame_0083,1744.4,motion_threshold_exceeded,12.3704,,OFF_TASK,,MIXED,IDLE,HIGH
Ulysses,codap_28apr,frame_0084,1747.2,motion_threshold_exceeded,9.36,,OFF_TASK,,MENU,IDLE,HIGH
Ulysses,codap_28apr,frame_0085,1758.8,motion_threshold_exceeded,10.0449,,OFF_TASK,,MENU,IDLE,HIGH
Ulysses,codap_28apr,frame_0086,1853.7,codap_static_gap_fill,,unknown,OFF_TASK,,MENU,IDLE,HIGH
Ulysses,codap_28apr,frame_0087,1876.2,motion_threshold_exceeded,34.4174,,OFF_TASK,,MENU,IDLE,HIGH
Ulysses,codap_28apr,frame_0088,1877.8,motion_threshold_exceeded,29.2089,,OFF_TASK,,MENU,IDLE,HIGH
Ulysses,codap_28apr,frame_0089,1879.1,motion_threshold_exceeded,3.749,,OFF_TASK,,MENU,IDLE,HIGH
Ulysses,codap_28apr,frame_0090,1881.9,motion_threshold_exceeded,3.6458,,OFF_TASK,,MENU,IDLE,HIGH
Ulysses,codap_28apr,frame_0091,1887.4,motion_threshold_exceeded,14.8113,,OFF_TASK,,MENU,IDLE,HIGH
Ulysses,codap_28apr,frame_0092,1888.7,motion_threshold_exceeded,2.5523,,OFF_TASK,,MENU,IDLE,HIGH
Ulysses,codap_28apr,frame_0093,1899.3,motion_threshold_exceeded,1.778,teacher,OFF_TASK,,MENU,IDLE,HIGH
Ulysses,codap_28apr,frame_0094,1901.9,motion_threshold_exceeded,2.0395,teacher,OFF_TASK,,MENU,IDLE,HIGH
Ulysses,codap_28apr,frame_0095,1903.7,motion_threshold_exceeded,1.4213,teacher,OFF_TASK,,MENU,IDLE,HIGH
Ulysses,codap_28apr,frame_0096,1907.8,motion_threshold_exceeded,6.2089,teacher,OFF_TASK,,MENU,IDLE,HIGH
Ulysses,codap_28apr,frame_0097,1908.9,motion_threshold_exceeded,2.3258,teacher,OFF_TASK,,MENU,IDLE,HIGH
Ulysses,codap_28apr,frame_0098,1919.0,motion_threshold_exceeded,36.6777,,OFF_TASK,,MENU,IDLE,HIGH
Ulysses,codap_28apr,frame_0099,1927.2,motion_threshold_exceeded,5.1964,,EXPLORE_DATA,,MENU,SETUP,MEDIUM
Ulysses,codap_28apr,frame_0100,1928.2,motion_threshold_exceeded,16.0345,,OFF_TASK,,MENU,IDLE,HIGH
Ulysses,codap_28apr,frame_0101,1934.4,motion_threshold_exceeded,9.8486,,OFF_TASK,,MENU,IDLE,HIGH
Ulysses,codap_28apr,frame_0102,1936.9,motion_threshold_exceeded,10.3669,,OFF_TASK,,MENU,IDLE,HIGH
Ulysses,codap_28apr,frame_0103,1949.0,motion_threshold_exceeded,45.575,,OFF_TASK,,MENU,IDLE,HIGH
Ulysses,codap_28apr,frame_0104,1950.6,motion_threshold_exceeded,2.5677,,OFF_TASK,,MENU,IDLE,HIGH
Ulysses,codap_28apr,frame_0105,1962.0,motion_threshold_exceeded,6.021,,OFF_TASK,,MENU,IDLE,HIGH
Ulysses,codap_28apr,frame_0106,1966.7,motion_threshold_exceeded,10.3578,,OFF_TASK,,MENU,IDLE,HIGH
Ulysses,codap_28apr,frame_0107,1970.0,motion_threshold_exceeded,86.9556,,OFF_TASK,,MENU,IDLE,HIGH
Ulysses,codap_28apr,frame_0108,1971.0,motion_threshold_exceeded,1.4479,,OFF_TASK,,MENU,IDLE,HIGH
Ulysses,codap_28apr,frame_0109,1973.3,motion_threshold_exceeded,9.6308,,OFF_TASK,,MENU,IDLE,HIGH
Ulysses,codap_28apr,frame_0110,1976.0,motion_threshold_exceeded,3.1524,,OFF_TASK,,MENU,IDLE,HIGH
Ulysses,codap_28apr,frame_0111,1980.2,motion_threshold_exceeded,4.3532,,OFF_TASK,,MENU,IDLE,HIGH
Ulysses,codap_28apr,frame_0112,1982.2,motion_threshold_exceeded,1.3067,,OFF_TASK,,MENU,IDLE,HIGH
Ulysses,codap_28apr,frame_0113,1983.4,motion_threshold_exceeded,7.2662,,OFF_TASK,,MENU,IDLE,HIGH
Ulysses,codap_28apr,frame_0114,1984.7,motion_threshold_exceeded,4.2857,,OFF_TASK,,MENU,IDLE,HIGH
Ulysses,codap_28apr,frame_0115,1986.1,motion_threshold_exceeded,3.4296,,OFF_TASK,,MENU,IDLE,HIGH
Ulysses,codap_28apr,frame_0116,1989.3,motion_threshold_exceeded,3.3829,,OFF_TASK,,MENU,IDLE,HIGH
Ulysses,codap_28apr,frame_0117,1990.5,motion_threshold_exceeded,3.6649,,OFF_TASK,,MENU,IDLE,HIGH
Ulysses,codap_28apr,frame_0118,1993.2,motion_threshold_exceeded,14.9516,,OFF_TASK,,MENU,IDLE,HIGH
Ulysses,codap_28apr,frame_0119,1996.4,motion_threshold_exceeded,13.6026,,OFF_TASK,,MENU,IDLE,HIGH
Ulysses,codap_28apr,frame_0120,2002.9,motion_threshold_exceeded,80.2388,,TUNE_THRESHOLD,EXPLORE_DATA,MIXED,TUNING,MEDIUM
Ulysses,codap_28apr,frame_0121,2035.0,motion_threshold_exceeded,23.2514,,OFF_TASK,,MENU,IDLE,MEDIUM
Ulysses,codap_28apr,frame_0122,2036.5,motion_threshold_exceeded,23.2473,,TUNE_THRESHOLD,EXPLORE_DATA,MIXED,TUNING,MEDIUM
Ulysses,codap_28apr,frame_0123,2037.5,motion_threshold_exceeded,1.3412,,OFF_TASK,,MENU,IDLE,HIGH
Ulysses,codap_28apr,frame_0124,2038.6,motion_threshold_exceeded,1.6613,,OFF_TASK,,MENU,IDLE,HIGH
Ulysses,codap_28apr,frame_0125,2040.6,motion_threshold_exceeded,1.3524,,OFF_TASK,,MENU,IDLE,HIGH
Ulysses,codap_28apr,frame_0126,2042.5,motion_threshold_exceeded,45.1296,,TUNE_THRESHOLD,EXPLORE_DATA,MIXED,TUNING,MEDIUM
Ulysses,codap_28apr,frame_0127,2044.5,motion_threshold_exceeded,1.2849,,COMPARE_MODELS,EXPLORE_DATA,MIXED,EVALUATING,MEDIUM
Ulysses,codap_28apr,frame_0128,2046.1,motion_threshold_exceeded,2.2537,,TUNE_THRESHOLD,EXPLORE_DATA,MIXED,TUNING,MEDIUM
Ulysses,codap_28apr,frame_0129,2049.6,motion_threshold_exceeded,28.5826,,EXPLORE_DATA,,MIXED,SETUP,LOW
Ulysses,codap_28apr,frame_0130,2050.6,motion_threshold_exceeded,2.0365,,OFF_TASK,,MENU,IDLE,HIGH
Ulysses,codap_28apr,frame_0131,2053.9,motion_threshold_exceeded,46.9605,,TUNE_THRESHOLD,EXPLORE_DATA,MIXED,TUNING,MEDIUM
Ulysses,codap_28apr,frame_0132,2059.3,motion_threshold_exceeded,1.9554,,OFF_TASK,,MENU,IDLE,HIGH
Ulysses,codap_28apr,frame_0133,2061.0,motion_threshold_exceeded,9.9578,,OFF_TASK,,MENU,IDLE,HIGH
Ulysses,codap_28apr,frame_0134,2062.4,motion_threshold_exceeded,8.5652,,OFF_TASK,,MENU,IDLE,HIGH
Ulysses,codap_28apr,frame_0135,2064.3,motion_threshold_exceeded,4.8169,,OFF_TASK,,MENU,IDLE,HIGH
Ulysses,codap_28apr,frame_0136,2066.7,motion_threshold_exceeded,1.8347,,OFF_TASK,,MENU,IDLE,HIGH
Ulysses,codap_28apr,frame_0137,2067.9,motion_threshold_exceeded,1.2247,,OFF_TASK,,MENU,IDLE,HIGH
Ulysses,codap_28apr,frame_0138,2069.2,motion_threshold_exceeded,6.374,,OFF_TASK,,MENU,IDLE,HIGH
Ulysses,codap_28apr,frame_0139,2075.3,motion_threshold_exceeded,52.5052,,OFF_TASK,,MENU,IDLE,HIGH
Ulysses,codap_28apr,frame_0140,2169.2,codap_static_gap_fill,,unknown,OFF_TASK,,MENU,IDLE,HIGH
Ulysses,codap_28apr,frame_0141,2171.2,motion_threshold_exceeded,27.212,,OFF_TASK,,MENU,IDLE,HIGH
Ulysses,codap_28apr,frame_0142,2172.8,motion_threshold_exceeded,29.2097,,OFF_TASK,,MENU,IDLE,HIGH
Ulysses,codap_28apr,frame_0143,2174.6,motion_threshold_exceeded,5.196,,EXPLORE_DATA,,CODAP,SETUP,MEDIUM
Ulysses,codap_28apr,frame_0144,2233.5,motion_threshold_exceeded,52.8617,,OFF_TASK,,MENU,IDLE,HIGH
Ulysses,codap_28apr,frame_0145,2235.1,motion_threshold_exceeded,27.6109,,OFF_TASK,,MENU,IDLE,HIGH
Ulysses,codap_28apr,frame_0146,2237.9,motion_threshold_exceeded,2.5164,,OFF_TASK,,MENU,IDLE,HIGH
Ulysses,codap_28apr,frame_0147,2239.1,motion_threshold_exceeded,2.2309,,OFF_TASK,,MENU,IDLE,HIGH
Ulysses,codap_28apr,frame_0148,2276.6,motion_threshold_exceeded,13.2542,,TUNE_THRESHOLD,EXPLORE_DATA,MIXED,TUNING,MEDIUM
Ulysses,codap_28apr,frame_0149,2280.7,motion_threshold_exceeded,15.3671,,OFF_TASK,,MENU,IDLE,HIGH
Ulysses,codap_28apr,frame_0150,2288.7,motion_threshold_exceeded,3.4738,,OFF_TASK,,MENU,IDLE,HIGH
Ulysses,codap_28apr,frame_0151,2290.6,motion_threshold_exceeded,3.1593,,OFF_TASK,,MENU,IDLE,HIGH
Ulysses,codap_28apr,frame_0152,2292.6,motion_threshold_exceeded,14.4589,,OFF_TASK,,MENU,IDLE,HIGH
Ulysses,codap_28apr,frame_0153,2297.8,motion_threshold_exceeded,7.36,,OFF_TASK,,MENU,IDLE,HIGH
Ulysses,codap_28apr,frame_0154,2301.7,motion_threshold_exceeded,27.854,,OFF_TASK,,MENU,IDLE,HIGH
Ulysses,codap_28apr,frame_0155,2303.3,motion_threshold_exceeded,26.0285,,OFF_TASK,,MENU,IDLE,HIGH
Ulysses,codap_28apr,frame_0156,2313.5,motion_threshold_exceeded,25.925,,OFF_TASK,,MENU,IDLE,HIGH
Ulysses,codap_28apr,frame_0157,2316.7,motion_threshold_exceeded,1.7612,,OFF_TASK,,MENU,IDLE,HIGH
Ulysses,codap_28apr,frame_0158,2324.3,motion_threshold_exceeded,3.3632,,OFF_TASK,,MENU,IDLE,HIGH
Ulysses,codap_28apr,frame_0159,2325.3,motion_threshold_exceeded,5.9632,,OFF_TASK,,MENU,IDLE,HIGH
Ulysses,codap_28apr,frame_0160,2327.2,motion_threshold_exceeded,15.3142,,OFF_TASK,,MENU,IDLE,HIGH
Ulysses,codap_28apr,frame_0161,2328.4,motion_threshold_exceeded,5.9153,,OFF_TASK,,MENU,IDLE,HIGH
Ulysses,codap_28apr,frame_0162,2330.0,motion_threshold_exceeded,25.9298,,OFF_TASK,,MENU,IDLE,HIGH
Ulysses,codap_28apr,frame_0163,2337.4,motion_threshold_exceeded,2.015,,OFF_TASK,,MENU,IDLE,HIGH
Ulysses,codap_28apr,frame_0164,2352.9,motion_threshold_exceeded,1.7203,,OFF_TASK,,MENU,IDLE,HIGH
Ulysses,codap_28apr,frame_0165,2354.1,motion_threshold_exceeded,1.2963,,OFF_TASK,,MENU,IDLE,HIGH
Ulysses,codap_28apr,frame_0166,2355.2,motion_threshold_exceeded,22.521,,OFF_TASK,,MENU,IDLE,HIGH
Ulysses,codap_28apr,frame_0167,2367.3,motion_threshold_exceeded,1.5152,,OFF_TASK,,MENU,IDLE,HIGH
Ulysses,codap_28apr,frame_0168,2368.5,motion_threshold_exceeded,1.3135,,OFF_TASK,,MENU,IDLE,HIGH
Ulysses,codap_28apr,frame_0169,2369.5,motion_threshold_exceeded,24.407,,OFF_TASK,,MENU,IDLE,HIGH
Ulysses,codap_28apr,frame_0170,2371.1,motion_threshold_exceeded,1.9379,,OFF_TASK,,MENU,IDLE,HIGH
Ulysses,codap_28apr,frame_0171,2375.8,motion_threshold_exceeded,1.2614,,OFF_TASK,,MENU,IDLE,HIGH
Ulysses,codap_28apr,frame_0172,2377.3,motion_threshold_exceeded,24.4327,,OFF_TASK,,MENU,IDLE,HIGH
Ulysses,codap_28apr,frame_0173,2384.6,motion_threshold_exceeded,1.2334,,OFF_TASK,,MENU,IDLE,HIGH
Ulysses,codap_28apr,frame_0174,2386.3,motion_threshold_exceeded,25.554,,OFF_TASK,,MENU,IDLE,HIGH
Ulysses,codap_28apr,frame_0175,2413.0,motion_threshold_exceeded,1.7132,,OFF_TASK,,MENU,IDLE,HIGH
Ulysses,codap_28apr,frame_0176,2415.1,motion_threshold_exceeded,14.7411,,OFF_TASK,,MIXED,IDLE,HIGH
Ulysses,codap_28apr,frame_0177,2417.7,motion_threshold_exceeded,12.4105,,OFF_TASK,,MENU,IDLE,HIGH
Ulysses,codap_28apr,frame_0178,2418.8,motion_threshold_exceeded,8.0926,,OFF_TASK,,MENU,IDLE,HIGH
Ulysses,codap_28apr,frame_0179,2419.5,motion_threshold_exceeded,4.6528,,OFF_TASK,,MENU,IDLE,HIGH
Ulysses,codap_28apr,frame_0180,2420.6,motion_threshold_exceeded,3.1292,,OFF_TASK,,MENU,IDLE,HIGH
Ulysses,codap_28apr,frame_0181,2421.6,motion_threshold_exceeded,8.8904,,OFF_TASK,,MENU,IDLE,HIGH
Ulysses,codap_28apr,frame_0182,2425.4,motion_threshold_exceeded,76.2128,,OFF_TASK,,MENU,IDLE,HIGH
Ulysses,codap_28apr,frame_0183,2426.6,motion_threshold_exceeded,3.3733,,OFF_TASK,,MENU,IDLE,HIGH
Ulysses,codap_28apr,frame_0184,2429.7,motion_threshold_exceeded,1.6345,,OFF_TASK,,MENU,IDLE,HIGH
Ulysses,codap_28apr,frame_0185,2430.9,motion_threshold_exceeded,1.5764,,OFF_TASK,,MENU,IDLE,HIGH
Ulysses,codap_28apr,frame_0186,2431.9,motion_threshold_exceeded,25.3378,,OFF_TASK,,MENU,IDLE,HIGH
Ulysses,codap_28apr,frame_0187,2443.1,motion_threshold_exceeded,1.2514,,OFF_TASK,,MENU,IDLE,HIGH
Ulysses,codap_28apr,frame_0188,2444.2,motion_threshold_exceeded,1.397,,OFF_TASK,,MENU,IDLE,HIGH
Ulysses,codap_28apr,frame_0189,2445.3,motion_threshold_exceeded,24.7618,,OFF_TASK,,MENU,IDLE,HIGH
Ulysses,codap_28apr,frame_0190,2446.9,motion_threshold_exceeded,1.2355,,OFF_TASK,,MENU,IDLE,HIGH
Ulysses,codap_28apr,frame_0191,2450.5,motion_threshold_exceeded,41.3069,,OFF_TASK,,MENU,IDLE,HIGH
Ulysses,codap_28apr,frame_0192,2451.9,motion_threshold_exceeded,16.9149,,OFF_TASK,,MENU,IDLE,HIGH
Ulysses,codap_28apr,frame_0193,2459.6,motion_threshold_exceeded,1.2944,,OFF_TASK,,MENU,IDLE,HIGH
Ulysses,codap_28apr,frame_0194,2461.3,motion_threshold_exceeded,25.2901,,OFF_TASK,,MENU,IDLE,HIGH
Ulysses,codap_28apr,frame_0195,2462.8,motion_threshold_exceeded,1.2467,,OFF_TASK,,MIXED,IDLE,HIGH
Ulysses,codap_28apr,frame_0196,2468.6,motion_threshold_exceeded,1.4448,,OFF_TASK,,MENU,IDLE,HIGH
Ulysses,codap_28apr,frame_0197,2470.1,motion_threshold_exceeded,25.4759,,OFF_TASK,,MENU,IDLE,HIGH
Ulysses,codap_28apr,frame_0198,2471.1,motion_threshold_exceeded,1.2251,,OFF_TASK,,MENU,IDLE,HIGH
Ulysses,codap_28apr,frame_0199,2477.6,motion_threshold_exceeded,1.3748,,OFF_TASK,,MENU,IDLE,HIGH
Ulysses,codap_28apr,frame_0200,2479.2,motion_threshold_exceeded,24.4547,,OFF_TASK,,MENU,IDLE,HIGH
Ulysses,codap_28apr,frame_0201,2481.4,motion_threshold_exceeded,1.293,,OFF_TASK,,MENU,IDLE,HIGH
Ulysses,codap_28apr,frame_0202,2485.0,motion_threshold_exceeded,1.2305,,OFF_TASK,,MENU,IDLE,HIGH
Ulysses,codap_28apr,frame_0203,2487.0,motion_threshold_exceeded,25.5235,,OFF_TASK,,MENU,IDLE,HIGH
Ulysses,codap_28apr,frame_0204,2488.1,motion_threshold_exceeded,2.2133,,OFF_TASK,,MENU,IDLE,HIGH
Ulysses,codap_28apr,frame_0205,2493.9,motion_threshold_exceeded,1.4898,,OFF_TASK,,MENU,IDLE,HIGH
Ulysses,codap_28apr,frame_0206,2495.3,motion_threshold_exceeded,1.2095,,OFF_TASK,,MENU,IDLE,HIGH
Ulysses,codap_28apr,frame_0207,2496.3,motion_threshold_exceeded,24.5087,,OFF_TASK,,MENU,IDLE,HIGH
Ulysses,codap_28apr,frame_0208,2516.5,motion_threshold_exceeded,2.5509,,OFF_TASK,,MENU,IDLE,HIGH
Ulysses,codap_28apr,frame_0209,2517.5,motion_threshold_exceeded,20.4118,,OFF_TASK,,MENU,IDLE,HIGH
Ulysses,codap_28apr,frame_0210,2518.6,motion_threshold_exceeded,28.2471,,OFF_TASK,,MENU,IDLE,HIGH
Ulysses,codap_28apr,frame_0211,2533.3,motion_threshold_exceeded,50.8598,,OFF_TASK,,MENU,IDLE,HIGH
Ulysses,codap_28apr,frame_0212,2534.6,motion_threshold_exceeded,80.2753,,TUNE_THRESHOLD,EXPLORE_DATA,MIXED,TUNING,MEDIUM
Ulysses,codap_28apr,frame_0213,2624.9,codap_static_gap_fill,,unknown,TUNE_THRESHOLD,EXPLORE_DATA,MIXED,TUNING,MEDIUM
Ulysses,codap_28apr,frame_0214,2715.3,codap_static_gap_fill,,unknown,COMPARE_MODELS,EXPLORE_DATA,MIXED,EVALUATING,MEDIUM
Ulysses,codap_28apr,frame_0215,2752.0,motion_threshold_exceeded,8.0525,,OFF_TASK,,MENU,IDLE,HIGH
Ulysses,codap_28apr,frame_0216,2754.0,motion_threshold_exceeded,15.0606,,TUNE_THRESHOLD,EXPLORE_DATA,MIXED,TUNING,MEDIUM
Ulysses,codap_28apr,frame_0217,2773.2,motion_threshold_exceeded,35.9441,,OFF_TASK,,MENU,IDLE,HIGH
Ulysses,codap_28apr,frame_0218,2777.8,motion_threshold_exceeded,28.3887,,OFF_TASK,,MENU,IDLE,HIGH
Ulysses,codap_28apr,frame_0219,2779.3,motion_threshold_exceeded,25.9948,,OFF_TASK,,MENU,IDLE,HIGH
Ulysses,codap_28apr,frame_0220,2781.2,motion_threshold_exceeded,8.4207,,OFF_TASK,,MENU,IDLE,HIGH
Ulysses,codap_28apr,frame_0221,2782.5,motion_threshold_exceeded,11.0311,,OFF_TASK,,MENU,IDLE,HIGH
Ulysses,codap_28apr,frame_0222,2784.3,motion_threshold_exceeded,1.7494,,OFF_TASK,,MENU,IDLE,HIGH
Ulysses,codap_28apr,frame_0223,2785.6,motion_threshold_exceeded,5.6809,,OFF_TASK,,MENU,IDLE,HIGH
Ulysses,codap_28apr,frame_0224,2794.1,motion_threshold_exceeded,52.3221,,OFF_TASK,,MENU,IDLE,HIGH
Ulysses,codap_28apr,frame_0225,2796.0,motion_threshold_exceeded,2.5594,,OFF_TASK,,MENU,IDLE,HIGH
Ulysses,codap_28apr,frame_0226,2798.4,motion_threshold_exceeded,30.0037,,OFF_TASK,,MENU,IDLE,HIGH
Ulysses,codap_28apr,frame_0227,2799.8,motion_threshold_exceeded,19.5974,,OFF_TASK,,MENU,IDLE,HIGH
Ulysses,codap_28apr,frame_0228,2801.0,motion_threshold_exceeded,13.3879,,OFF_TASK,,MENU,IDLE,HIGH
Ulysses,codap_28apr,frame_0229,2803.0,motion_threshold_exceeded,20.0924,,OFF_TASK,,MENU,IDLE,HIGH
Ulysses,codap_28apr,frame_0230,2804.2,motion_threshold_exceeded,12.9317,,OFF_TASK,,MENU,IDLE,HIGH
Ulysses,codap_28apr,frame_0231,2805.3,motion_threshold_exceeded,13.9072,,OFF_TASK,,MENU,IDLE,HIGH
Ulysses,codap_28apr,frame_0232,2806.7,motion_threshold_exceeded,1.2639,,OFF_TASK,,MENU,IDLE,HIGH
Ulysses,codap_28apr,frame_0233,2807.8,motion_threshold_exceeded,14.0521,,OFF_TASK,,MENU,IDLE,HIGH
Ulysses,codap_28apr,frame_0234,2809.0,motion_threshold_exceeded,14.0521,,OFF_TASK,,MENU,IDLE,HIGH
Ulysses,codap_28apr,frame_0235,2810.9,motion_threshold_exceeded,3.2884,,OFF_TASK,,MENU,IDLE,HIGH
Ulysses,codap_28apr,frame_0236,2815.6,motion_threshold_exceeded,3.8806,,OFF_TASK,,MENU,IDLE,HIGH
Ulysses,codap_28apr,frame_0237,2818.6,motion_threshold_exceeded,3.6981,,OFF_TASK,,MENU,IDLE,HIGH
Ulysses,codap_28apr,frame_0238,2820.8,motion_threshold_exceeded,13.4682,,OFF_TASK,,MENU,IDLE,HIGH
Ulysses,codap_28apr,frame_0239,2822.1,motion_threshold_exceeded,50.7392,,OFF_TASK,,MENU,IDLE,HIGH
Ulysses,codap_28apr,frame_0240,2823.5,motion_threshold_exceeded,3.6607,,OFF_TASK,,MENU,IDLE,HIGH
Ulysses,codap_28apr,frame_0241,2826.0,motion_threshold_exceeded,3.5544,,OFF_TASK,,MENU,IDLE,HIGH
Ulysses,codap_28apr,frame_0242,2866.7,motion_threshold_exceeded,8.99,,OFF_TASK,,MENU,IDLE,HIGH
Ulysses,codap_28apr,frame_0243,2870.9,motion_threshold_exceeded,9.6958,,OFF_TASK,,MENU,IDLE,HIGH
Ulysses,codap_28apr,frame_0244,2878.3,motion_threshold_exceeded,7.19,,OFF_TASK,,MIXED,IDLE,HIGH
Ulysses,codap_28apr,frame_0245,2879.4,motion_threshold_exceeded,7.4857,,OFF_TASK,,MENU,IDLE,HIGH
Ulysses,codap_28apr,frame_0246,2880.6,motion_threshold_exceeded,5.6537,,OFF_TASK,,MENU,IDLE,HIGH
Ulysses,codap_28apr,frame_0247,2881.7,motion_threshold_exceeded,5.8185,,OFF_TASK,,MENU,IDLE,HIGH
Ulysses,codap_28apr,frame_0248,2885.1,motion_threshold_exceeded,8.0162,,OFF_TASK,,MENU,IDLE,HIGH
Ulysses,codap_28apr,frame_0249,2886.1,motion_threshold_exceeded,7.212,,OFF_TASK,,MENU,IDLE,HIGH
Ulysses,codap_28apr,frame_0250,2887.2,motion_threshold_exceeded,8.5295,,OFF_TASK,,MENU,IDLE,HIGH
Ulysses,codap_28apr,frame_0251,2890.0,motion_threshold_exceeded,9.0228,,OFF_TASK,,MENU,IDLE,HIGH
Ulysses,codap_28apr,frame_0252,2907.4,motion_threshold_exceeded,4.2778,,OFF_TASK,,MENU,IDLE,HIGH
Ulysses,codap_28apr,frame_0253,2929.3,motion_threshold_exceeded,64.5008,,TUNE_THRESHOLD,EXPLORE_DATA,MIXED,TUNING,MEDIUM
Ulysses,codap_28apr,frame_0254,2977.1,motion_threshold_exceeded,1.9641,,TUNE_THRESHOLD,EXPLORE_DATA,MIXED,TUNING,MEDIUM
Ulysses,codap_28apr,frame_0255,2980.2,motion_threshold_exceeded,1.9576,,COMPARE_MODELS,EXPLORE_DATA,MIXED,EVALUATING,MEDIUM
Ulysses,codap_28apr,frame_0256,2982.5,motion_threshold_exceeded,25.5287,,OFF_TASK,,MENU,IDLE,HIGH
Ulysses,codap_28apr,frame_0257,2985.1,motion_threshold_exceeded,5.196,,OFF_TASK,,MENU,IDLE,HIGH
Ulysses,codap_28apr,frame_0258,3000.1,motion_threshold_exceeded,9.7087,,OFF_TASK,,MIXED,IDLE,HIGH
Ulysses,codap_28apr,frame_0259,3001.7,motion_threshold_exceeded,11.3628,,OFF_TASK,,MENU,IDLE,HIGH
Ulysses,codap_28apr,frame_0260,3003.9,motion_threshold_exceeded,9.7504,,OFF_TASK,,MIXED,IDLE,HIGH
Ulysses,codap_28apr,frame_0261,3008.8,motion_threshold_exceeded,14.3665,,TUNE_THRESHOLD,EXPLORE_DATA,MIXED,TUNING,MEDIUM
Ulysses,codap_28apr,frame_0262,3009.9,motion_threshold_exceeded,79.0397,,TUNE_THRESHOLD,EXPLORE_DATA,MIXED,TUNING,MEDIUM
Ulysses,codap_28apr,frame_0263,3025.6,motion_threshold_exceeded,3.4051,,COMPARE_MODELS,EXPLORE_DATA,MIXED,EVALUATING,HIGH
Ulysses,codap_28apr,frame_0264,3027.2,motion_threshold_exceeded,3.1481,,COMPARE_MODELS,,MIXED,EVALUATING,MEDIUM
Ulysses,codap_28apr,frame_0265,3068.4,motion_threshold_exceeded,5.6989,,COMPARE_MODELS,EXPLORE_DATA,MIXED,EVALUATING,MEDIUM
Ulysses,codap_28apr,frame_0266,3069.4,motion_threshold_exceeded,1.7413,,COMPARE_MODELS,EXPLORE_DATA,MIXED,EVALUATING,MEDIUM
Ulysses,codap_28apr,frame_0267,3071.3,motion_threshold_exceeded,3.1304,,TUNE_THRESHOLD,EXPLORE_DATA,MIXED,TUNING,MEDIUM
Ulysses,codap_28apr,frame_0268,3082.6,motion_threshold_exceeded,2.0851,,EXPLORE_DATA,,MENU,SETUP,HIGH
Ulysses,codap_28apr,frame_0269,3085.8,motion_threshold_exceeded,2.6445,,OFF_TASK,,MENU,IDLE,HIGH
Ulysses,codap_28apr,frame_0270,3089.4,motion_threshold_exceeded,3.2409,,COMPARE_MODELS,EXPLORE_DATA,MIXED,EVALUATING,MEDIUM
Ulysses,codap_28apr,frame_0271,3091.5,motion_threshold_exceeded,27.8607,,EXPLORE_DATA,,MIXED,SETUP,MEDIUM
Ulysses,codap_28apr,frame_0272,3092.8,motion_threshold_exceeded,27.478,,TUNE_THRESHOLD,EXPLORE_DATA,MIXED,TUNING,MEDIUM
Ulysses,codap_28apr,frame_0273,3093.9,motion_threshold_exceeded,1.2612,,OFF_TASK,,MIXED,IDLE,HIGH
Ulysses,codap_28apr,frame_0274,3096.6,motion_threshold_exceeded,3.1663,,OFF_TASK,,MIXED,IDLE,HIGH
Ulysses,codap_28apr,frame_0275,3097.7,motion_threshold_exceeded,1.3264,,OFF_TASK,,MIXED,IDLE,HIGH
Ulysses,codap_28apr,frame_0276,3100.0,motion_threshold_exceeded,11.3356,,TUNE_THRESHOLD,EXPLORE_DATA,MIXED,TUNING,MEDIUM
Ulysses,codap_28apr,frame_0277,3102.3,motion_threshold_exceeded,1.7542,,EXPLORE_DATA,,MENU,SETUP,MEDIUM
Ulysses,codap_28apr,frame_0278,3104.9,motion_threshold_exceeded,1.4032,,EXPLORE_DATA,,MENU,SETUP,HIGH
Ulysses,codap_28apr,frame_0279,3106.7,motion_threshold_exceeded,1.2654,,EXPLORE_DATA,,MENU,SETUP,MEDIUM
Ulysses,codap_28apr,frame_0280,3108.8,motion_threshold_exceeded,3.4425,,OFF_TASK,,MENU,IDLE,HIGH
Ulysses,codap_28apr,frame_0281,3110.7,motion_threshold_exceeded,2.6007,,COMPARE_MODELS,EXPLORE_DATA,MIXED,EVALUATING,HIGH
Ulysses,codap_28apr,frame_0282,3113.9,motion_threshold_exceeded,11.3374,,OFF_TASK,,MIXED,IDLE,MEDIUM
Ulysses,codap_28apr,frame_0283,3118.9,motion_threshold_exceeded,11.445,,COMPARE_MODELS,EXPLORE_DATA,MIXED,EVALUATING,MEDIUM
Ulysses,codap_28apr,frame_0284,3120.3,motion_threshold_exceeded,3.2396,,TUNE_THRESHOLD,EXPLORE_DATA,MIXED,TUNING,MEDIUM
Ulysses,codap_28apr,frame_0285,3121.4,motion_threshold_exceeded,1.7126,,OFF_TASK,,MIXED,IDLE,MEDIUM
Ulysses,codap_28apr,frame_0286,3124.7,motion_threshold_exceeded,7.6281,,IDLE_THINKING,,TREE,IDLE,MEDIUM
Ulysses,codap_28apr,frame_0287,3129.1,motion_threshold_exceeded,1.4034,,IDLE_THINKING,,MIXED,IDLE,MEDIUM
Ulysses,codap_28apr,frame_0288,3133.9,motion_threshold_exceeded,2.0739,,TUNE_THRESHOLD,EXPLORE_DATA,MIXED,TUNING,MEDIUM
Ulysses,codap_28apr,frame_0289,3138.7,motion_threshold_exceeded,1.9153,,EXPLORE_DATA,,MENU,SETUP,MEDIUM
Ulysses,codap_28apr,frame_0290,3140.5,motion_threshold_exceeded,3.902,,EXPLORE_DATA,,MENU,SETUP,MEDIUM
Ulysses,codap_28apr,frame_0291,3143.0,motion_threshold_exceeded,2.0907,,EXPLORE_DATA,,MIXED,SETUP,HIGH
Ulysses,codap_28apr,frame_0292,3154.1,motion_threshold_exceeded,1.7332,,TUNE_THRESHOLD,EXPLORE_DATA,MIXED,TUNING,MEDIUM
Ulysses,codap_28apr,frame_0293,3155.3,motion_threshold_exceeded,1.3034,,COMPARE_MODELS,,MIXED,EVALUATING,MEDIUM
Ulysses,codap_28apr,frame_0294,3158.9,motion_threshold_exceeded,4.8875,,COMPARE_MODELS,,MIXED,EVALUATING,MEDIUM
Ulysses,codap_28apr,frame_0295,3160.7,motion_threshold_exceeded,6.847,,TUNE_THRESHOLD,EXPLORE_DATA,MIXED,TUNING,MEDIUM
Ulysses,codap_28apr,frame_0296,3163.4,motion_threshold_exceeded,9.1829,,TUNE_THRESHOLD,EXPLORE_DATA,MIXED,TUNING,MEDIUM
Ulysses,codap_28apr,frame_0297,3168.8,motion_threshold_exceeded,4.8204,,COMPARE_MODELS,EXPLORE_DATA,MIXED,EVALUATING,MEDIUM
Ulysses,codap_28apr,frame_0298,3172.9,motion_threshold_exceeded,1.7473,,BUILD_TREE,EXPLORE_DATA,MIXED,BUILDING,HIGH
Ulysses,codap_28apr,frame_0299,3175.6,motion_threshold_exceeded,6.4035,,BUILD_TREE,EXPLORE_DATA,MIXED,BUILDING,MEDIUM
Ulysses,codap_28apr,frame_0300,3177.7,motion_threshold_exceeded,5.7679,,BUILD_TREE,EXPLORE_DATA,MIXED,BUILDING,HIGH
Ulysses,codap_28apr,frame_0301,3182.3,motion_threshold_exceeded,6.0872,,BUILD_TREE,EXPLORE_DATA,MIXED,BUILDING,HIGH
Ulysses,codap_28apr,frame_0302,3189.3,motion_threshold_exceeded,1.6539,,BUILD_TREE,EXPLORE_DATA,MIXED,BUILDING,MEDIUM
Ulysses,codap_28apr,frame_0303,3201.4,motion_threshold_exceeded,1.6476,,TUNE_THRESHOLD,EXPLORE_DATA,MIXED,TUNING,MEDIUM
Ulysses,codap_28apr,frame_0304,3203.0,motion_threshold_exceeded,7.2124,,EXPLORE_DATA,,MIXED,SETUP,MEDIUM
Ulysses,codap_28apr,frame_0305,3204.5,motion_threshold_exceeded,8.9944,,TUNE_THRESHOLD,EXPLORE_DATA,MIXED,TUNING,MEDIUM
Ulysses,codap_28apr,frame_0306,3207.0,motion_threshold_exceeded,5.8154,,COMPARE_MODELS,EXPLORE_DATA,MIXED,EVALUATING,MEDIUM
Ulysses,codap_28apr,frame_0307,3212.0,motion_threshold_exceeded,2.423,,COMPARE_MODELS,,MIXED,EVALUATING,HIGH
Ulysses,codap_28apr,frame_0308,3217.2,motion_threshold_exceeded,2.3933,,TUNE_THRESHOLD,EXPLORE_DATA,MIXED,TUNING,MEDIUM
Ulysses,codap_28apr,frame_0309,3219.5,motion_threshold_exceeded,5.387,,TUNE_THRESHOLD,,MIXED,TUNING,MEDIUM
Ulysses,codap_28apr,frame_0310,3245.7,motion_threshold_exceeded,9.4223,,BUILD_TREE,,MIXED,BUILDING,HIGH
Ulysses,codap_28apr,frame_0311,3253.4,motion_threshold_exceeded,2.3798,,BUILD_TREE,EXPLORE_DATA,MIXED,BUILDING,HIGH
Ulysses,codap_28apr,frame_0312,3286.4,motion_threshold_exceeded,3.0997,,COMPARE_MODELS,EXPLORE_DATA,MIXED,EVALUATING,HIGH
Ulysses,codap_28apr,frame_0313,3290.9,motion_threshold_exceeded,2.8281,,TUNE_THRESHOLD,EXPLORE_DATA,MIXED,TUNING,MEDIUM
Ulysses,codap_28apr,frame_0314,3292.9,motion_threshold_exceeded,3.5972,,EXPLORE_DATA,TUNE_THRESHOLD,MIXED,SETUP,MEDIUM
Ulysses,codap_28apr,frame_0315,3297.9,motion_threshold_exceeded,8.8279,,EXPLORE_DATA,,MIXED,SETUP,MEDIUM
Ulysses,codap_28apr,frame_0316,3304.9,motion_threshold_exceeded,3.5096,,COMPARE_MODELS,EXPLORE_DATA,MIXED,EVALUATING,MEDIUM
Ulysses,codap_28apr,frame_0317,3357.0,motion_threshold_exceeded,3.7041,,TUNE_THRESHOLD,EXPLORE_DATA,MIXED,TUNING,MEDIUM
Ulysses,codap_28apr,frame_0318,3397.2,motion_threshold_exceeded,2.0679,,TUNE_THRESHOLD,EXPLORE_DATA,MIXED,TUNING,MEDIUM
Ulysses,codap_28apr,frame_0319,3398.6,motion_threshold_exceeded,2.0932,,TUNE_THRESHOLD,EXPLORE_DATA,MIXED,TUNING,MEDIUM
Ulysses,codap_28apr,frame_0320,3400.6,motion_threshold_exceeded,1.8702,,BUILD_TREE,EXPLORE_DATA,MIXED,BUILDING,HIGH
Ulysses,codap_28apr,frame_0321,3402.0,motion_threshold_exceeded,5.4441,,BUILD_TREE,EXPLORE_DATA,MIXED,BUILDING,MEDIUM
Ulysses,codap_28apr,frame_0322,3415.5,motion_threshold_exceeded,2.0876,,TUNE_THRESHOLD,EXPLORE_DATA,MIXED,TUNING,MEDIUM
Ulysses,codap_28apr,frame_0323,3425.2,motion_threshold_exceeded,2.1883,,TUNE_THRESHOLD,EXPLORE_DATA,MIXED,TUNING,MEDIUM
Ulysses,codap_28apr,frame_0324,3426.2,motion_threshold_exceeded,2.0804,,TUNE_THRESHOLD,EVALUATE_MODEL,MIXED,TUNING,MEDIUM
Ulysses,codap_28apr,frame_0325,3431.2,motion_threshold_exceeded,2.0839,,TUNE_THRESHOLD,EXPLORE_DATA,MIXED,TUNING,MEDIUM
Ulysses,codap_28apr,frame_0326,3474.4,motion_threshold_exceeded,2.6759,,TUNE_THRESHOLD,EVALUATE_MODEL,MIXED,TUNING,MEDIUM
Ulysses,codap_28apr,frame_0327,3565.1,codap_static_gap_fill,,unknown,TUNE_THRESHOLD,EXPLORE_DATA,MIXED,TUNING,MEDIUM
Ulysses,codap_28apr,frame_0328,3589.7,motion_threshold_exceeded,3.3003,,OFF_TASK,,MENU,IDLE,HIGH
Ulysses,codap_28apr,frame_0329,3641.9,motion_threshold_exceeded,71.3385,,OFF_TASK,,MENU,IDLE,HIGH
Ulysses,codap_28apr,frame_0330,3644.5,motion_threshold_exceeded,7.104,,OFF_TASK,,MENU,IDLE,HIGH
Ulysses,codap_28apr,frame_0331,3649.9,motion_threshold_exceeded,16.2645,,OFF_TASK,,MENU,IDLE,HIGH
Ulysses,codap_28apr,frame_0332,3657.5,motion_threshold_exceeded,14.4248,,OFF_TASK,,MENU,IDLE,HIGH
Ulysses,codap_28apr,frame_0333,3659.3,motion_threshold_exceeded,2.5374,,OFF_TASK,,MENU,IDLE,HIGH
Ulysses,codap_28apr,frame_0334,3665.1,motion_threshold_exceeded,12.892,,OFF_TASK,,CODAP,IDLE,HIGH
Ulysses,codap_28apr,frame_0335,3666.2,motion_threshold_exceeded,13.5729,,OFF_TASK,,MENU,IDLE,HIGH
Ulysses,codap_28apr,frame_0336,3669.1,motion_threshold_exceeded,4.5498,,OFF_TASK,,MENU,IDLE,HIGH
Ulysses,codap_28apr,frame_0337,3670.7,motion_threshold_exceeded,4.9109,,OFF_TASK,,MENU,IDLE,HIGH
Ulysses,codap_28apr,frame_0338,3685.0,motion_threshold_exceeded,13.4053,,OFF_TASK,,MENU,IDLE,HIGH
Ulysses,codap_28apr,frame_0339,3690.9,motion_threshold_exceeded,6.1865,,OFF_TASK,,MENU,IDLE,HIGH
Ulysses,codap_28apr,frame_0340,3693.3,motion_threshold_exceeded,6.3011,,OFF_TASK,,MENU,IDLE,HIGH
Ulysses,codap_28apr,frame_0341,3697.1,motion_threshold_exceeded,13.3785,,OFF_TASK,,MENU,IDLE,HIGH
Ulysses,codap_28apr,frame_0342,3698.4,motion_threshold_exceeded,5.0781,,OFF_TASK,,MENU,IDLE,HIGH
Ulysses,codap_28apr,frame_0343,3701.7,motion_threshold_exceeded,13.6206,,OFF_TASK,,MENU,IDLE,HIGH
Ulysses,codap_28apr,frame_0344,3702.8,motion_threshold_exceeded,5.0677,,OFF_TASK,,MENU,IDLE,HIGH
Ulysses,codap_28apr,frame_0345,3704.4,motion_threshold_exceeded,13.36,,OFF_TASK,,MENU,IDLE,HIGH
Ulysses,codap_28apr,frame_0346,3706.2,motion_threshold_exceeded,16.4226,,OFF_TASK,,MENU,IDLE,HIGH
Ulysses,codap_28apr,frame_0347,3707.4,motion_threshold_exceeded,66.5212,,OFF_TASK,,MENU,IDLE,HIGH
Ulysses,codap_28apr,frame_0348,3718.6,motion_threshold_exceeded,3.9441,,OFF_TASK,,MENU,IDLE,HIGH
Ulysses,codap_28apr,frame_0349,3764.9,motion_threshold_exceeded,2.2226,,OFF_TASK,,MENU,IDLE,HIGH
Ulysses,codap_28apr,frame_0350,3777.5,motion_threshold_exceeded,2.7236,,OFF_TASK,,MENU,IDLE,HIGH
Ulysses,codap_28apr,frame_0351,3867.8,codap_static_gap_fill,,unknown,OFF_TASK,,MENU,IDLE,HIGH
Ulysses,codap_28apr,frame_0352,3949.3,motion_threshold_exceeded,5.5961,,OFF_TASK,,MENU,IDLE,HIGH
Ulysses,codap_28apr,frame_0353,3950.5,motion_threshold_exceeded,8.1518,,OFF_TASK,,MENU,IDLE,HIGH
Ulysses,codap_28apr,frame_0354,3958.9,motion_threshold_exceeded,6.9095,,TUNE_THRESHOLD,EVALUATE_MODEL,MIXED,TUNING,MEDIUM
Ulysses,codap_28apr,frame_0355,3960.0,motion_threshold_exceeded,1.7566,,COMPARE_MODELS,,MIXED,EVALUATING,HIGH
Ulysses,codap_28apr,frame_0356,3966.5,motion_threshold_exceeded,2.4265,,COMPARE_MODELS,,MIXED,EVALUATING,HIGH
Ulysses,codap_28apr,frame_0357,3968.1,motion_threshold_exceeded,10.8978,,OFF_TASK,,MENU,IDLE,HIGH
Ulysses,codap_28apr,frame_0358,3969.2,motion_threshold_exceeded,75.5355,,OFF_TASK,,MENU,IDLE,HIGH
Ulysses,codap_28apr,frame_0359,3970.8,motion_threshold_exceeded,2.6889,,OFF_TASK,,MENU,IDLE,HIGH
Ulysses,codap_28apr,frame_0360,3973.1,motion_threshold_exceeded,3.5264,,OFF_TASK,,MENU,IDLE,HIGH
Ulysses,codap_28apr,frame_0361,3974.3,motion_threshold_exceeded,1.2865,,OFF_TASK,,MENU,IDLE,HIGH
Ulysses,codap_28apr,frame_0362,3975.4,motion_threshold_exceeded,4.5285,,OFF_TASK,,MENU,IDLE,HIGH
Ulysses,codap_28apr,frame_0363,3976.4,motion_threshold_exceeded,1.2731,,OFF_TASK,,MENU,IDLE,HIGH
Ulysses,codap_28apr,frame_0364,3978.4,motion_threshold_exceeded,1.2442,,TUNE_THRESHOLD,EXPLORE_DATA,MIXED,TUNING,MEDIUM
Ulysses,codap_28apr,frame_0365,3998.9,motion_threshold_exceeded,3.3501,,IDLE_THINKING,,MIXED,IDLE,MEDIUM
Ulysses,codap_28apr,frame_0366,4001.0,motion_threshold_exceeded,21.7459,,OFF_TASK,,MENU,IDLE,HIGH
Ulysses,codap_28apr,frame_0367,4008.0,motion_threshold_exceeded,1.4284,,OFF_TASK,,MENU,IDLE,HIGH
Ulysses,codap_28apr,frame_0368,4009.5,motion_threshold_exceeded,1.8164,,OFF_TASK,,MENU,IDLE,HIGH
Ulysses,codap_28apr,frame_0369,4011.0,motion_threshold_exceeded,12.5041,,OFF_TASK,,MENU,IDLE,HIGH
Ulysses,codap_28apr,frame_0370,4012.1,motion_threshold_exceeded,2.8065,,OFF_TASK,,MENU,IDLE,HIGH
Ulysses,codap_28apr,frame_0371,4013.3,motion_threshold_exceeded,2.6304,,OFF_TASK,,MENU,IDLE,HIGH
Ulysses,codap_28apr,frame_0372,4015.5,motion_threshold_exceeded,37.7297,,OFF_TASK,,MENU,IDLE,HIGH
Ulysses,codap_28apr,frame_0373,4016.8,motion_threshold_exceeded,40.0104,,OFF_TASK,,MENU,IDLE,HIGH
Ulysses,codap_28apr,frame_0374,4017.8,motion_threshold_exceeded,39.7228,,OFF_TASK,,MENU,IDLE,HIGH
Ulysses,codap_28apr,frame_0375,4019.6,motion_threshold_exceeded,9.8314,,OFF_TASK,,MENU,IDLE,HIGH
Ulysses,codap_28apr,frame_0376,4021.0,motion_threshold_exceeded,1.9927,,OFF_TASK,,MENU,IDLE,HIGH
Ulysses,codap_28apr,frame_0377,4038.6,motion_threshold_exceeded,8.6796,,OFF_TASK,,MENU,IDLE,HIGH
Ulysses,codap_28apr,frame_0378,4039.8,motion_threshold_exceeded,2.5594,,OFF_TASK,,MENU,IDLE,HIGH
Ulysses,codap_28apr,frame_0379,4049.1,motion_threshold_exceeded,1.3501,,OFF_TASK,,MENU,IDLE,HIGH
Ulysses,codap_28apr,frame_0380,4050.1,motion_threshold_exceeded,1.5912,,OFF_TASK,,MENU,IDLE,HIGH
Ulysses,codap_28apr,frame_0381,4052.3,motion_threshold_exceeded,86.8252,,OFF_TASK,,MENU,IDLE,HIGH
Ulysses,codap_28apr,frame_0382,4054.6,motion_threshold_exceeded,12.8277,,OFF_TASK,,MENU,IDLE,HIGH
Ulysses,codap_28apr,frame_0383,4056.9,motion_threshold_exceeded,13.017,,OFF_TASK,,MENU,IDLE,HIGH
Ulysses,codap_28apr,frame_0384,4061.4,motion_threshold_exceeded,1.2838,,OFF_TASK,,MENU,IDLE,HIGH
Ulysses,codap_28apr,frame_0385,4063.2,motion_threshold_exceeded,3.9157,,OFF_TASK,,MENU,IDLE,HIGH
Ulysses,codap_28apr,frame_0386,4064.2,motion_threshold_exceeded,5.4028,,OFF_TASK,,MENU,IDLE,HIGH
Ulysses,codap_28apr,frame_0387,4067.8,motion_threshold_exceeded,86.5112,,OFF_TASK,,MENU,IDLE,HIGH
Ulysses,codap_28apr,frame_0388,4069.7,motion_threshold_exceeded,9.2461,,OFF_TASK,,MENU,IDLE,HIGH
Ulysses,codap_28apr,frame_0389,4075.5,motion_threshold_exceeded,7.6057,,OFF_TASK,,MENU,IDLE,HIGH
Ulysses,codap_28apr,frame_0390,4081.2,motion_threshold_exceeded,87.0503,,OFF_TASK,,MENU,IDLE,HIGH
Ulysses,codap_28apr,frame_0391,4083.1,motion_threshold_exceeded,12.8688,,OFF_TASK,,MENU,IDLE,HIGH
Ulysses,codap_28apr,frame_0392,4085.3,motion_threshold_exceeded,21.9776,,OFF_TASK,,MENU,IDLE,HIGH
Ulysses,codap_28apr,frame_0393,4089.5,motion_threshold_exceeded,6.9552,,OFF_TASK,,MENU,IDLE,HIGH
Ulysses,codap_28apr,frame_0394,4093.2,motion_threshold_exceeded,4.4639,,OFF_TASK,,MENU,IDLE,HIGH
Ulysses,codap_28apr,frame_0395,4109.2,motion_threshold_exceeded,1.4402,,OFF_TASK,,MENU,IDLE,HIGH
Ulysses,codap_28apr,frame_0396,4111.7,motion_threshold_exceeded,3.1667,,OFF_TASK,,MENU,IDLE,HIGH
Ulysses,codap_28apr,frame_0397,4113.4,motion_threshold_exceeded,14.3698,,OFF_TASK,,MENU,IDLE,HIGH
Ulysses,codap_28apr,frame_0398,4114.7,motion_threshold_exceeded,13.8821,,OFF_TASK,,MENU,IDLE,HIGH
Ulysses,codap_28apr,frame_0399,4116.1,motion_threshold_exceeded,5.9651,,OFF_TASK,,CODAP,IDLE,HIGH
Ulysses,codap_28apr,frame_0400,4117.6,motion_threshold_exceeded,9.4257,,OFF_TASK,,MENU,IDLE,HIGH
Ulysses,codap_28apr,frame_0401,4118.9,motion_threshold_exceeded,13.4589,,OFF_TASK,,MENU,IDLE,HIGH
Ulysses,codap_28apr,frame_0402,4120.0,motion_threshold_exceeded,6.9855,,OFF_TASK,,MENU,IDLE,HIGH
Ulysses,codap_28apr,frame_0403,4121.9,motion_threshold_exceeded,10.5143,,OFF_TASK,,MENU,IDLE,HIGH
Ulysses,codap_28apr,frame_0404,4123.1,motion_threshold_exceeded,10.6651,,OFF_TASK,,MENU,IDLE,HIGH
Ulysses,codap_28apr,frame_0405,4125.4,motion_threshold_exceeded,5.5473,,OFF_TASK,,MENU,IDLE,HIGH
Ulysses,codap_28apr,frame_0406,4128.5,motion_threshold_exceeded,2.0855,,OFF_TASK,,MENU,IDLE,HIGH
Ulysses,codap_28apr,frame_0407,4131.1,motion_threshold_exceeded,9.837,,OFF_TASK,,MENU,IDLE,HIGH
Ulysses,codap_28apr,frame_0408,4132.2,motion_threshold_exceeded,4.7533,,OFF_TASK,,MENU,IDLE,HIGH
Ulysses,codap_28apr,frame_0409,4133.7,motion_threshold_exceeded,5.0943,,OFF_TASK,,CODAP,IDLE,HIGH
Ulysses,codap_28apr,frame_0410,4134.7,motion_threshold_exceeded,6.9028,,OFF_TASK,,MENU,IDLE,HIGH
Ulysses,codap_28apr,frame_0411,4135.8,motion_threshold_exceeded,15.0882,,OFF_TASK,,MENU,IDLE,HIGH
Ulysses,codap_28apr,frame_0412,4137.1,motion_threshold_exceeded,3.8582,,OFF_TASK,,MENU,IDLE,HIGH
Ulysses,codap_28apr,frame_0413,4143.5,motion_threshold_exceeded,1.3003,,OFF_TASK,,CODAP,IDLE,HIGH
Ulysses,codap_28apr,frame_0414,4146.1,motion_threshold_exceeded,2.7402,,OFF_TASK,,CODAP,IDLE,HIGH
Ulysses,codap_28apr,frame_0415,4148.6,motion_threshold_exceeded,15.8794,,OFF_TASK,,CODAP,IDLE,HIGH
Ulysses,codap_28apr,frame_0416,4149.6,motion_threshold_exceeded,12.1728,,OFF_TASK,,CODAP,IDLE,HIGH
Ulysses,codap_28apr,frame_0417,4152.1,motion_threshold_exceeded,14.3669,,OFF_TASK,,MENU,IDLE,HIGH
Ulysses,codap_28apr,frame_0418,4153.6,motion_threshold_exceeded,13.8775,,OFF_TASK,,MENU,IDLE,HIGH
Ulysses,codap_28apr,frame_0419,4155.9,motion_threshold_exceeded,4.762,,OFF_TASK,,MENU,IDLE,HIGH
Ulysses,codap_28apr,frame_0420,4157.4,motion_threshold_exceeded,5.5872,,OFF_TASK,,CODAP,IDLE,HIGH
Ulysses,codap_28apr,frame_0421,4158.4,motion_threshold_exceeded,4.3069,,OFF_TASK,,CODAP,IDLE,HIGH
Ulysses,codap_28apr,frame_0422,4159.7,motion_threshold_exceeded,3.8538,,OFF_TASK,,MENU,IDLE,HIGH
Ulysses,codap_28apr,frame_0423,4161.0,motion_threshold_exceeded,12.1507,,OFF_TASK,,MENU,IDLE,HIGH
Ulysses,codap_28apr,frame_0424,4162.0,motion_threshold_exceeded,3.5573,,OFF_TASK,,MENU,IDLE,HIGH
Ulysses,codap_28apr,frame_0425,4163.3,motion_threshold_exceeded,7.7679,,OFF_TASK,,MENU,IDLE,HIGH
Ulysses,codap_28apr,frame_0426,4164.7,motion_threshold_exceeded,10.7328,,OFF_TASK,,MENU,IDLE,HIGH
Ulysses,codap_28apr,frame_0427,4165.7,motion_threshold_exceeded,2.2699,,OFF_TASK,,MENU,IDLE,HIGH
Ulysses,codap_28apr,frame_0428,4168.4,motion_threshold_exceeded,16.5378,,OFF_TASK,,MENU,IDLE,HIGH
Ulysses,codap_28apr,frame_0429,4172.8,motion_threshold_exceeded,1.8727,,OFF_TASK,,MENU,IDLE,HIGH
Ulysses,codap_28apr,frame_0430,4174.9,motion_threshold_exceeded,14.5812,,OFF_TASK,,MENU,IDLE,HIGH
Ulysses,codap_28apr,frame_0431,4176.0,motion_threshold_exceeded,14.2868,,OFF_TASK,,CODAP,IDLE,HIGH
Ulysses,codap_28apr,frame_0432,4177.2,motion_threshold_exceeded,14.2143,,OFF_TASK,,CODAP,IDLE,HIGH
Ulysses,codap_28apr,frame_0433,4178.3,motion_threshold_exceeded,6.5575,,OFF_TASK,,CODAP,IDLE,HIGH
Ulysses,codap_28apr,frame_0434,4180.1,motion_threshold_exceeded,11.5295,,OFF_TASK,,CODAP,IDLE,HIGH
Ulysses,codap_28apr,frame_0435,4181.4,motion_threshold_exceeded,2.7305,,OFF_TASK,,MENU,IDLE,HIGH
Ulysses,codap_28apr,frame_0436,4182.4,motion_threshold_exceeded,1.6308,,OFF_TASK,,MENU,IDLE,HIGH
Ulysses,codap_28apr,frame_0437,4184.5,motion_threshold_exceeded,15.8364,,OFF_TASK,,MENU,IDLE,HIGH
Ulysses,codap_28apr,frame_0438,4187.5,motion_threshold_exceeded,20.9971,,OFF_TASK,,CODAP,IDLE,HIGH
Ulysses,codap_28apr,frame_0439,4189.5,motion_threshold_exceeded,21.7182,,OFF_TASK,,CODAP,IDLE,HIGH
Ulysses,codap_28apr,frame_0440,4193.2,motion_threshold_exceeded,4.7649,,OFF_TASK,,CODAP,IDLE,HIGH
Ulysses,codap_28apr,frame_0441,4195.6,motion_threshold_exceeded,20.8777,,OFF_TASK,,MIXED,IDLE,HIGH
Ulysses,codap_28apr,frame_0442,4198.2,motion_threshold_exceeded,21.1786,,OFF_TASK,,CODAP,IDLE,HIGH
Ulysses,codap_28apr,frame_0443,4200.7,motion_threshold_exceeded,19.8773,,OFF_TASK,,CODAP,IDLE,HIGH
Ulysses,codap_28apr,frame_0444,4203.7,motion_threshold_exceeded,18.114,,OFF_TASK,,MENU,IDLE,HIGH
Ulysses,codap_28apr,frame_0445,4204.9,motion_threshold_exceeded,19.1753,,OFF_TASK,,CODAP,IDLE,HIGH
Ulysses,codap_28apr,frame_0446,4209.2,motion_threshold_exceeded,18.9736,,OFF_TASK,,CODAP,IDLE,HIGH
Ulysses,codap_28apr,frame_0447,4210.4,motion_threshold_exceeded,18.5552,,OFF_TASK,,MENU,IDLE,HIGH
Ulysses,codap_28apr,frame_0448,4217.8,motion_threshold_exceeded,17.898,,OFF_TASK,,MENU,IDLE,HIGH
Ulysses,codap_28apr,frame_0449,4219.0,motion_threshold_exceeded,2.5745,,OFF_TASK,,MENU,IDLE,HIGH
Ulysses,codap_28apr,frame_0450,4220.0,motion_threshold_exceeded,6.146,,TUNE_THRESHOLD,EXPLORE_DATA,MIXED,TUNING,MEDIUM
Ulysses,codap_28apr,frame_0451,4226.9,motion_threshold_exceeded,17.5023,,OFF_TASK,,MENU,IDLE,HIGH
Ulysses,codap_28apr,frame_0452,4228.6,motion_threshold_exceeded,22.1198,,OFF_TASK,,MENU,IDLE,HIGH
Ulysses,codap_28apr,frame_0453,4230.5,motion_threshold_exceeded,2.539,,OFF_TASK,,MENU,IDLE,HIGH
Ulysses,codap_28apr,frame_0454,4231.8,motion_threshold_exceeded,39.1613,,OFF_TASK,,MENU,IDLE,HIGH
Ulysses,codap_28apr,frame_0455,4233.6,motion_threshold_exceeded,26.6543,,OFF_TASK,,CODAP,IDLE,HIGH
Ulysses,codap_28apr,frame_0456,4234.8,motion_threshold_exceeded,20.0075,,OFF_TASK,,CODAP,IDLE,HIGH
Ulysses,codap_28apr,frame_0457,4238.3,motion_threshold_exceeded,22.0093,,OFF_TASK,,CODAP,IDLE,HIGH
Ulysses,codap_28apr,frame_0458,4239.3,motion_threshold_exceeded,21.3949,,OFF_TASK,,CODAP,IDLE,HIGH
Ulysses,codap_28apr,frame_0459,4242.1,motion_threshold_exceeded,21.376,,OFF_TASK,,CODAP,IDLE,HIGH
Ulysses,codap_28apr,frame_0460,4243.1,motion_threshold_exceeded,20.6229,,OFF_TASK,,CODAP,IDLE,HIGH
Ulysses,codap_28apr,frame_0461,4244.3,motion_threshold_exceeded,19.1917,,OFF_TASK,,CODAP,IDLE,HIGH
Ulysses,codap_28apr,frame_0462,4245.9,motion_threshold_exceeded,4.6269,,OFF_TASK,,CODAP,IDLE,HIGH
Ulysses,codap_28apr,frame_0463,4247.1,motion_threshold_exceeded,17.7469,,OFF_TASK,,MENU,IDLE,HIGH
Ulysses,codap_28apr,frame_0464,4249.8,motion_threshold_exceeded,24.3887,,OFF_TASK,,MENU,IDLE,HIGH
Ulysses,codap_28apr,frame_0465,4253.1,motion_threshold_exceeded,3.162,,OFF_TASK,,MENU,IDLE,HIGH
Ulysses,codap_28apr,frame_0466,4254.4,motion_threshold_exceeded,24.3858,,OFF_TASK,,CODAP,IDLE,HIGH
Ulysses,codap_28apr,frame_0467,4258.4,motion_threshold_exceeded,24.3436,,OFF_TASK,,MENU,IDLE,HIGH
Ulysses,codap_28apr,frame_0468,4261.5,motion_threshold_exceeded,6.4632,,OFF_TASK,,MENU,IDLE,HIGH
Ulysses,codap_28apr,frame_0469,4262.5,motion_threshold_exceeded,19.0916,,OFF_TASK,,CODAP,IDLE,HIGH
Ulysses,codap_28apr,frame_0470,4265.4,motion_threshold_exceeded,24.2766,,OFF_TASK,,MENU,IDLE,HIGH
Ulysses,codap_28apr,frame_0471,4266.5,motion_threshold_exceeded,1.4522,,OFF_TASK,,MENU,IDLE,HIGH
Ulysses,codap_28apr,frame_0472,4268.5,motion_threshold_exceeded,24.2718,,OFF_TASK,,MENU,IDLE,HIGH
Ulysses,codap_28apr,frame_0473,4269.8,motion_threshold_exceeded,18.4437,,OFF_TASK,,CODAP,IDLE,HIGH
Ulysses,codap_28apr,frame_0474,4271.1,motion_threshold_exceeded,19.4763,,OFF_TASK,,CODAP,IDLE,HIGH
Ulysses,codap_28apr,frame_0475,4272.3,motion_threshold_exceeded,19.8021,,OFF_TASK,,CODAP,IDLE,HIGH
Ulysses,codap_28apr,frame_0476,4277.1,motion_threshold_exceeded,19.5924,,OFF_TASK,,CODAP,IDLE,HIGH
Ulysses,codap_28apr,frame_0477,4278.2,motion_threshold_exceeded,20.8661,,OFF_TASK,,CODAP,IDLE,HIGH
Ulysses,codap_28apr,frame_0478,4280.9,motion_threshold_exceeded,20.3783,,OFF_TASK,,CODAP,IDLE,HIGH
Ulysses,codap_28apr,frame_0479,4282.1,motion_threshold_exceeded,18.0123,,OFF_TASK,,CODAP,IDLE,HIGH
Ulysses,codap_28apr,frame_0480,4289.3,motion_threshold_exceeded,18.6887,,OFF_TASK,,CODAP,IDLE,HIGH
Ulysses,codap_28apr,frame_0481,4304.3,motion_threshold_exceeded,22.8513,,OFF_TASK,,MENU,IDLE,HIGH
Ulysses,codap_28apr,frame_0482,4306.6,motion_threshold_exceeded,22.7209,,OFF_TASK,,MENU,IDLE,HIGH
Ulysses,codap_28apr,frame_0483,4312.6,motion_threshold_exceeded,2.7645,,OFF_TASK,,CODAP,IDLE,HIGH
Ulysses,codap_28apr,frame_0484,4314.1,motion_threshold_exceeded,2.7182,,OFF_TASK,,MENU,IDLE,HIGH
Ulysses,codap_28apr,frame_0485,4316.0,motion_threshold_exceeded,13.8266,,OFF_TASK,,MENU,IDLE,HIGH
Ulysses,codap_28apr,frame_0486,4318.7,motion_threshold_exceeded,13.2733,,OFF_TASK,,MENU,IDLE,HIGH
Ulysses,codap_28apr,frame_0487,4320.0,motion_threshold_exceeded,13.5594,,OFF_TASK,,MENU,IDLE,HIGH
Ulysses,codap_28apr,frame_0488,4321.1,motion_threshold_exceeded,2.5353,,OFF_TASK,,MENU,IDLE,HIGH
Ulysses,codap_28apr,frame_0489,4322.2,motion_threshold_exceeded,4.9097,,OFF_TASK,,MENU,IDLE,HIGH
Ulysses,codap_28apr,frame_0490,4325.1,motion_threshold_exceeded,13.3621,,OFF_TASK,,MENU,IDLE,HIGH
Ulysses,codap_28apr,frame_0491,4326.3,motion_threshold_exceeded,2.5361,,OFF_TASK,,MENU,IDLE,HIGH
Ulysses,codap_28apr,frame_0492,4332.5,motion_threshold_exceeded,5.0943,,OFF_TASK,,MENU,IDLE,HIGH
Ulysses,codap_28apr,frame_0493,4334.2,motion_threshold_exceeded,1.2876,,OFF_TASK,,MENU,IDLE,HIGH
Ulysses,codap_28apr,frame_0494,4336.1,motion_threshold_exceeded,2.5413,,OFF_TASK,,MENU,IDLE,HIGH
Ulysses,codap_28apr,frame_0495,4338.9,motion_threshold_exceeded,4.686,,OFF_TASK,,MENU,IDLE,HIGH
Ulysses,codap_28apr,frame_0496,4341.2,motion_threshold_exceeded,2.5619,,OFF_TASK,,MENU,IDLE,HIGH
Ulysses,codap_28apr,frame_0497,4342.9,motion_threshold_exceeded,4.6343,,OFF_TASK,,MENU,IDLE,HIGH
Ulysses,codap_28apr,frame_0498,4350.2,motion_threshold_exceeded,5.075,,OFF_TASK,,MENU,IDLE,HIGH
Ulysses,codap_28apr,frame_0499,4354.9,motion_threshold_exceeded,5.0608,,OFF_TASK,,MENU,IDLE,HIGH
Ulysses,codap_28apr,frame_0500,4356.7,motion_threshold_exceeded,5.0905,,OFF_TASK,,MENU,IDLE,HIGH
Ulysses,codap_28apr,frame_0501,4359.4,motion_threshold_exceeded,2.6902,,OFF_TASK,,MENU,IDLE,HIGH
Ulysses,codap_28apr,frame_0502,4360.4,motion_threshold_exceeded,3.2816,,OFF_TASK,,MENU,IDLE,HIGH
Ulysses,codap_28apr,frame_0503,4362.6,motion_threshold_exceeded,17.8399,,OFF_TASK,,CODAP,IDLE,HIGH
Ulysses,codap_28apr,frame_0504,4365.6,motion_threshold_exceeded,24.1516,,OFF_TASK,,MENU,IDLE,HIGH
Ulysses,codap_28apr,frame_0505,4368.7,motion_threshold_exceeded,1.6163,,OFF_TASK,,MENU,IDLE,HIGH
Ulysses,codap_28apr,frame_0506,4373.5,motion_threshold_exceeded,24.1667,,OFF_TASK,,CODAP,IDLE,HIGH
Ulysses,codap_28apr,frame_0507,4376.6,motion_threshold_exceeded,24.2103,,OFF_TASK,,MENU,IDLE,HIGH
Ulysses,codap_28apr,frame_0508,4378.8,motion_threshold_exceeded,3.7155,,OFF_TASK,,MENU,IDLE,HIGH
Ulysses,codap_28apr,frame_0509,4390.5,motion_threshold_exceeded,3.6771,,OFF_TASK,,MENU,IDLE,HIGH
Ulysses,codap_28apr,frame_0510,4414.2,motion_threshold_exceeded,3.6221,,OFF_TASK,,MENU,IDLE,HIGH
Ulysses,codap_28apr,frame_0511,4418.1,motion_threshold_exceeded,1.3393,,OFF_TASK,,MENU,IDLE,HIGH
Ulysses,codap_28apr,frame_0512,4422.0,motion_threshold_exceeded,18.2018,,OFF_TASK,,MENU,IDLE,HIGH
Ulysses,codap_28apr,frame_0513,4423.0,motion_threshold_exceeded,20.8829,,TUNE_THRESHOLD,EVALUATE_MODEL,MIXED,TUNING,MEDIUM
Ulysses,codap_28apr,frame_0514,4447.8,motion_threshold_exceeded,64.648,,EXPLORE_DATA,,MENU,SETUP,MEDIUM
Ulysses,codap_28apr,frame_0515,4449.1,motion_threshold_exceeded,1.8916,,EXPLORE_DATA,,MENU,SETUP,MEDIUM
Ulysses,codap_28apr,frame_0516,4450.5,motion_threshold_exceeded,65.0066,,TUNE_THRESHOLD,EXPLORE_DATA,MIXED,TUNING,MEDIUM
Ulysses,codap_28apr,frame_0517,4451.9,motion_threshold_exceeded,1.2423,,EXPLORE_DATA,,MENU,SETUP,MEDIUM
Ulysses,codap_28apr,frame_0518,4472.9,motion_threshold_exceeded,10.5581,,COMPARE_MODELS,EXPLORE_DATA,MIXED,EVALUATING,HIGH
Ulysses,codap_28apr,frame_0519,4477.6,motion_threshold_exceeded,79.1433,,OFF_TASK,,MENU,IDLE,HIGH
Ulysses,codap_28apr,frame_0520,4479.1,motion_threshold_exceeded,5.4402,,OFF_TASK,,MENU,IDLE,HIGH
Ulysses,codap_28apr,frame_0521,4481.3,motion_threshold_exceeded,33.2797,,OFF_TASK,,MENU,IDLE,HIGH
Ulysses,codap_28apr,frame_0522,4485.7,motion_threshold_exceeded,4.4369,,EXPLORE_DATA,,MENU,SETUP,HIGH
Ulysses,codap_28apr,frame_0523,4489.1,motion_threshold_exceeded,1.5623,,OFF_TASK,,MENU,IDLE,HIGH
Ulysses,codap_28apr,frame_0524,4491.0,motion_threshold_exceeded,12.4333,,OFF_TASK,,MENU,IDLE,HIGH
Ulysses,codap_28apr,frame_0525,4492.5,motion_threshold_exceeded,5.6734,,OFF_TASK,,CODAP,IDLE,HIGH
Ulysses,codap_28apr,frame_0526,4495.3,motion_threshold_exceeded,3.1262,,OFF_TASK,,MENU,IDLE,HIGH
Ulysses,codap_28apr,frame_0527,4498.2,motion_threshold_exceeded,7.1802,,OFF_TASK,,MENU,IDLE,HIGH
Ulysses,codap_28apr,frame_0528,4536.8,motion_threshold_exceeded,7.1939,,OFF_TASK,,MENU,IDLE,HIGH
Ulysses,codap_28apr,frame_0529,4545.1,motion_threshold_exceeded,3.5889,,OFF_TASK,,MENU,IDLE,HIGH
Zara,codap_28apr,frame_0001,268.9,motion_only_fallback,2.6213,unknown,OFF_TASK,,MENU,IDLE,HIGH
Zara,codap_28apr,frame_0002,271.9,motion_only_fallback,28.766,unknown,OFF_TASK,,MENU,IDLE,HIGH
Zara,codap_28apr,frame_0003,282.8,motion_only_fallback,1.1146,unknown,OFF_TASK,,MENU,IDLE,HIGH
Zara,codap_28apr,frame_0004,319.3,motion_only_fallback,3.152,unknown,OFF_TASK,,MENU,IDLE,HIGH
Zara,codap_28apr,frame_0005,320.4,motion_only_fallback,3.0775,unknown,OFF_TASK,,MENU,IDLE,HIGH
Zara,codap_28apr,frame_0006,321.5,motion_only_fallback,0.9219,unknown,OFF_TASK,,MENU,IDLE,HIGH
Zara,codap_28apr,frame_0007,323.0,motion_only_fallback,1.6939,unknown,OFF_TASK,,MENU,IDLE,HIGH
Zara,codap_28apr,frame_0008,324.6,motion_only_fallback,7.0498,unknown,OFF_TASK,,MENU,IDLE,HIGH
Zara,codap_28apr,frame_0009,328.4,motion_only_fallback,6.4541,unknown,OFF_TASK,,MENU,IDLE,HIGH
Zara,codap_28apr,frame_0010,335.7,motion_only_fallback,3.2446,unknown,OFF_TASK,,MENU,IDLE,HIGH
Zara,codap_28apr,frame_0011,337.7,motion_only_fallback,5.7299,unknown,OFF_TASK,,MENU,IDLE,HIGH
Zara,codap_28apr,frame_0012,345.1,motion_only_fallback,83.9462,unknown,EXPLORE_DATA,,MENU,SETUP,HIGH
Zara,codap_28apr,frame_0013,346.1,motion_only_fallback,1.255,unknown,OFF_TASK,,MENU,IDLE,HIGH
Zara,codap_28apr,frame_0014,354.0,motion_only_fallback,42.9855,unknown,OFF_TASK,,MENU,IDLE,HIGH
Zara,codap_28apr,frame_0015,355.6,motion_only_fallback,4.4161,unknown,EXPLORE_DATA,,TREE,SETUP,HIGH
Zara,codap_28apr,frame_0016,356.6,motion_only_fallback,4.7758,unknown,EXPLORE_DATA,,TREE,SETUP,HIGH
Zara,codap_28apr,frame_0017,364.4,motion_only_fallback,7.2423,unknown,EXPLORE_DATA,,TREE,SETUP,HIGH
Zara,codap_28apr,frame_0018,365.4,motion_only_fallback,3.0617,unknown,EXPLORE_DATA,,TREE,SETUP,HIGH
Zara,codap_28apr,frame_0019,366.4,motion_only_fallback,3.1096,unknown,EXPLORE_DATA,,TREE,SETUP,HIGH
Zara,codap_28apr,frame_0020,368.8,motion_only_fallback,0.9244,unknown,EXPLORE_DATA,,TREE,SETUP,HIGH
Zara,codap_28apr,frame_0021,370.6,motion_only_fallback,51.7215,unknown,EXPLORE_DATA,,TREE,SETUP,MEDIUM
Zara,codap_28apr,frame_0022,378.6,motion_only_fallback,5.2612,unknown,EXPLORE_DATA,,CODAP,SETUP,MEDIUM
Zara,codap_28apr,frame_0023,379.7,motion_only_fallback,3.4678,unknown,EXPLORE_DATA,,CODAP,SETUP,HIGH
Zara,codap_28apr,frame_0024,382.9,motion_only_fallback,15.2105,unknown,OFF_TASK,,MENU,IDLE,HIGH
Zara,codap_28apr,frame_0025,384.5,motion_only_fallback,17.4226,unknown,EXPLORE_DATA,,CODAP,SETUP,HIGH
Zara,codap_28apr,frame_0026,394.0,motion_only_fallback,1.0945,unknown,EXPLORE_DATA,,MENU,SETUP,MEDIUM
Zara,codap_28apr,frame_0027,398.4,motion_only_fallback,2.8744,unknown,EXPLORE_DATA,,MENU,SETUP,HIGH
Zara,codap_28apr,frame_0028,407.3,motion_only_fallback,11.5407,unknown,EXPLORE_DATA,,MIXED,SETUP,MEDIUM
Zara,codap_28apr,frame_0029,408.3,motion_only_fallback,1.1694,unknown,EXPLORE_DATA,,MIXED,SETUP,MEDIUM
Zara,codap_28apr,frame_0030,412.9,motion_only_fallback,28.9176,unknown,EXPLORE_DATA,,MIXED,SETUP,MEDIUM
Zara,codap_28apr,frame_0031,418.1,motion_only_fallback,38.6759,unknown,EXPLORE_DATA,,MENU,SETUP,MEDIUM
Zara,codap_28apr,frame_0032,420.3,motion_only_fallback,9.5152,unknown,EXPLORE_DATA,,MENU,SETUP,MEDIUM
Zara,codap_28apr,frame_0033,421.3,motion_only_fallback,1.0739,unknown,EXPLORE_DATA,,MIXED,SETUP,MEDIUM
Zara,codap_28apr,frame_0034,428.1,motion_only_fallback,1.1946,unknown,EXPLORE_DATA,,MIXED,SETUP,MEDIUM
Zara,codap_28apr,frame_0035,432.1,motion_only_fallback,1.8326,unknown,EXPLORE_DATA,,MIXED,SETUP,MEDIUM
Zara,codap_28apr,frame_0036,434.2,motion_only_fallback,17.3814,unknown,EXPLORE_DATA,,MENU,SETUP,HIGH
Zara,codap_28apr,frame_0037,435.8,motion_only_fallback,1.0314,unknown,EXPLORE_DATA,,CODAP,SETUP,HIGH
Zara,codap_28apr,frame_0038,476.2,motion_only_fallback,6.3621,unknown,EXPLORE_DATA,,MIXED,SETUP,HIGH
Zara,codap_28apr,frame_0039,496.2,motion_only_fallback,2.4302,unknown,EXPLORE_DATA,,MIXED,SETUP,HIGH
Zara,codap_28apr,frame_0040,498.1,motion_only_fallback,4.0835,unknown,EXPLORE_DATA,,MIXED,SETUP,HIGH
Zara,codap_28apr,frame_0041,582.8,motion_only_fallback,2.1998,unknown,EXPLORE_DATA,,MIXED,SETUP,HIGH
Zara,codap_28apr,frame_0042,630.9,motion_only_fallback,0.8727,unknown,EXPLORE_DATA,,MIXED,SETUP,MEDIUM
Zara,codap_28apr,frame_0043,639.6,motion_only_fallback,2.4506,unknown,EXPLORE_DATA,,MIXED,SETUP,HIGH
Zara,codap_28apr,frame_0044,642.3,motion_only_fallback,1.9203,unknown,EXPLORE_DATA,,MIXED,SETUP,HIGH
Zara,codap_28apr,frame_0045,645.9,motion_only_fallback,2.8663,unknown,EXPLORE_DATA,,MIXED,SETUP,HIGH
Zara,codap_28apr,frame_0046,647.5,motion_only_fallback,2.0953,unknown,EXPLORE_DATA,,MIXED,SETUP,HIGH
Zara,codap_28apr,frame_0047,671.7,motion_only_fallback,1.6262,unknown,EXPLORE_DATA,,MIXED,SETUP,HIGH
Zara,codap_28apr,frame_0048,762.2,silent_screen_gap_fill,,unknown,EXPLORE_DATA,,MIXED,SETUP,HIGH
Zara,codap_28apr,frame_0049,779.2,motion_only_fallback,1.2782,unknown,EXPLORE_DATA,,MIXED,SETUP,HIGH
Zara,codap_28apr,frame_0050,785.6,motion_only_fallback,3.1223,unknown,EXPLORE_DATA,,MIXED,SETUP,HIGH
Zara,codap_28apr,frame_0051,805.3,motion_only_fallback,0.8613,unknown,EXPLORE_DATA,,MIXED,SETUP,HIGH
Zara,codap_28apr,frame_0052,807.8,motion_only_fallback,0.827,unknown,EXPLORE_DATA,,MIXED,SETUP,HIGH
Zara,codap_28apr,frame_0053,813.7,motion_only_fallback,2.8297,unknown,EXPLORE_DATA,,MIXED,SETUP,HIGH
Zara,codap_28apr,frame_0054,899.0,motion_only_fallback,1.3449,unknown,EXPLORE_DATA,,MIXED,SETUP,HIGH
Zara,codap_28apr,frame_0055,907.6,motion_only_fallback,1.1657,unknown,EXPLORE_DATA,,MIXED,SETUP,HIGH
Zara,codap_28apr,frame_0056,984.3,motion_only_fallback,1.6042,unknown,EXPLORE_DATA,,MIXED,SETUP,HIGH
Zara,codap_28apr,frame_0057,989.7,motion_only_fallback,1.0853,unknown,EXPLORE_DATA,,MIXED,SETUP,MEDIUM
Zara,codap_28apr,frame_0058,996.1,motion_only_fallback,2.3964,unknown,EXPLORE_DATA,,MIXED,SETUP,HIGH
Zara,codap_28apr,frame_0059,1086.7,silent_screen_gap_fill,,unknown,EXPLORE_DATA,,MIXED,SETUP,MEDIUM
Zara,codap_28apr,frame_0060,1177.1,silent_screen_gap_fill,,unknown,EXPLORE_DATA,,MIXED,SETUP,HIGH
Zara,codap_28apr,frame_0061,1267.7,silent_screen_gap_fill,,unknown,EXPLORE_DATA,,MIXED,SETUP,HIGH
Zara,codap_28apr,frame_0062,1288.7,motion_only_fallback,1.222,unknown,EXPLORE_DATA,,MIXED,SETUP,HIGH
Zara,codap_28apr,frame_0063,1354.7,motion_only_fallback,2.2079,unknown,EXPLORE_DATA,,MIXED,SETUP,MEDIUM
Zara,codap_28apr,frame_0064,1356.3,motion_only_fallback,3.0116,unknown,EXPLORE_DATA,,MIXED,SETUP,MEDIUM
Zara,codap_28apr,frame_0065,1390.9,motion_only_fallback,0.8225,unknown,EXPLORE_DATA,,MIXED,SETUP,MEDIUM
Zara,codap_28apr,frame_0066,1392.1,motion_only_fallback,1.8735,unknown,EXPLORE_DATA,,MIXED,SETUP,MEDIUM
Zara,codap_28apr,frame_0067,1393.9,motion_only_fallback,2.2251,unknown,EXPLORE_DATA,,MIXED,SETUP,HIGH
Zara,codap_28apr,frame_0068,1398.4,motion_only_fallback,0.8391,unknown,EXPLORE_DATA,,MIXED,SETUP,HIGH
Zara,codap_28apr,frame_0069,1416.0,motion_only_fallback,1.1916,unknown,EXPLORE_DATA,,MIXED,SETUP,MEDIUM
Zara,codap_28apr,frame_0070,1484.1,motion_only_fallback,2.2323,unknown,EXPLORE_DATA,,MIXED,SETUP,MEDIUM
Zara,codap_28apr,frame_0071,1492.8,motion_only_fallback,1.0432,unknown,EXPLORE_DATA,,MIXED,SETUP,MEDIUM
Zara,codap_28apr,frame_0072,1542.2,motion_only_fallback,1.6997,unknown,EXPLORE_DATA,,MENU,SETUP,MEDIUM
Zara,codap_28apr,frame_0073,1570.0,motion_only_fallback,5.4144,unknown,EXPLORE_DATA,,MIXED,SETUP,HIGH
Zara,codap_28apr,frame_0074,1630.0,motion_only_fallback,3.7897,unknown,EXPLORE_DATA,,MIXED,SETUP,HIGH
Zara,codap_28apr,frame_0075,1667.4,motion_only_fallback,10.1902,unknown,EXPLORE_DATA,,MIXED,SETUP,HIGH
Zara,codap_28apr,frame_0076,1669.5,motion_only_fallback,3.234,unknown,EXPLORE_DATA,,MIXED,SETUP,HIGH
Zara,codap_28apr,frame_0077,1752.6,motion_only_fallback,3.1908,unknown,EXPLORE_DATA,,MIXED,SETUP,HIGH
Zara,codap_28apr,frame_0078,1754.4,motion_only_fallback,1.9248,unknown,EXPLORE_DATA,,MIXED,SETUP,MEDIUM
Zara,codap_28apr,frame_0079,1835.4,motion_only_fallback,2.222,unknown,EXPLORE_DATA,,MIXED,SETUP,HIGH
Zara,codap_28apr,frame_0080,1842.5,motion_only_fallback,1.7647,unknown,EXPLORE_DATA,,MIXED,SETUP,HIGH
Zara,codap_28apr,frame_0081,1919.2,motion_only_fallback,1.0602,unknown,EXPLORE_DATA,,MIXED,SETUP,MEDIUM
Zara,codap_28apr,frame_0082,1931.3,motion_only_fallback,9.7083,unknown,EXPLORE_DATA,,MIXED,SETUP,MEDIUM
Zara,codap_28apr,frame_0083,1942.9,motion_only_fallback,8.5284,unknown,EXPLORE_DATA,,MIXED,SETUP,HIGH
Zara,codap_28apr,frame_0084,1951.7,motion_only_fallback,2.7535,unknown,EXPLORE_DATA,,MIXED,SETUP,HIGH
Zara,codap_28apr,frame_0085,1953.2,motion_only_fallback,0.8241,unknown,EXPLORE_DATA,,MIXED,SETUP,HIGH
Zara,codap_28apr,frame_0086,1958.3,motion_only_fallback,2.0488,unknown,EXPLORE_DATA,,MIXED,SETUP,MEDIUM
Zara,codap_28apr,frame_0087,1964.3,motion_only_fallback,2.3461,unknown,EXPLORE_DATA,,MIXED,SETUP,MEDIUM
Zara,codap_28apr,frame_0088,1977.9,motion_only_fallback,7.012,unknown,EXPLORE_DATA,,MIXED,SETUP,MEDIUM
Zara,codap_28apr,frame_0089,2013.7,motion_only_fallback,2.1705,unknown,EXPLORE_DATA,,MIXED,SETUP,MEDIUM
Zara,codap_28apr,frame_0090,2014.8,motion_only_fallback,1.1017,unknown,EXPLORE_DATA,,MIXED,SETUP,HIGH
Zara,codap_28apr,frame_0091,2016.3,motion_only_fallback,1.7076,unknown,EXPLORE_DATA,,MIXED,SETUP,MEDIUM
Zara,codap_28apr,frame_0092,2017.3,motion_only_fallback,1.151,unknown,EXPLORE_DATA,,MIXED,SETUP,MEDIUM
Zara,codap_28apr,frame_0093,2018.4,motion_only_fallback,1.1181,unknown,EXPLORE_DATA,,MIXED,SETUP,HIGH
Zara,codap_28apr,frame_0094,2022.2,motion_only_fallback,2.3171,unknown,EXPLORE_DATA,,MIXED,SETUP,HIGH
Zara,codap_28apr,frame_0095,2023.3,motion_only_fallback,2.6715,unknown,EXPLORE_DATA,,MIXED,SETUP,MEDIUM
Zara,codap_28apr,frame_0096,2058.9,motion_only_fallback,1.516,unknown,EXPLORE_DATA,,MIXED,SETUP,MEDIUM
Zara,codap_28apr,frame_0097,2060.2,motion_only_fallback,5.3881,unknown,EXPLORE_DATA,,MIXED,SETUP,MEDIUM
Zara,codap_28apr,frame_0098,2061.8,motion_only_fallback,1.7741,unknown,EXPLORE_DATA,,MIXED,SETUP,HIGH
Zara,codap_28apr,frame_0099,2064.4,motion_only_fallback,1.7539,unknown,EXPLORE_DATA,,MIXED,SETUP,MEDIUM
Zara,codap_28apr,frame_0100,2128.9,motion_only_fallback,1.028,unknown,EXPLORE_DATA,,MIXED,SETUP,MEDIUM
Zara,codap_28apr,frame_0101,2136.4,motion_only_fallback,4.2145,unknown,EXPLORE_DATA,,MIXED,SETUP,HIGH
Zara,codap_28apr,frame_0102,2141.6,motion_only_fallback,4.9165,unknown,EXPLORE_DATA,,MIXED,SETUP,HIGH
Zara,codap_28apr,frame_0103,2154.5,motion_only_fallback,3.3362,unknown,BUILD_TREE,EXPLORE_DATA,MIXED,BUILDING,HIGH
Zara,codap_28apr,frame_0104,2215.4,motion_only_fallback,1.5122,unknown,TUNE_THRESHOLD,EXPLORE_DATA,MIXED,TUNING,MEDIUM
Zara,codap_28apr,frame_0105,2231.3,motion_only_fallback,3.8032,unknown,BUILD_TREE,EXPLORE_DATA,MIXED,BUILDING,HIGH
Zara,codap_28apr,frame_0106,2234.7,motion_only_fallback,6.9225,unknown,BUILD_TREE,EXPLORE_DATA,MIXED,BUILDING,HIGH
Zara,codap_28apr,frame_0107,2288.6,motion_only_fallback,1.3277,unknown,BUILD_TREE,EXPLORE_DATA,MIXED,BUILDING,MEDIUM
Zara,codap_28apr,frame_0108,2290.2,motion_only_fallback,3.2917,unknown,BUILD_TREE,EXPLORE_DATA,MIXED,BUILDING,HIGH
Zara,codap_28apr,frame_0109,2368.0,motion_only_fallback,1.7025,unknown,TUNE_THRESHOLD,EXPLORE_DATA,MIXED,TUNING,MEDIUM
Zara,codap_28apr,frame_0110,2458.5,silent_screen_gap_fill,,unknown,TUNE_THRESHOLD,EXPLORE_DATA,MIXED,TUNING,MEDIUM
Zara,codap_28apr,frame_0111,2549.3,silent_screen_gap_fill,,unknown,TUNE_THRESHOLD,EXPLORE_DATA,MIXED,TUNING,MEDIUM
Zara,codap_28apr,frame_0112,2591.4,motion_only_fallback,1.1235,unknown,TUNE_THRESHOLD,EXPLORE_DATA,MIXED,TUNING,MEDIUM
Zara,codap_28apr,frame_0113,2650.5,motion_only_fallback,2.0251,unknown,TUNE_THRESHOLD,EXPLORE_DATA,MIXED,TUNING,MEDIUM
Zara,codap_28apr,frame_0114,2651.7,motion_only_fallback,2.2568,unknown,TUNE_THRESHOLD,EXPLORE_DATA,MIXED,TUNING,MEDIUM
Zara,codap_28apr,frame_0115,2653.1,motion_only_fallback,1.8684,unknown,IDLE_THINKING,,MIXED,IDLE,MEDIUM
Zara,codap_28apr,frame_0116,2657.9,motion_only_fallback,2.4398,unknown,TUNE_THRESHOLD,EXPLORE_DATA,MIXED,TUNING,MEDIUM
Zara,codap_28apr,frame_0117,2682.0,motion_only_fallback,1.0839,unknown,TUNE_THRESHOLD,EXPLORE_DATA,MIXED,TUNING,MEDIUM
Zara,codap_28apr,frame_0118,2702.7,motion_only_fallback,2.4971,unknown,TUNE_THRESHOLD,EXPLORE_DATA,MIXED,TUNING,MEDIUM
Zara,codap_28apr,frame_0119,2793.1,silent_screen_gap_fill,,unknown,EVALUATE_MODEL,,MIXED,EVALUATING,HIGH
Zara,codap_28apr,frame_0120,2842.6,motion_only_fallback,0.8029,unknown,BUILD_TREE,EXPLORE_DATA,MIXED,BUILDING,HIGH
Zara,codap_28apr,frame_0121,2862.0,motion_only_fallback,2.0365,unknown,EVALUATE_MODEL,EXPLORE_DATA,MIXED,EVALUATING,MEDIUM
Zara,codap_28apr,frame_0122,2891.2,motion_only_fallback,2.2085,unknown,EVALUATE_MODEL,EXPLORE_DATA,MIXED,EVALUATING,MEDIUM
Zara,codap_28apr,frame_0123,2906.4,motion_only_fallback,0.8563,unknown,EVALUATE_MODEL,EXPLORE_DATA,MIXED,EVALUATING,MEDIUM
Zara,codap_28apr,frame_0124,2907.5,motion_only_fallback,0.8846,unknown,BUILD_TREE,EXPLORE_DATA,MIXED,BUILDING,MEDIUM
Zara,codap_28apr,frame_0125,2953.7,motion_only_fallback,0.8731,unknown,EXPLORE_DATA,TUNE_THRESHOLD,MIXED,SETUP,MEDIUM
Zara,codap_28apr,frame_0126,2954.9,motion_only_fallback,0.897,unknown,BUILD_TREE,EXPLORE_DATA,MIXED,BUILDING,HIGH
Zara,codap_28apr,frame_0127,2979.8,motion_only_fallback,3.12,unknown,TUNE_THRESHOLD,EXPLORE_DATA,MIXED,TUNING,MEDIUM
Zara,codap_28apr,frame_0128,3040.8,motion_only_fallback,0.8727,unknown,BUILD_TREE,EXPLORE_DATA,MIXED,BUILDING,HIGH
Zara,codap_28apr,frame_0129,3047.5,motion_only_fallback,0.9543,unknown,COMPARE_MODELS,EXPLORE_DATA,MIXED,EVALUATING,MEDIUM
Zara,codap_28apr,frame_0130,3054.8,motion_only_fallback,3.2735,unknown,TUNE_THRESHOLD,,MIXED,TUNING,HIGH
Zara,codap_28apr,frame_0131,3058.2,motion_only_fallback,0.9321,unknown,BUILD_TREE,EXPLORE_DATA,MIXED,BUILDING,HIGH
Zara,codap_28apr,frame_0132,3063.5,motion_only_fallback,1.005,unknown,TUNE_THRESHOLD,EXPLORE_DATA,MIXED,TUNING,MEDIUM
Zara,codap_28apr,frame_0133,3153.6,silent_screen_gap_fill,,unknown,EXPLORE_DATA,EVALUATE_MODEL,MIXED,SETUP,MEDIUM
Zara,codap_28apr,frame_0134,3155.4,motion_only_fallback,0.8374,unknown,BUILD_TREE,EXPLORE_DATA,MIXED,BUILDING,HIGH
Zara,codap_28apr,frame_0135,3159.5,motion_only_fallback,1.2288,unknown,BUILD_TREE,EXPLORE_DATA,MIXED,BUILDING,HIGH
Zara,codap_28apr,frame_0136,3171.0,motion_only_fallback,2.2276,unknown,BUILD_TREE,EXPLORE_DATA,MIXED,BUILDING,HIGH
Zara,codap_28apr,frame_0137,3206.4,motion_only_fallback,1.6975,unknown,BUILD_TREE,EXPLORE_DATA,MIXED,BUILDING,HIGH
Zara,codap_28apr,frame_0138,3211.4,motion_only_fallback,2.5536,unknown,TUNE_THRESHOLD,EXPLORE_DATA,MIXED,TUNING,MEDIUM
Zara,codap_28apr,frame_0139,3283.1,motion_only_fallback,1.4369,unknown,EXPLORE_DATA,,MIXED,SETUP,MEDIUM
Zara,codap_28apr,frame_0140,3295.2,motion_only_fallback,1.2346,unknown,TUNE_THRESHOLD,EXPLORE_DATA,MIXED,TUNING,MEDIUM
Zara,codap_28apr,frame_0141,3303.9,motion_only_fallback,1.1734,unknown,COMPARE_MODELS,EXPLORE_DATA,MIXED,EVALUATING,MEDIUM
Zara,codap_28apr,frame_0142,3305.7,motion_only_fallback,0.9574,unknown,TUNE_THRESHOLD,COMPARE_MODELS,MIXED,TUNING,MEDIUM
Zara,codap_28apr,frame_0143,3309.9,motion_only_fallback,9.4261,unknown,TUNE_THRESHOLD,,MIXED,TUNING,MEDIUM
Zara,codap_28apr,frame_0144,3311.3,motion_only_fallback,0.8256,unknown,EXPLORE_DATA,,MIXED,SETUP,MEDIUM
Zara,codap_28apr,frame_0145,3314.9,motion_only_fallback,4.7683,unknown,EXPLORE_DATA,,MIXED,SETUP,MEDIUM
Zara,codap_28apr,frame_0146,3388.5,motion_only_fallback,2.0889,unknown,COMPARE_MODELS,EXPLORE_DATA,MIXED,EVALUATING,HIGH
Zara,codap_28apr,frame_0147,3391.9,motion_only_fallback,3.4132,unknown,TUNE_THRESHOLD,EXPLORE_DATA,MIXED,TUNING,MEDIUM
Zara,codap_28apr,frame_0148,3394.0,motion_only_fallback,1.9747,unknown,COMPARE_MODELS,EXPLORE_DATA,MIXED,EVALUATING,HIGH
Zara,codap_28apr,frame_0149,3395.8,motion_only_fallback,1.1304,unknown,TUNE_THRESHOLD,EXPLORE_DATA,MIXED,TUNING,MEDIUM
Zara,codap_28apr,frame_0150,3433.8,motion_only_fallback,1.2868,unknown,COMPARE_MODELS,EXPLORE_DATA,MIXED,EVALUATING,HIGH
Zara,codap_28apr,frame_0151,3523.8,silent_screen_gap_fill,,unknown,TUNE_THRESHOLD,,MIXED,TUNING,HIGH
Zara,codap_28apr,frame_0152,3559.5,motion_only_fallback,6.5849,unknown,EXPLORE_DATA,,MENU,SETUP,MEDIUM
Zara,codap_28apr,frame_0153,3581.2,motion_only_fallback,2.0455,unknown,COMPARE_MODELS,EXPLORE_DATA,MIXED,EVALUATING,HIGH
Zara,codap_28apr,frame_0154,3671.2,silent_screen_gap_fill,,unknown,TUNE_THRESHOLD,EXPLORE_DATA,MIXED,TUNING,MEDIUM
Zara,codap_28apr,frame_0155,3713.8,motion_only_fallback,1.0131,unknown,TUNE_THRESHOLD,EXPLORE_DATA,MIXED,TUNING,MEDIUM
Zara,codap_28apr,frame_0156,3803.8,silent_screen_gap_fill,,unknown,COMPARE_MODELS,EXPLORE_DATA,MIXED,EVALUATING,HIGH
Zara,codap_28apr,frame_0157,3878.6,motion_only_fallback,1.7581,unknown,EXPLORE_DATA,COMPARE_MODELS,MIXED,SETUP,MEDIUM
Zara,codap_28apr,frame_0158,3880.5,motion_only_fallback,15.3106,unknown,EXPLORE_DATA,,MIXED,SETUP,MEDIUM
Zara,codap_28apr,frame_0159,3907.6,motion_only_fallback,1.1815,unknown,COMPARE_MODELS,EXPLORE_DATA,MIXED,EVALUATING,HIGH
Zara,codap_28apr,frame_0160,3908.7,motion_only_fallback,0.8578,unknown,COMPARE_MODELS,EXPLORE_DATA,MIXED,EVALUATING,MEDIUM
Zara,codap_28apr,frame_0161,3914.4,motion_only_fallback,1.1211,unknown,COMPARE_MODELS,,MIXED,EVALUATING,HIGH
Zara,codap_28apr,frame_0162,3924.8,motion_only_fallback,1.9711,unknown,TUNE_THRESHOLD,EXPLORE_DATA,MIXED,TUNING,MEDIUM
Zara,codap_28apr,frame_0163,3927.1,motion_only_fallback,1.7396,unknown,EXPLORE_DATA,,MIXED,SETUP,MEDIUM
Zara,codap_28apr,frame_0164,3941.8,motion_only_fallback,1.6402,unknown,TUNE_THRESHOLD,EXPLORE_DATA,MIXED,TUNING,MEDIUM
Zara,codap_28apr,frame_0165,3943.2,motion_only_fallback,1.2625,unknown,EXPLORE_DATA,,MIXED,SETUP,MEDIUM
Zara,codap_28apr,frame_0166,3946.1,motion_only_fallback,2.5523,unknown,COMPARE_MODELS,,MIXED,EVALUATING,HIGH
Zara,codap_28apr,frame_0167,3962.9,motion_only_fallback,0.8856,unknown,COMPARE_MODELS,EXPLORE_DATA,MIXED,EVALUATING,MEDIUM
Zara,codap_28apr,frame_0168,4053.3,silent_screen_gap_fill,,unknown,COMPARE_MODELS,EXPLORE_DATA,MIXED,EVALUATING,HIGH
Zara,codap_28apr,frame_0169,4143.9,silent_screen_gap_fill,,unknown,COMPARE_MODELS,EXPLORE_DATA,MIXED,EVALUATING,HIGH
Zara,codap_28apr,frame_0170,4234.3,silent_screen_gap_fill,,unknown,COMPARE_MODELS,,MIXED,EVALUATING,HIGH
Zara,codap_28apr,frame_0171,4324.9,silent_screen_gap_fill,,unknown,COMPARE_MODELS,,MIXED,EVALUATING,HIGH
Zara,codap_28apr,frame_0172,4415.4,silent_screen_gap_fill,,unknown,TUNE_THRESHOLD,EXPLORE_DATA,MIXED,TUNING,MEDIUM
Zara,codap_28apr,frame_0173,4435.8,motion_only_fallback,2.684,unknown,COMPARE_MODELS,EXPLORE_DATA,MIXED,EVALUATING,MEDIUM
Zara,codap_28apr,frame_0174,4439.7,motion_only_fallback,3.3987,unknown,TUNE_THRESHOLD,,MIXED,TUNING,HIGH
Zara,codap_28apr,frame_0175,4466.8,motion_only_fallback,1.2494,unknown,COMPARE_MODELS,EXPLORE_DATA,MIXED,EVALUATING,HIGH
Zara,codap_28apr,frame_0176,4505.2,motion_only_fallback,3.3881,unknown,TUNE_THRESHOLD,EXPLORE_DATA,MIXED,TUNING,MEDIUM
Zara,codap_28apr,frame_0177,4586.1,motion_only_fallback,2.0048,unknown,COMPARE_MODELS,EXPLORE_DATA,MIXED,EVALUATING,MEDIUM
Zara,codap_28apr,frame_0178,4596.3,motion_only_fallback,3.4001,unknown,TUNE_THRESHOLD,EXPLORE_DATA,MIXED,TUNING,HIGH
Zara,codap_28apr,frame_0179,4610.9,motion_only_fallback,1.224,unknown,TUNE_THRESHOLD,EXPLORE_DATA,MIXED,TUNING,MEDIUM
Zara,codap_28apr,frame_0180,4694.4,motion_only_fallback,1.0992,unknown,TUNE_THRESHOLD,EXPLORE_DATA,MIXED,TUNING,MEDIUM
Zara,codap_28apr,frame_0181,4695.4,motion_only_fallback,1.7099,unknown,BUILD_TREE,EXPLORE_DATA,MIXED,BUILDING,HIGH
Zara,codap_28apr,frame_0182,4704.5,motion_only_fallback,2.3364,unknown,BUILD_TREE,EXPLORE_DATA,MIXED,BUILDING,HIGH
Zara,codap_28apr,frame_0183,4760.1,motion_only_fallback,2.5206,unknown,BUILD_TREE,EXPLORE_DATA,MIXED,BUILDING,HIGH
Zara,codap_28apr,frame_0184,4764.6,motion_only_fallback,5.598,unknown,BUILD_TREE,EXPLORE_DATA,MIXED,BUILDING,HIGH
Zara,codap_28apr,frame_0185,4829.6,motion_only_fallback,2.3472,unknown,BUILD_TREE,EXPLORE_DATA,MIXED,BUILDING,HIGH
Zara,codap_28apr,frame_0186,4839.6,motion_only_fallback,5.055,unknown,TUNE_THRESHOLD,EXPLORE_DATA,MIXED,TUNING,MEDIUM
Zara,codap_28apr,frame_0187,4840.7,motion_only_fallback,2.2971,unknown,BUILD_TREE,EXPLORE_DATA,MIXED,BUILDING,HIGH
Zara,codap_28apr,frame_0188,4931.0,silent_screen_gap_fill,,unknown,COMPARE_MODELS,EXPLORE_DATA,MIXED,EVALUATING,MEDIUM
Zara,codap_28apr,frame_0189,5021.3,silent_screen_gap_fill,,unknown,COMPARE_MODELS,EXPLORE_DATA,MIXED,EVALUATING,MEDIUM
Zara,codap_28apr,frame_0190,5048.0,motion_only_fallback,1.0907,unknown,EXPLORE_DATA,,MENU,SETUP,HIGH
Zara,codap_28apr,frame_0191,5054.4,motion_only_fallback,1.0909,unknown,TUNE_THRESHOLD,EXPLORE_DATA,MIXED,TUNING,MEDIUM
Zara,codap_28apr,frame_0192,5090.6,motion_only_fallback,1.0909,unknown,EXPLORE_DATA,,MENU,SETUP,MEDIUM
Zara,codap_28apr,frame_0193,5095.0,motion_only_fallback,67.5768,unknown,EXPLORE_DATA,,MENU,SETUP,MEDIUM
Zara,codap_28apr,frame_0194,5098.2,motion_only_fallback,13.8773,unknown,EXPLORE_DATA,,MENU,SETUP,HIGH
Zara,codap_28apr,frame_0195,5100.7,motion_only_fallback,3.2857,unknown,EXPLORE_DATA,,MENU,SETUP,MEDIUM
Zara,codap_28apr,frame_0196,5104.9,motion_only_fallback,66.1869,unknown,TUNE_THRESHOLD,EXPLORE_DATA,MIXED,TUNING,MEDIUM
Zara,codap_28apr,frame_0197,5110.1,motion_only_fallback,1.0907,unknown,EXPLORE_DATA,,MENU,SETUP,MEDIUM
Zara,codap_28apr,frame_0198,5111.6,motion_only_fallback,65.7629,unknown,EXPLORE_DATA,,MENU,SETUP,MEDIUM
Zara,codap_28apr,frame_0199,5117.2,motion_only_fallback,66.8432,unknown,TUNE_THRESHOLD,EXPLORE_DATA,MIXED,TUNING,MEDIUM
Zara,codap_28apr,frame_0200,5125.7,motion_only_fallback,14.8829,unknown,OFF_TASK,,MENU,IDLE,HIGH
Zara,codap_28apr,frame_0201,5128.9,motion_only_fallback,6.7153,unknown,OFF_TASK,,MENU,IDLE,HIGH
Zara,codap_28apr,frame_0202,5129.9,motion_only_fallback,3.6098,unknown,OFF_TASK,,MENU,IDLE,HIGH
Zara,codap_28apr,frame_0203,5134.4,motion_only_fallback,2.7328,unknown,OFF_TASK,,MENU,IDLE,HIGH
Zara,codap_28apr,frame_0204,5135.8,motion_only_fallback,2.1221,unknown,OFF_TASK,,MENU,IDLE,HIGH
Zara,codap_28apr,frame_0205,5137.1,motion_only_fallback,3.5889,unknown,OFF_TASK,,MENU,IDLE,HIGH
Zara,codap_28apr,frame_0206,5144.3,motion_only_fallback,3.9713,unknown,OFF_TASK,,MENU,IDLE,HIGH
Zara,codap_28apr,frame_0207,5145.8,motion_only_fallback,7.1892,unknown,OFF_TASK,,MENU,IDLE,HIGH
Zara,codap_28apr,frame_0208,5147.6,motion_only_fallback,6.8549,unknown,OFF_TASK,,MENU,IDLE,HIGH
Zara,codap_28apr,frame_0209,5149.1,motion_only_fallback,6.4986,unknown,OFF_TASK,,MENU,IDLE,HIGH
Zara,codap_28apr,frame_0210,5150.6,motion_only_fallback,3.5758,unknown,OFF_TASK,,MENU,IDLE,HIGH
Zara,codap_28apr,frame_0211,5152.2,motion_only_fallback,14.3787,unknown,TUNE_THRESHOLD,EXPLORE_DATA,MIXED,TUNING,MEDIUM
Zara,codap_28apr,frame_0212,5154.0,motion_only_fallback,1.091,unknown,EXPLORE_DATA,,MENU,SETUP,HIGH
Zara,codap_28apr,frame_0213,5155.7,motion_only_fallback,65.7502,unknown,EXPLORE_DATA,,MENU,SETUP,MEDIUM
Zara,codap_28apr,frame_0214,5157.2,motion_only_fallback,4.1516,unknown,EXPLORE_DATA,,MENU,SETUP,MEDIUM
Zara,codap_28apr,frame_0215,5158.9,motion_only_fallback,67.8958,unknown,TUNE_THRESHOLD,EXPLORE_DATA,MIXED,TUNING,MEDIUM
Zara,codap_28apr,frame_0216,5162.9,motion_only_fallback,1.3553,unknown,TUNE_THRESHOLD,EXPLORE_DATA,MIXED,TUNING,MEDIUM
Zara,codap_28apr,frame_0217,5165.7,motion_only_fallback,1.1715,unknown,TUNE_THRESHOLD,EXPLORE_DATA,MIXED,TUNING,MEDIUM
Zara,codap_28apr,frame_0218,5166.7,motion_only_fallback,2.5326,unknown,OFF_TASK,,MENU,IDLE,HIGH
Zara,codap_28apr,frame_0219,5205.2,motion_only_fallback,16.4062,unknown,TUNE_THRESHOLD,EXPLORE_DATA,MIXED,TUNING,MEDIUM
Zara,codap_28apr,frame_0220,5206.2,motion_only_fallback,14.3717,unknown,OFF_TASK,,MENU,IDLE,HIGH
Zara,codap_28apr,frame_0221,5207.5,motion_only_fallback,2.7022,unknown,OFF_TASK,,MENU,IDLE,HIGH
Zara,codap_28apr,frame_0222,5209.9,motion_only_fallback,3.5775,unknown,OFF_TASK,,MENU,IDLE,HIGH
Zara,codap_28apr,frame_0223,5211.3,motion_only_fallback,1.6551,unknown,EXPLORE_DATA,,MENU,SETUP,HIGH
Zara,codap_28apr,frame_0224,5214.9,motion_only_fallback,3.733,unknown,OFF_TASK,,MENU,IDLE,HIGH
Zara,codap_28apr,frame_0225,5216.1,motion_only_fallback,7.039,unknown,OFF_TASK,,MENU,IDLE,HIGH
Zara,codap_28apr,frame_0226,5217.2,motion_only_fallback,6.9261,unknown,EXPLORE_DATA,,MENU,SETUP,HIGH
Zara,codap_28apr,frame_0227,5218.2,motion_only_fallback,1.0733,unknown,EXPLORE_DATA,,MENU,SETUP,HIGH
Zara,codap_28apr,frame_0228,5219.3,motion_only_fallback,7.0552,unknown,OFF_TASK,,MENU,IDLE,HIGH
Zara,codap_28apr,frame_0229,5224.7,motion_only_fallback,3.891,unknown,EXPLORE_DATA,,MENU,SETUP,MEDIUM
Zara,codap_28apr,frame_0230,5225.7,motion_only_fallback,1.2444,unknown,EXPLORE_DATA,,MIXED,SETUP,MEDIUM
Zara,codap_28apr,frame_0231,5227.6,motion_only_fallback,0.9242,unknown,EXPLORE_DATA,,MENU,SETUP,MEDIUM
Zara,codap_28apr,frame_0232,5228.6,motion_only_fallback,1.0222,unknown,EXPLORE_DATA,,MENU,SETUP,MEDIUM
Zara,codap_28apr,frame_0233,5232.5,motion_only_fallback,0.9938,unknown,EXPLORE_DATA,,MENU,SETUP,HIGH
