student,worksheet,item,field_path,extracted_value,item_check_correct,item_check_flag,source_file
Amy,WS6,tree_structure,tree_structure.depth_0.parsed_feature,Yağ,,,ocr_output/Amy/Amy_Worksheet6.json
Amy,WS6,tree_structure,tree_structure.depth_0.left_operator,≤,,,ocr_output/Amy/Amy_Worksheet6.json
Amy,WS6,tree_structure,tree_structure.depth_0.left_threshold_value,13.0,,,ocr_output/Amy/Amy_Worksheet6.json
Amy,WS6,tree_structure,tree_structure.depth_0.right_operator,>,,,ocr_output/Amy/Amy_Worksheet6.json
Amy,WS6,tree_structure,tree_structure.depth_0.right_threshold_value,13.0,,,ocr_output/Amy/Amy_Worksheet6.json
Amy,WS6,tree_structure,tree_structure.depth_1.left_child.parsed_feature,Şeker,,,ocr_output/Amy/Amy_Worksheet6.json
Amy,WS6,tree_structure,tree_structure.depth_1.left_child.node_recommended_count,0,,,ocr_output/Amy/Amy_Worksheet6.json
Amy,WS6,tree_structure,tree_structure.depth_1.left_child.node_not_recommended_count,2,,,ocr_output/Amy/Amy_Worksheet6.json
Amy,WS6,tree_structure,tree_structure.depth_1.left_child.left_operator,≤,,,ocr_output/Amy/Amy_Worksheet6.json
Amy,WS6,tree_structure,tree_structure.depth_1.left_child.left_threshold_value,11.0,,,ocr_output/Amy/Amy_Worksheet6.json
Amy,WS6,tree_structure,tree_structure.depth_1.left_child.right_operator,>,,,ocr_output/Amy/Amy_Worksheet6.json
Amy,WS6,tree_structure,tree_structure.depth_1.left_child.right_threshold_value,11.0,,,ocr_output/Amy/Amy_Worksheet6.json
Amy,WS6,tree_structure,tree_structure.depth_1.right_child.parsed_feature,Enerji,,,ocr_output/Amy/Amy_Worksheet6.json
Amy,WS6,tree_structure,tree_structure.depth_1.right_child.node_recommended_count,0,,,ocr_output/Amy/Amy_Worksheet6.json
Amy,WS6,tree_structure,tree_structure.depth_1.right_child.node_not_recommended_count,3,,,ocr_output/Amy/Amy_Worksheet6.json
Amy,WS6,tree_structure,tree_structure.depth_1.right_child.left_operator,<,,,ocr_output/Amy/Amy_Worksheet6.json
Amy,WS6,tree_structure,tree_structure.depth_1.right_child.left_threshold_value,289.0,,,ocr_output/Amy/Amy_Worksheet6.json
Amy,WS6,tree_structure,tree_structure.depth_1.right_child.right_operator,≥,,,ocr_output/Amy/Amy_Worksheet6.json
Amy,WS6,tree_structure,tree_structure.depth_1.right_child.right_threshold_value,289.0,,,ocr_output/Amy/Amy_Worksheet6.json
Amy,WS6,tree_structure,tree_structure.depth_2.leaf_nodes.left_left_leaf.leaf_recommended_count,6,,,ocr_output/Amy/Amy_Worksheet6.json
Amy,WS6,tree_structure,tree_structure.depth_2.leaf_nodes.left_left_leaf.leaf_not_recommended_count,0,,,ocr_output/Amy/Amy_Worksheet6.json
Amy,WS6,tree_structure,tree_structure.depth_2.leaf_nodes.left_left_leaf.leaf_label,tavsiye edilir,,,ocr_output/Amy/Amy_Worksheet6.json
Amy,WS6,tree_structure,tree_structure.depth_2.leaf_nodes.left_right_leaf.leaf_recommended_count,2,,,ocr_output/Amy/Amy_Worksheet6.json
Amy,WS6,tree_structure,tree_structure.depth_2.leaf_nodes.left_right_leaf.leaf_not_recommended_count,0,,,ocr_output/Amy/Amy_Worksheet6.json
Amy,WS6,tree_structure,tree_structure.depth_2.leaf_nodes.left_right_leaf.leaf_label,tavsiye edilemez,,,ocr_output/Amy/Amy_Worksheet6.json
Amy,WS6,tree_structure,tree_structure.depth_2.leaf_nodes.right_left_leaf.leaf_recommended_count,0,,,ocr_output/Amy/Amy_Worksheet6.json
Amy,WS6,tree_structure,tree_structure.depth_2.leaf_nodes.right_left_leaf.leaf_not_recommended_count,0,,,ocr_output/Amy/Amy_Worksheet6.json
Amy,WS6,tree_structure,tree_structure.depth_2.leaf_nodes.right_left_leaf.leaf_label,tavsiye edilemez,,,ocr_output/Amy/Amy_Worksheet6.json
Amy,WS6,tree_structure,tree_structure.depth_2.leaf_nodes.right_right_leaf.leaf_recommended_count,0,,,ocr_output/Amy/Amy_Worksheet6.json
Amy,WS6,tree_structure,tree_structure.depth_2.leaf_nodes.right_right_leaf.leaf_not_recommended_count,3,,,ocr_output/Amy/Amy_Worksheet6.json
Amy,WS6,tree_structure,tree_structure.depth_2.leaf_nodes.right_right_leaf.leaf_label,tavsiye edilemez,,,ocr_output/Amy/Amy_Worksheet6.json
Amy,WS7,tree_structure,tree_structure.depth_0.left_operator,,,,ocr_output/Amy/Amy_Worksheet7.json
Amy,WS7,tree_structure,tree_structure.depth_0.left_threshold_value,,,,ocr_output/Amy/Amy_Worksheet7.json
Amy,WS7,tree_structure,tree_structure.depth_0.right_operator,,,,ocr_output/Amy/Amy_Worksheet7.json
Amy,WS7,tree_structure,tree_structure.depth_0.right_threshold_value,,,,ocr_output/Amy/Amy_Worksheet7.json
Amy,WS7,tree_structure,tree_structure.depth_1.left_child.leaf_text,A,,,ocr_output/Amy/Amy_Worksheet7.json
Amy,WS7,tree_structure,tree_structure.depth_1.left_child.node_recommended_count,4,,,ocr_output/Amy/Amy_Worksheet7.json
Amy,WS7,tree_structure,tree_structure.depth_1.left_child.node_not_recommended_count,0,,,ocr_output/Amy/Amy_Worksheet7.json
Amy,WS7,tree_structure,tree_structure.depth_1.right_child.parsed_feature,Protein,,,ocr_output/Amy/Amy_Worksheet7.json
Amy,WS7,tree_structure,tree_structure.depth_1.right_child.left_operator,≤,,,ocr_output/Amy/Amy_Worksheet7.json
Amy,WS7,tree_structure,tree_structure.depth_1.right_child.left_threshold_value,10.7,,,ocr_output/Amy/Amy_Worksheet7.json
Amy,WS7,tree_structure,tree_structure.depth_1.right_child.right_operator,>,,,ocr_output/Amy/Amy_Worksheet7.json
Amy,WS7,tree_structure,tree_structure.depth_1.right_child.right_threshold_value,10.7,,,ocr_output/Amy/Amy_Worksheet7.json
Amy,WS7,tree_structure,tree_structure.depth_2.leaf_nodes.right_left_leaf.path_label,B,,,ocr_output/Amy/Amy_Worksheet7.json
Amy,WS7,tree_structure,tree_structure.depth_2.leaf_nodes.right_left_leaf.leaf_recommended_count,0,,,ocr_output/Amy/Amy_Worksheet7.json
Amy,WS7,tree_structure,tree_structure.depth_2.leaf_nodes.right_left_leaf.leaf_not_recommended_count,5,,,ocr_output/Amy/Amy_Worksheet7.json
Amy,WS7,tree_structure,tree_structure.depth_2.leaf_nodes.right_right_leaf.path_label,C,,,ocr_output/Amy/Amy_Worksheet7.json
Amy,WS7,tree_structure,tree_structure.depth_2.leaf_nodes.right_right_leaf.leaf_recommended_count,2,,,ocr_output/Amy/Amy_Worksheet7.json
Amy,WS7,tree_structure,tree_structure.depth_2.leaf_nodes.right_right_leaf.leaf_not_recommended_count,0,,,ocr_output/Amy/Amy_Worksheet7.json
Amy,WS7,rule_matching,rule_matching.rule_1_box,,,,ocr_output/Amy/Amy_Worksheet7.json
Amy,WS7,rule_matching,rule_matching.rule_2_box,,,,ocr_output/Amy/Amy_Worksheet7.json
Amy,WS7,rule_matching,rule_matching.rule_3_box,,,,ocr_output/Amy/Amy_Worksheet7.json
Amy,WS10,WS10_B1,threshold_error_table.WS10_B1.error_count_parsed,4,True,,ocr_output/Amy/Amy_Worksheet10.json
Amy,WS10,WS10_B2,threshold_error_table.WS10_B2.error_count_parsed,3,True,,ocr_output/Amy/Amy_Worksheet10.json
Amy,WS10,WS10_B3,threshold_error_table.WS10_B3.error_count_parsed,2,True,,ocr_output/Amy/Amy_Worksheet10.json
Amy,WS10,WS10_B4,threshold_error_table.WS10_B4.error_count_parsed,2,False,count_mismatch,ocr_output/Amy/Amy_Worksheet10.json
Amy,WS10,WS10_B5,threshold_error_table.WS10_B5.error_count_parsed,1,False,count_mismatch,ocr_output/Amy/Amy_Worksheet10.json
Amy,WS10,WS10_B6,threshold_error_table.WS10_B6.error_count_parsed,0,False,count_mismatch,ocr_output/Amy/Amy_Worksheet10.json
Amy,WS10,WS10_B7,threshold_error_table.WS10_B7.error_count_parsed,0,False,count_mismatch,ocr_output/Amy/Amy_Worksheet10.json
Amy,WS10,optimal_threshold,optimal_threshold.value_parsed,408.0,,,ocr_output/Amy/Amy_Worksheet10.json
Amy,WS14,DTI_01,DTI_01,10 vaka içermektedir. %30'u pozitif yani hasta.,True,,ocr_output/Amy/Amy_Worksheet_Xeno.json
Amy,WS14,DTI_02,DTI_02,"Blue hair: 7 vaka, %0'ı hasta.",True,,ocr_output/Amy/Amy_Worksheet_Xeno.json
Amy,WS14,DTI_03,DTI_03,"Pink hair: 3 vaka, %100'u hasta.",True,,ocr_output/Amy/Amy_Worksheet_Xeno.json
Amy,WS14,DTI_04,DTI_04,Pink hair (+) hasta olarak etiketlenmiştir.,True,,ocr_output/Amy/Amy_Worksheet_Xeno.json
Amy,WS14,DTI_05,DTI_05,3 vaka bulunmaktadır. 3'ü de hasta.,True,,ocr_output/Amy/Amy_Worksheet_Xeno.json
Amy,WS14,DTI_06,DTI_06,Evet çünkü mavi saçlıların tamamı sağlıklı pembe saçlıların tamamı sağlıksız.,True,,ocr_output/Amy/Amy_Worksheet_Xeno.json
Amy,WS14,DTI_07,DTI_07,Yeni bir volenin (ya pembe ya mavi saçlı olması gerek) maviyse sağlıklı pembeyse hasta.,True,,ocr_output/Amy/Amy_Worksheet_Xeno.json
Amy,WS14,DTI_08,DTI_08,FN hata türü daha tehlikeli çünkü ölüm riski daha fazla.,True,,ocr_output/Amy/Amy_Worksheet_Xeno.json
Amy,WS14,DTI_09,DTI_09,"Doğru yaptı. Blue: 13, %0 hasta; Pink: 7, %100 hasta.",True,,ocr_output/Amy/Amy_Worksheet_Xeno.json
Amy,WS14,DTI_10,DTI_10,12,True,,ocr_output/Amy/Amy_Worksheet_Xeno.json
Amy,WS14,DTI_11,DTI_11,Pink saçlı hasta (modelim doğru).,True,,ocr_output/Amy/Amy_Worksheet_Xeno.json
Amy,WS14,DTI_12,DTI_12,18,True,,ocr_output/Amy/Amy_Worksheet_Xeno.json
Amy,WS14,DTI_13,DTI_13,Blue saçlı sağlıklı (modelim doğru).,True,,ocr_output/Amy/Amy_Worksheet_Xeno.json
Amy,WS14,DTI_14,DTI_14,0,True,,ocr_output/Amy/Amy_Worksheet_Xeno.json
Amy,WS14,DTI_15,DTI_15,Yanlış tahmin edilen hasta yok.,True,,ocr_output/Amy/Amy_Worksheet_Xeno.json
Amy,WS14,DTI_16,DTI_16,0,True,,ocr_output/Amy/Amy_Worksheet_Xeno.json
Amy,WS14,DTI_17,DTI_17,Yanlış tahmin edilen sağlıklı yok.,True,,ocr_output/Amy/Amy_Worksheet_Xeno.json
Amy,WS14,DTI_18,DTI_18,30,True,,ocr_output/Amy/Amy_Worksheet_Xeno.json
Amy,WS14,DTI_19,DTI_19,30 vaka var.,True,,ocr_output/Amy/Amy_Worksheet_Xeno.json
Amy,WS14,DTI_20,DTI_20,12+18=30/30 = (1),True,,ocr_output/Amy/Amy_Worksheet_Xeno.json
Amy,WS14,DTI_21,DTI_21,Tamamı doğru test doğru çalıştı.,True,,ocr_output/Amy/Amy_Worksheet_Xeno.json
Amy,WS14,DTI_22,DTI_22,12/(12+0) = (1),True,,ocr_output/Amy/Amy_Worksheet_Xeno.json
Amy,WS14,DTI_23,DTI_23,// ~~,True,,ocr_output/Amy/Amy_Worksheet_Xeno.json
Amy,WS14,DTI_24,DTI_24,18/(0+18) = (1),True,,ocr_output/Amy/Amy_Worksheet_Xeno.json
Amy,WS14,DTI_25,DTI_25,// ~~,True,,ocr_output/Amy/Amy_Worksheet_Xeno.json
Amy,WS14,DTI_26,DTI_26,12/(12+0) = (1),True,,ocr_output/Amy/Amy_Worksheet_Xeno.json
Amy,WS14,DTI_27,DTI_27,// ~~,True,,ocr_output/Amy/Amy_Worksheet_Xeno.json
Amy,WS14,DTI_28,DTI_28,Duyarlılığı kullanırım çünkü önemli olan hasta bireylerin ne kadarının hasta olduğunu tespit etmek.,True,,ocr_output/Amy/Amy_Worksheet_Xeno.json
Amy,WS14,DTI_29,DTI_29,FN+FP/N = FN+FP/N,True,,ocr_output/Amy/Amy_Worksheet_Xeno.json
Amy,WS14,DTI_30,DTI_30,Yanlış hasta ve yanlış sağlıklıyı. Tamamın doğru tahminlerinden hatalı hastaları çıkarıp topladı ne kadarı yanlış olduğunu tespit etim için yanlığı.,True,,ocr_output/Amy/Amy_Worksheet_Xeno.json
Amy,WS14,DTI_31,DTI_31,Yanlış hasta ve yanlış sağlıklının fazla olduğu durumlarda.,True,,ocr_output/Amy/Amy_Worksheet_Xeno.json
Amy,WS14,DTI_32,DTI_32,0/30,True,,ocr_output/Amy/Amy_Worksheet_Xeno.json
Amy,WS14,DTI_33,DTI_33,Yanlış tespit edilen yok.,True,,ocr_output/Amy/Amy_Worksheet_Xeno.json
Amy,WS15,DTI_01,titanic_vs1_egitim.DTI_01,(bos),False,BLANK,ocr_output/Amy/Amy_Worksheet_Titanic.json
Amy,WS15,DTI_02,titanic_vs1_egitim.DTI_02,(bos),False,BLANK,ocr_output/Amy/Amy_Worksheet_Titanic.json
Amy,WS15,DTI_03,titanic_vs1_egitim.DTI_03,(bos),False,BLANK,ocr_output/Amy/Amy_Worksheet_Titanic.json
Amy,WS15,DTI_04,titanic_vs1_egitim.DTI_04,(bos),False,BLANK,ocr_output/Amy/Amy_Worksheet_Titanic.json
Amy,WS15,DTI_05,titanic_vs1_egitim.DTI_05,(290+522)/812 = (1),True,,ocr_output/Amy/Amy_Worksheet_Titanic.json
Amy,WS15,DTI_06,titanic_vs1_egitim.DTI_06,290/(290+0) = (1),True,,ocr_output/Amy/Amy_Worksheet_Titanic.json
Amy,WS15,DTI_07,titanic_vs1_egitim.DTI_07,522/(0+522) = (1),True,,ocr_output/Amy/Amy_Worksheet_Titanic.json
Amy,WS15,DTI_08,titanic_vs1_egitim.DTI_08,290/(290+0) = (1),True,,ocr_output/Amy/Amy_Worksheet_Titanic.json
Amy,WS15,DTI_09,titanic_vs1_egitim.DTI_09,(0+0)/812 = (0),True,,ocr_output/Amy/Amy_Worksheet_Titanic.json
Amy,WS15,DTI_10,titanic_vs1_test.DTI_10,96=56+40,True,,ocr_output/Amy/Amy_Worksheet_Titanic.json
Amy,WS15,DTI_11,titanic_vs1_test.DTI_11,96/56,True,,ocr_output/Amy/Amy_Worksheet_Titanic.json
Amy,WS15,DTI_12,titanic_vs1_test.DTI_12,135/49,True,,ocr_output/Amy/Amy_Worksheet_Titanic.json
Amy,WS15,DTI_13,titanic_vs1_test.DTI_13,Female,True,,ocr_output/Amy/Amy_Worksheet_Titanic.json
Amy,WS15,DTI_14,titanic_vs1_test.DTI_14,(56+86)/231,True,,ocr_output/Amy/Amy_Worksheet_Titanic.json
Amy,WS15,DTI_15,titanic_vs1_test.DTI_15,56/(56+49),True,,ocr_output/Amy/Amy_Worksheet_Titanic.json
Amy,WS15,DTI_16,titanic_vs1_test.DTI_16,86/(86+40),True,,ocr_output/Amy/Amy_Worksheet_Titanic.json
Amy,WS15,DTI_17,titanic_vs1_test.DTI_17,56/(56+40),True,,ocr_output/Amy/Amy_Worksheet_Titanic.json
Amy,WS15,DTI_18,titanic_vs1_test.DTI_18,(40+49)/231,True,,ocr_output/Amy/Amy_Worksheet_Titanic.json
Amy,WS15,DTI_19,titanic_vs1_interpretation.DTI_19,Eğitim veri testi daha sağlıklı çünkü hepsi doğru.,True,,ocr_output/Amy/Amy_Worksheet_Titanic.json
Amy,WS15,DTI_20,titanic_vs1_interpretation.DTI_20,(bos),False,BLANK,ocr_output/Amy/Amy_Worksheet_Titanic.json
Amy,WS15,DTI_21,titanic_vs1_interpretation.DTI_21,(bos),False,BLANK,ocr_output/Amy/Amy_Worksheet_Titanic.json
Amy,WS15,DTI_22,titanic_vs1_interpretation.DTI_22,(bos),False,BLANK,ocr_output/Amy/Amy_Worksheet_Titanic.json
Amy,WS15,DTI_23,titanic_vs2_egitim.DTI_23,834/128+328,True,,ocr_output/Amy/Amy_Worksheet_Titanic.json
Amy,WS15,DTI_24,titanic_vs2_egitim.DTI_24,304/128,True,,ocr_output/Amy/Amy_Worksheet_Titanic.json
Amy,WS15,DTI_25,titanic_vs2_egitim.DTI_25,530/328,True,,ocr_output/Amy/Amy_Worksheet_Titanic.json
Amy,WS15,DTI_26,titanic_vs2_egitim.DTI_26,Female,True,,ocr_output/Amy/Amy_Worksheet_Titanic.json
Amy,WS15,DTI_27,titanic_vs2_egitim.DTI_27,128+202/834,True,,ocr_output/Amy/Amy_Worksheet_Titanic.json
Amy,WS15,DTI_28,titanic_vs2_egitim.DTI_28,128/128+328,True,,ocr_output/Amy/Amy_Worksheet_Titanic.json
Amy,WS15,DTI_29,titanic_vs2_egitim.DTI_29,202/202+176,True,,ocr_output/Amy/Amy_Worksheet_Titanic.json
Amy,WS15,DTI_30,titanic_vs2_egitim.DTI_30,128/128+176,True,,ocr_output/Amy/Amy_Worksheet_Titanic.json
Amy,WS15,DTI_31,titanic_vs2_egitim.DTI_31,176+328/834,True,,ocr_output/Amy/Amy_Worksheet_Titanic.json
Amy,WS15,DTI_32,titanic_vs2_test.DTI_32,209/85,True,,ocr_output/Amy/Amy_Worksheet_Titanic.json
Amy,WS15,DTI_33,titanic_vs2_test.DTI_33,82/61,True,,ocr_output/Amy/Amy_Worksheet_Titanic.json
Amy,WS15,DTI_34,titanic_vs2_test.DTI_34,127/24,True,,ocr_output/Amy/Amy_Worksheet_Titanic.json
Amy,WS15,DTI_35,titanic_vs2_test.DTI_35,Female,True,,ocr_output/Amy/Amy_Worksheet_Titanic.json
Amy,WS15,DTI_36,titanic_vs2_test.DTI_36,21+24/209,False,NUMERIC_TOLERANCE,ocr_output/Amy/Amy_Worksheet_Titanic.json
Amy,WS15,DTI_37,titanic_vs2_test.DTI_37,21/(21+203),False,NUMERIC_TOLERANCE,ocr_output/Amy/Amy_Worksheet_Titanic.json
Amy,WS15,DTI_38,titanic_vs2_test.DTI_38,24/(24+61),False,NUMERIC_TOLERANCE,ocr_output/Amy/Amy_Worksheet_Titanic.json
Amy,WS15,DTI_39,titanic_vs2_test.DTI_39,21/(21+61),False,NUMERIC_TOLERANCE,ocr_output/Amy/Amy_Worksheet_Titanic.json
Amy,WS15,DTI_40,titanic_vs2_test.DTI_40,61+103/209,False,NUMERIC_TOLERANCE,ocr_output/Amy/Amy_Worksheet_Titanic.json
Amy,WS15,DTI_41,titanic_vs2_interpretation.DTI_41,Hf. model iyi test edemedi underfitting söz konusu.,True,,ocr_output/Amy/Amy_Worksheet_Titanic.json
Amy,WS15,DTI_42,titanic_vs2_interpretation.DTI_42,Veri setiyle alakalı bir durum.,True,,ocr_output/Amy/Amy_Worksheet_Titanic.json
Amy,WS15,DTI_43,titanic_vs2_interpretation.DTI_43,(bos),False,BLANK,ocr_output/Amy/Amy_Worksheet_Titanic.json
Amy,WS15,DTI_44,titanic_vs2_interpretation.DTI_44,(bos),False,BLANK,ocr_output/Amy/Amy_Worksheet_Titanic.json
Amy,WS15,DTI_45,genel_sorular.DTI_45,Dengeli olmasını beklerim ne aşırı ne eksik.,True,,ocr_output/Amy/Amy_Worksheet_Titanic.json
Amy,WS15,DTI_46,genel_sorular.DTI_46,Test veri setinde de yanılabilirsiniz.,True,,ocr_output/Amy/Amy_Worksheet_Titanic.json
Amy,WS15,DTI_47,genel_sorular.DTI_47,"Hayır çünkü FN, FP durumlarını göremezsin.",True,,ocr_output/Amy/Amy_Worksheet_Titanic.json
Bruno,WS1,WS1_B1,WS1_B1,Etiket,True,,ocr_output/Bruno/Bruno_Worksheet1.json
Bruno,WS1,WS1_B2,WS1_B2,Nesne,True,,ocr_output/Bruno/Bruno_Worksheet1.json
Bruno,WS1,WS1_B3,WS1_B3,Değişken,True,,ocr_output/Bruno/Bruno_Worksheet1.json
Bruno,WS1,WS1_B4,WS1_B4,Özellik,False,feature_term_instead_of_value_term,ocr_output/Bruno/Bruno_Worksheet1.json
Bruno,WS1,WS1_B5,WS1_B5,Nesne,True,,ocr_output/Bruno/Bruno_Worksheet1.json
Bruno,WS1,WS1_B6,WS1_B6,değişken,False,wrong_term: 'değişken',ocr_output/Bruno/Bruno_Worksheet1.json
Bruno,WS1,WS1_B7,WS1_B7,değişken,True,,ocr_output/Bruno/Bruno_Worksheet1.json
Bruno,WS1,WS1_B8,WS1_B8,değişken,False,wrote_term_instead_of_count,ocr_output/Bruno/Bruno_Worksheet1.json
Bruno,WS1,WS1_B9,WS1_B9,Enerji - Yağ - Doymuş Yağ - Karbonhidrat - Şeker - Protein - Tuz,True,,ocr_output/Bruno/Bruno_Worksheet1.json
Bruno,WS1,WS1_B10,WS1_B10,Nesne,False,abstract_term_instead_of_example,ocr_output/Bruno/Bruno_Worksheet1.json
Bruno,WS1,WS1_B11,WS1_B11,etiket,True,,ocr_output/Bruno/Bruno_Worksheet1.json
Bruno,WS3,WS3_B1,WS3_B1,tavsiye edilemez,True,,ocr_output/Bruno/Bruno_Worksheet3.json
Bruno,WS3,WS3_B2,WS3_B2,"23,0 ≥ 8,0",,,ocr_output/Bruno/Bruno_Worksheet3.json
Bruno,WS3,WS3_B3,WS3_B3,tavsiye edilebilir,True,,ocr_output/Bruno/Bruno_Worksheet3.json
Bruno,WS3,WS3_B4,WS3_B4,"0,2 < 8,0",True,,ocr_output/Bruno/Bruno_Worksheet3.json
Bruno,WS3,WS3_B5,WS3_B5,tavsiye edilebilir,False,,ocr_output/Bruno/Bruno_Worksheet3.json
Bruno,WS3,WS3_B6,WS3_B6,"24,0 ≥ 8,0",,,ocr_output/Bruno/Bruno_Worksheet3.json
Bruno,WS3,WS3_B7,WS3_B7,<= 150,True,,ocr_output/Bruno/Bruno_Worksheet3.json
Bruno,WS3,WS3_B8,WS3_B8,> 150,True,,ocr_output/Bruno/Bruno_Worksheet3.json
Bruno,WS4,WS4_B1,WS4_B1.threshold_value_raw,"13,5",True,,ocr_output/Bruno/Bruno_Worksheet4.json
Bruno,WS4,WS4_B1,WS4_B1.threshold_value_parsed,13.5,True,,ocr_output/Bruno/Bruno_Worksheet4.json
Bruno,WS4,WS4_B1,WS4_B1.placement_description,"Avokado (13g) ile patates kızartması (14g) arasına kalın dikey bir çizgi çekilmiş, yanına '13,5' yazılmış.",True,,ocr_output/Bruno/Bruno_Worksheet4.json
Bruno,WS4,WS4_B2,WS4_B2.detection_method,circle,True,,ocr_output/Bruno/Bruno_Worksheet4.json
Bruno,WS4,WS4_B2,WS4_B2.circled_cards,"jelibon, kraker, yulaf, avokado",True,,ocr_output/Bruno/Bruno_Worksheet4.json
Bruno,WS4,WS4_B2,WS4_B2.written_foods,,True,,ocr_output/Bruno/Bruno_Worksheet4.json
Bruno,WS4,WS4_B2,WS4_B2.foods_parsed,"jelibon, kraker, yulaf, avokado",True,,ocr_output/Bruno/Bruno_Worksheet4.json
Bruno,WS4,WS4_B3,WS4_B3.response_raw,Hata 4'ten 2'ye düştüğü için,True,,ocr_output/Bruno/Bruno_Worksheet4.json
Bruno,WS4,WS4_B4,WS4_B4.agrees_with_pia,True,False,missing_equal_fat_explanation,ocr_output/Bruno/Bruno_Worksheet4.json
Bruno,WS4,WS4_B4,WS4_B4.response_raw,Evet çünkü daha iyi bir seçenek var,False,missing_equal_fat_explanation,ocr_output/Bruno/Bruno_Worksheet4.json
Bruno,WS4,WS4_B5,WS4_B5.threshold_value_raw,"13,5",False,energy_threshold_out_of_range,ocr_output/Bruno/Bruno_Worksheet4.json
Bruno,WS4,WS4_B5,WS4_B5.threshold_value_parsed,13.5,False,energy_threshold_out_of_range,ocr_output/Bruno/Bruno_Worksheet4.json
Bruno,WS5,trials[1],trials[1].trial_id,1,,,ocr_output/Bruno/Bruno_Worksheet5.json
Bruno,WS5,trials[1],trials[1].parsed_feature,Doymuş Yağ,,,ocr_output/Bruno/Bruno_Worksheet5.json
Bruno,WS5,trials[1],trials[1].left_operator,≤,,,ocr_output/Bruno/Bruno_Worksheet5.json
Bruno,WS5,trials[1],trials[1].left_threshold,0.05,,,ocr_output/Bruno/Bruno_Worksheet5.json
Bruno,WS5,trials[1],trials[1].left_leaf_recommended,3,,,ocr_output/Bruno/Bruno_Worksheet5.json
Bruno,WS5,trials[1],trials[1].left_leaf_not_recommended,1,,,ocr_output/Bruno/Bruno_Worksheet5.json
Bruno,WS5,trials[1],trials[1].right_operator,>,,,ocr_output/Bruno/Bruno_Worksheet5.json
Bruno,WS5,trials[1],trials[1].right_threshold,0.05,,,ocr_output/Bruno/Bruno_Worksheet5.json
Bruno,WS5,trials[1],trials[1].right_leaf_recommended,3,,,ocr_output/Bruno/Bruno_Worksheet5.json
Bruno,WS5,trials[1],trials[1].right_leaf_not_recommended,4,,,ocr_output/Bruno/Bruno_Worksheet5.json
Bruno,WS5,trials[1],trials[1].student_error_count,4,,,ocr_output/Bruno/Bruno_Worksheet5.json
Bruno,WS5,trials[1],trials[1].student_mcr,,,,ocr_output/Bruno/Bruno_Worksheet5.json
Bruno,WS5,trials[2],trials[2].trial_id,2,,,ocr_output/Bruno/Bruno_Worksheet5.json
Bruno,WS5,trials[2],trials[2].parsed_feature,Protein,,,ocr_output/Bruno/Bruno_Worksheet5.json
Bruno,WS5,trials[2],trials[2].left_operator,≤,,,ocr_output/Bruno/Bruno_Worksheet5.json
Bruno,WS5,trials[2],trials[2].left_threshold,2.55,,,ocr_output/Bruno/Bruno_Worksheet5.json
Bruno,WS5,trials[2],trials[2].left_leaf_recommended,4,,,ocr_output/Bruno/Bruno_Worksheet5.json
Bruno,WS5,trials[2],trials[2].left_leaf_not_recommended,1,,,ocr_output/Bruno/Bruno_Worksheet5.json
Bruno,WS5,trials[2],trials[2].right_operator,>,,,ocr_output/Bruno/Bruno_Worksheet5.json
Bruno,WS5,trials[2],trials[2].right_threshold,2.55,,,ocr_output/Bruno/Bruno_Worksheet5.json
Bruno,WS5,trials[2],trials[2].right_leaf_recommended,2,,,ocr_output/Bruno/Bruno_Worksheet5.json
Bruno,WS5,trials[2],trials[2].right_leaf_not_recommended,4,,,ocr_output/Bruno/Bruno_Worksheet5.json
Bruno,WS5,trials[2],trials[2].student_error_count,3,,,ocr_output/Bruno/Bruno_Worksheet5.json
Bruno,WS5,trials[2],trials[2].student_mcr,,,,ocr_output/Bruno/Bruno_Worksheet5.json
Bruno,WS5,trials[3],trials[3].trial_id,3,,,ocr_output/Bruno/Bruno_Worksheet5.json
Bruno,WS5,trials[3],trials[3].parsed_feature,Tuz,,,ocr_output/Bruno/Bruno_Worksheet5.json
Bruno,WS5,trials[3],trials[3].left_operator,≤,,,ocr_output/Bruno/Bruno_Worksheet5.json
Bruno,WS5,trials[3],trials[3].left_threshold,0.15,,,ocr_output/Bruno/Bruno_Worksheet5.json
Bruno,WS5,trials[3],trials[3].left_leaf_recommended,4,,,ocr_output/Bruno/Bruno_Worksheet5.json
Bruno,WS5,trials[3],trials[3].left_leaf_not_recommended,2,,,ocr_output/Bruno/Bruno_Worksheet5.json
Bruno,WS5,trials[3],trials[3].right_operator,>,,,ocr_output/Bruno/Bruno_Worksheet5.json
Bruno,WS5,trials[3],trials[3].right_threshold,0.15,,,ocr_output/Bruno/Bruno_Worksheet5.json
Bruno,WS5,trials[3],trials[3].right_leaf_recommended,2,,,ocr_output/Bruno/Bruno_Worksheet5.json
Bruno,WS5,trials[3],trials[3].right_leaf_not_recommended,3,,,ocr_output/Bruno/Bruno_Worksheet5.json
Bruno,WS5,trials[3],trials[3].student_error_count,4,,,ocr_output/Bruno/Bruno_Worksheet5.json
Bruno,WS5,trials[3],trials[3].student_mcr,,,,ocr_output/Bruno/Bruno_Worksheet5.json
Bruno,WS5,final_decision_raw,final_decision_raw,"Protein değişkeni için hangi eşik değerini seçiyorsunuz? Not alın: 2,55",,,ocr_output/Bruno/Bruno_Worksheet5.json
Bruno,WS6,tree_structure,tree_structure.depth_0.parsed_feature,Şeker,,,ocr_output/Bruno/Bruno_Worksheet6.json
Bruno,WS6,tree_structure,tree_structure.depth_0.left_operator,≥,,,ocr_output/Bruno/Bruno_Worksheet6.json
Bruno,WS6,tree_structure,tree_structure.depth_0.left_threshold_value,28.0,,,ocr_output/Bruno/Bruno_Worksheet6.json
Bruno,WS6,tree_structure,tree_structure.depth_0.right_operator,>,,,ocr_output/Bruno/Bruno_Worksheet6.json
Bruno,WS6,tree_structure,tree_structure.depth_0.right_threshold_value,28.0,,,ocr_output/Bruno/Bruno_Worksheet6.json
Bruno,WS6,tree_structure,tree_structure.depth_1.left_child.parsed_feature,Yağ,,,ocr_output/Bruno/Bruno_Worksheet6.json
Bruno,WS6,tree_structure,tree_structure.depth_1.left_child.node_recommended_count,6,,,ocr_output/Bruno/Bruno_Worksheet6.json
Bruno,WS6,tree_structure,tree_structure.depth_1.left_child.node_not_recommended_count,2,,,ocr_output/Bruno/Bruno_Worksheet6.json
Bruno,WS6,tree_structure,tree_structure.depth_1.left_child.left_operator,≥,,,ocr_output/Bruno/Bruno_Worksheet6.json
Bruno,WS6,tree_structure,tree_structure.depth_1.left_child.left_threshold_value,13.5,,,ocr_output/Bruno/Bruno_Worksheet6.json
Bruno,WS6,tree_structure,tree_structure.depth_1.left_child.right_operator,>,,,ocr_output/Bruno/Bruno_Worksheet6.json
Bruno,WS6,tree_structure,tree_structure.depth_1.left_child.right_threshold_value,13.5,,,ocr_output/Bruno/Bruno_Worksheet6.json
Bruno,WS6,tree_structure,tree_structure.depth_1.right_child.is_direct_leaf,True,,,ocr_output/Bruno/Bruno_Worksheet6.json
Bruno,WS6,tree_structure,tree_structure.depth_1.right_child.leaf_label,tavsiye edilemez,,,ocr_output/Bruno/Bruno_Worksheet6.json
Bruno,WS6,tree_structure,tree_structure.depth_1.right_child.leaf_recommended_count,0,,,ocr_output/Bruno/Bruno_Worksheet6.json
Bruno,WS6,tree_structure,tree_structure.depth_1.right_child.leaf_not_recommended_count,3,,,ocr_output/Bruno/Bruno_Worksheet6.json
Bruno,WS6,tree_structure,tree_structure.depth_2.leaf_nodes.left_left_leaf.leaf_label,tavsiye edilir,,,ocr_output/Bruno/Bruno_Worksheet6.json
Bruno,WS6,tree_structure,tree_structure.depth_2.leaf_nodes.left_left_leaf.leaf_recommended_count,6,,,ocr_output/Bruno/Bruno_Worksheet6.json
Bruno,WS6,tree_structure,tree_structure.depth_2.leaf_nodes.left_left_leaf.leaf_not_recommended_count,0,,,ocr_output/Bruno/Bruno_Worksheet6.json
Bruno,WS6,tree_structure,tree_structure.depth_2.leaf_nodes.left_right_leaf.leaf_label,tavsiye edilemez,,,ocr_output/Bruno/Bruno_Worksheet6.json
Bruno,WS6,tree_structure,tree_structure.depth_2.leaf_nodes.left_right_leaf.leaf_recommended_count,0,,,ocr_output/Bruno/Bruno_Worksheet6.json
Bruno,WS6,tree_structure,tree_structure.depth_2.leaf_nodes.left_right_leaf.leaf_not_recommended_count,2,,,ocr_output/Bruno/Bruno_Worksheet6.json
Bruno,WS6,tree_structure,tree_structure.depth_2.leaf_nodes.right_left_leaf.not_applicable,True,,,ocr_output/Bruno/Bruno_Worksheet6.json
Bruno,WS6,tree_structure,tree_structure.depth_2.leaf_nodes.right_right_leaf.not_applicable,True,,,ocr_output/Bruno/Bruno_Worksheet6.json
Bruno,WS7,tree_structure,tree_structure.depth_0.left_operator,<,,,ocr_output/Bruno/Bruno_Worksheet7.json
Bruno,WS7,tree_structure,tree_structure.depth_0.left_threshold_value,190.0,,,ocr_output/Bruno/Bruno_Worksheet7.json
Bruno,WS7,tree_structure,tree_structure.depth_0.right_operator,>,,,ocr_output/Bruno/Bruno_Worksheet7.json
Bruno,WS7,tree_structure,tree_structure.depth_0.right_threshold_value,190.0,,,ocr_output/Bruno/Bruno_Worksheet7.json
Bruno,WS7,tree_structure,tree_structure.depth_1.left_child.path_label,A,,,ocr_output/Bruno/Bruno_Worksheet7.json
Bruno,WS7,tree_structure,tree_structure.depth_1.left_child.leaf_recommended_count,4,,,ocr_output/Bruno/Bruno_Worksheet7.json
Bruno,WS7,tree_structure,tree_structure.depth_1.left_child.leaf_not_recommended_count,,,,ocr_output/Bruno/Bruno_Worksheet7.json
Bruno,WS7,tree_structure,tree_structure.depth_1.right_child.node_recommended_count,2,,,ocr_output/Bruno/Bruno_Worksheet7.json
Bruno,WS7,tree_structure,tree_structure.depth_1.right_child.node_not_recommended_count,5,,,ocr_output/Bruno/Bruno_Worksheet7.json
Bruno,WS7,tree_structure,tree_structure.depth_1.right_child.left_operator,≤,,,ocr_output/Bruno/Bruno_Worksheet7.json
Bruno,WS7,tree_structure,tree_structure.depth_1.right_child.left_threshold_value,11.0,,,ocr_output/Bruno/Bruno_Worksheet7.json
Bruno,WS7,tree_structure,tree_structure.depth_1.right_child.right_operator,>,,,ocr_output/Bruno/Bruno_Worksheet7.json
Bruno,WS7,tree_structure,tree_structure.depth_1.right_child.right_threshold_value,11.0,,,ocr_output/Bruno/Bruno_Worksheet7.json
Bruno,WS7,tree_structure,tree_structure.depth_2.leaf_nodes.right_left_leaf.path_label,B,,,ocr_output/Bruno/Bruno_Worksheet7.json
Bruno,WS7,tree_structure,tree_structure.depth_2.leaf_nodes.right_left_leaf.leaf_recommended_count,0,,,ocr_output/Bruno/Bruno_Worksheet7.json
Bruno,WS7,tree_structure,tree_structure.depth_2.leaf_nodes.right_left_leaf.leaf_not_recommended_count,5,,,ocr_output/Bruno/Bruno_Worksheet7.json
Bruno,WS7,tree_structure,tree_structure.depth_2.leaf_nodes.right_right_leaf.path_label,C,,,ocr_output/Bruno/Bruno_Worksheet7.json
Bruno,WS7,tree_structure,tree_structure.depth_2.leaf_nodes.right_right_leaf.leaf_recommended_count,2,,,ocr_output/Bruno/Bruno_Worksheet7.json
Bruno,WS7,tree_structure,tree_structure.depth_2.leaf_nodes.right_right_leaf.leaf_not_recommended_count,0,,,ocr_output/Bruno/Bruno_Worksheet7.json
Bruno,WS7,rule_matching,rule_matching.rule_1_box,,,,ocr_output/Bruno/Bruno_Worksheet7.json
Bruno,WS7,rule_matching,rule_matching.rule_2_box,,,,ocr_output/Bruno/Bruno_Worksheet7.json
Bruno,WS7,rule_matching,rule_matching.rule_3_box,,,,ocr_output/Bruno/Bruno_Worksheet7.json
Bruno,WS10,WS10_B1,threshold_error_table.WS10_B1.error_count_parsed,4,True,,ocr_output/Bruno/Bruno_Worksheet10.json
Bruno,WS10,WS10_B2,threshold_error_table.WS10_B2.error_count_parsed,3,True,,ocr_output/Bruno/Bruno_Worksheet10.json
Bruno,WS10,WS10_B3,threshold_error_table.WS10_B3.error_count_parsed,2,True,,ocr_output/Bruno/Bruno_Worksheet10.json
Bruno,WS10,WS10_B4,threshold_error_table.WS10_B4.error_count_parsed,3,True,,ocr_output/Bruno/Bruno_Worksheet10.json
Bruno,WS10,WS10_B5,threshold_error_table.WS10_B5.error_count_parsed,2,True,,ocr_output/Bruno/Bruno_Worksheet10.json
Bruno,WS10,WS10_B6,threshold_error_table.WS10_B6.error_count_parsed,1,True,,ocr_output/Bruno/Bruno_Worksheet10.json
Bruno,WS10,WS10_B7,threshold_error_table.WS10_B7.error_count_parsed,2,True,,ocr_output/Bruno/Bruno_Worksheet10.json
Bruno,WS10,optimal_threshold,optimal_threshold.value_parsed,408.0,,,ocr_output/Bruno/Bruno_Worksheet10.json
Bruno,WS14,DTI_01,DTI_01,"26 tane vaka içermektedir. %46,2'si hasta durumunda. Çoğunluk kısmi hasta değilmiş.",True,,ocr_output/Bruno/Bruno_Worksheet_Xeno.json
Bruno,WS14,DTI_02,DTI_02,Mavi saçlı kutuda 14 vaka var. 0 tanesi hasta durumundadır. Çoğunluk sağlıklı.,True,,ocr_output/Bruno/Bruno_Worksheet_Xeno.json
Bruno,WS14,DTI_03,DTI_03,Pembe saçlı kutuda 12 vaka var. 12 hasta bulunmaktadır.,True,,ocr_output/Bruno/Bruno_Worksheet_Xeno.json
Bruno,WS14,DTI_04,DTI_04,Pembe saç rengi hasta olarak etiketlenmiştir. Ayırımda hata çıkmadığı için en iyi yöntem budur.,True,,ocr_output/Bruno/Bruno_Worksheet_Xeno.json
Bruno,WS14,DTI_05,DTI_05,(bos),False,BLANK,ocr_output/Bruno/Bruno_Worksheet_Xeno.json
Bruno,WS14,DTI_06,DTI_06,Evet iyi bir ayırıcı çünkü hatasız şekilde ayırıyor.,True,,ocr_output/Bruno/Bruno_Worksheet_Xeno.json
Bruno,WS14,DTI_07,DTI_07,Çok yüksek bence çünkü sıfır hata sayısı 0'dır.,True,,ocr_output/Bruno/Bruno_Worksheet_Xeno.json
Bruno,WS14,DTI_08,DTI_08,Bence FN çünkü hasta bir bireyin sağlıklı olarak sınıflandırılması bireyin hayatını riske atıyor.,True,,ocr_output/Bruno/Bruno_Worksheet_Xeno.json
Bruno,WS14,DTI_09,DTI_09,"Ağacım hata yapmadı, gayet güzel ayırdı.",True,,ocr_output/Bruno/Bruno_Worksheet_Xeno.json
Bruno,WS14,DTI_10,DTI_10,12,True,,ocr_output/Bruno/Bruno_Worksheet_Xeno.json
Bruno,WS14,DTI_11,DTI_11,Ben hastayım ve doğru tahmin etmiş.,True,,ocr_output/Bruno/Bruno_Worksheet_Xeno.json
Bruno,WS14,DTI_12,DTI_12,14,True,,ocr_output/Bruno/Bruno_Worksheet_Xeno.json
Bruno,WS14,DTI_13,DTI_13,Ben sağlıklıyım ve doğru tahmin etmiş.,True,,ocr_output/Bruno/Bruno_Worksheet_Xeno.json
Bruno,WS14,DTI_14,DTI_14,0,True,,ocr_output/Bruno/Bruno_Worksheet_Xeno.json
Bruno,WS14,DTI_15,DTI_15,Hastayım ama sağlıklı demiş.,True,,ocr_output/Bruno/Bruno_Worksheet_Xeno.json
Bruno,WS14,DTI_16,DTI_16,0,True,,ocr_output/Bruno/Bruno_Worksheet_Xeno.json
Bruno,WS14,DTI_17,DTI_17,Sağlıklıyım ama hasta demiş.,True,,ocr_output/Bruno/Bruno_Worksheet_Xeno.json
Bruno,WS14,DTI_18,DTI_18,26,True,,ocr_output/Bruno/Bruno_Worksheet_Xeno.json
Bruno,WS14,DTI_19,DTI_19,(bos),False,BLANK,ocr_output/Bruno/Bruno_Worksheet_Xeno.json
Bruno,WS14,DTI_20,DTI_20,12+14/26 = 1,True,,ocr_output/Bruno/Bruno_Worksheet_Xeno.json
Bruno,WS14,DTI_21,DTI_21,Kesinlikle doğru.,True,,ocr_output/Bruno/Bruno_Worksheet_Xeno.json
Bruno,WS14,DTI_22,DTI_22,12/12+0 = 1,True,,ocr_output/Bruno/Bruno_Worksheet_Xeno.json
Bruno,WS14,DTI_23,DTI_23,Kesinlikle duyarlı.,True,,ocr_output/Bruno/Bruno_Worksheet_Xeno.json
Bruno,WS14,DTI_24,DTI_24,14/14+0 = 1,True,,ocr_output/Bruno/Bruno_Worksheet_Xeno.json
Bruno,WS14,DTI_25,DTI_25,Kesinlikle özgül.,True,,ocr_output/Bruno/Bruno_Worksheet_Xeno.json
Bruno,WS14,DTI_26,DTI_26,12/12+0 = 1,True,,ocr_output/Bruno/Bruno_Worksheet_Xeno.json
Bruno,WS14,DTI_27,DTI_27,Kesinlikle kesin.,True,,ocr_output/Bruno/Bruno_Worksheet_Xeno.json
Bruno,WS14,DTI_28,DTI_28,Hepsini kullanırım çünkü bütün metrikler benim için hatasız sonuç verdi.,True,,ocr_output/Bruno/Bruno_Worksheet_Xeno.json
Bruno,WS14,DTI_29,DTI_29,FP+FN/N,True,,ocr_output/Bruno/Bruno_Worksheet_Xeno.json
Bruno,WS14,DTI_30,DTI_30,Bana yanlış karar sayısının oranını veriyor.,True,,ocr_output/Bruno/Bruno_Worksheet_Xeno.json
Bruno,WS14,DTI_31,DTI_31,Yanlış karar oranını bulmak için.,True,,ocr_output/Bruno/Bruno_Worksheet_Xeno.json
Bruno,WS14,DTI_32,DTI_32,0+0/26 = 0,True,,ocr_output/Bruno/Bruno_Worksheet_Xeno.json
Bruno,WS14,DTI_33,DTI_33,Hatalı olanların oranı 0'mış. Demek ki hata yokmuş.,True,,ocr_output/Bruno/Bruno_Worksheet_Xeno.json
Bruno,WS15,DTI_01,titanic_vs1_egitim.DTI_01,812 kişi var 290 hayatta.,True,,ocr_output/Bruno/Bruno_Worksheet_Titanic.json
Bruno,WS15,DTI_02,titanic_vs1_egitim.DTI_02,290 kişi var 290'da hayatta.,True,,ocr_output/Bruno/Bruno_Worksheet_Titanic.json
Bruno,WS15,DTI_03,titanic_vs1_egitim.DTI_03,522 kişi var hepsi ölmüş.,True,,ocr_output/Bruno/Bruno_Worksheet_Titanic.json
Bruno,WS15,DTI_04,titanic_vs1_egitim.DTI_04,Female kutusu.,True,,ocr_output/Bruno/Bruno_Worksheet_Titanic.json
Bruno,WS15,DTI_05,titanic_vs1_egitim.DTI_05,(290+522)/812,True,,ocr_output/Bruno/Bruno_Worksheet_Titanic.json
Bruno,WS15,DTI_06,titanic_vs1_egitim.DTI_06,290/290+0,True,,ocr_output/Bruno/Bruno_Worksheet_Titanic.json
Bruno,WS15,DTI_07,titanic_vs1_egitim.DTI_07,522/522+0,True,,ocr_output/Bruno/Bruno_Worksheet_Titanic.json
Bruno,WS15,DTI_08,titanic_vs1_egitim.DTI_08,290/290+0,True,,ocr_output/Bruno/Bruno_Worksheet_Titanic.json
Bruno,WS15,DTI_09,titanic_vs1_egitim.DTI_09,(0+0)/522,True,,ocr_output/Bruno/Bruno_Worksheet_Titanic.json
Bruno,WS15,DTI_10,titanic_vs1_test.DTI_10,231 kişiden 105 kişi yolcu.,True,,ocr_output/Bruno/Bruno_Worksheet_Titanic.json
Bruno,WS15,DTI_11,titanic_vs1_test.DTI_11,96 kişi var 56 hayatta.,True,,ocr_output/Bruno/Bruno_Worksheet_Titanic.json
Bruno,WS15,DTI_12,titanic_vs1_test.DTI_12,135 kişi var 49 hayatta.,True,,ocr_output/Bruno/Bruno_Worksheet_Titanic.json
Bruno,WS15,DTI_13,titanic_vs1_test.DTI_13,Female kutusu.,True,,ocr_output/Bruno/Bruno_Worksheet_Titanic.json
Bruno,WS15,DTI_14,titanic_vs1_test.DTI_14,(56+86)/231 = 142/231,True,,ocr_output/Bruno/Bruno_Worksheet_Titanic.json
Bruno,WS15,DTI_15,titanic_vs1_test.DTI_15,56/56+49 = 56/105,True,,ocr_output/Bruno/Bruno_Worksheet_Titanic.json
Bruno,WS15,DTI_16,titanic_vs1_test.DTI_16,86/86+40 = 86/126,True,,ocr_output/Bruno/Bruno_Worksheet_Titanic.json
Bruno,WS15,DTI_17,titanic_vs1_test.DTI_17,56/56+40 = 56/96,True,,ocr_output/Bruno/Bruno_Worksheet_Titanic.json
Bruno,WS15,DTI_18,titanic_vs1_test.DTI_18,40+49/231 = 89/231,True,,ocr_output/Bruno/Bruno_Worksheet_Titanic.json
Bruno,WS15,DTI_19,titanic_vs1_interpretation.DTI_19,Evet var eğitim seti metriklerinde hata yokken test setinde hatalar var bundan kaynaklı metriklerde fark var.,True,,ocr_output/Bruno/Bruno_Worksheet_Titanic.json
Bruno,WS15,DTI_20,titanic_vs1_interpretation.DTI_20,Çok fazla veri eklenince hatam arttı ve overfitting gerçekleşti.,True,,ocr_output/Bruno/Bruno_Worksheet_Titanic.json
Bruno,WS15,DTI_21,titanic_vs1_interpretation.DTI_21,Performansı düştü çünkü hata sayısı daha fazla.,True,,ocr_output/Bruno/Bruno_Worksheet_Titanic.json
Bruno,WS15,DTI_22,titanic_vs1_interpretation.DTI_22,Modelin performansı düşmüş.,True,,ocr_output/Bruno/Bruno_Worksheet_Titanic.json
Bruno,WS15,DTI_23,titanic_vs2_egitim.DTI_23,834 kişi 456 hayatta.,True,,ocr_output/Bruno/Bruno_Worksheet_Titanic.json
Bruno,WS15,DTI_24,titanic_vs2_egitim.DTI_24,304 kişi var 128 hayatta.,True,,ocr_output/Bruno/Bruno_Worksheet_Titanic.json
Bruno,WS15,DTI_25,titanic_vs2_egitim.DTI_25,530 kişi var 328 hayatta.,True,,ocr_output/Bruno/Bruno_Worksheet_Titanic.json
Bruno,WS15,DTI_26,titanic_vs2_egitim.DTI_26,Female.,True,,ocr_output/Bruno/Bruno_Worksheet_Titanic.json
Bruno,WS15,DTI_27,titanic_vs2_egitim.DTI_27,(128+202)/834,True,,ocr_output/Bruno/Bruno_Worksheet_Titanic.json
Bruno,WS15,DTI_28,titanic_vs2_egitim.DTI_28,128/128+328,True,,ocr_output/Bruno/Bruno_Worksheet_Titanic.json
Bruno,WS15,DTI_29,titanic_vs2_egitim.DTI_29,202/202+176,True,,ocr_output/Bruno/Bruno_Worksheet_Titanic.json
Bruno,WS15,DTI_30,titanic_vs2_egitim.DTI_30,128/128+176,True,,ocr_output/Bruno/Bruno_Worksheet_Titanic.json
Bruno,WS15,DTI_31,titanic_vs2_egitim.DTI_31,176+328/834,True,,ocr_output/Bruno/Bruno_Worksheet_Titanic.json
Bruno,WS15,DTI_32,titanic_vs2_test.DTI_32,209/85,True,,ocr_output/Bruno/Bruno_Worksheet_Titanic.json
Bruno,WS15,DTI_33,titanic_vs2_test.DTI_33,82/61,True,,ocr_output/Bruno/Bruno_Worksheet_Titanic.json
Bruno,WS15,DTI_34,titanic_vs2_test.DTI_34,127/24,True,,ocr_output/Bruno/Bruno_Worksheet_Titanic.json
Bruno,WS15,DTI_35,titanic_vs2_test.DTI_35,Female.,True,,ocr_output/Bruno/Bruno_Worksheet_Titanic.json
Bruno,WS15,DTI_36,titanic_vs2_test.DTI_36,21+25/209,False,NUMERIC_TOLERANCE,ocr_output/Bruno/Bruno_Worksheet_Titanic.json
Bruno,WS15,DTI_37,titanic_vs2_test.DTI_37,21/21+103,False,NUMERIC_TOLERANCE,ocr_output/Bruno/Bruno_Worksheet_Titanic.json
Bruno,WS15,DTI_38,titanic_vs2_test.DTI_38,24/24+61,False,NUMERIC_TOLERANCE,ocr_output/Bruno/Bruno_Worksheet_Titanic.json
Bruno,WS15,DTI_39,titanic_vs2_test.DTI_39,21/21+61,False,NUMERIC_TOLERANCE,ocr_output/Bruno/Bruno_Worksheet_Titanic.json
Bruno,WS15,DTI_40,titanic_vs2_test.DTI_40,61+103/209,False,NUMERIC_TOLERANCE,ocr_output/Bruno/Bruno_Worksheet_Titanic.json
Bruno,WS15,DTI_41,titanic_vs2_interpretation.DTI_41,Yok ikisi de iyi sonuç vermedi.,True,,ocr_output/Bruno/Bruno_Worksheet_Titanic.json
Bruno,WS15,DTI_42,titanic_vs2_interpretation.DTI_42,Hem eğitim hemde test verisinde kötü sonuç elde etti bu yüzden underfitting olurtu.,True,,ocr_output/Bruno/Bruno_Worksheet_Titanic.json
Bruno,WS15,DTI_43,titanic_vs2_interpretation.DTI_43,Performans düşmüş.,False,TRAP_NOT_RECOGNIZED,ocr_output/Bruno/Bruno_Worksheet_Titanic.json
Bruno,WS15,DTI_44,titanic_vs2_interpretation.DTI_44,Performansı biraz artmıştır.,False,TRAP_NOT_RECOGNIZED,ocr_output/Bruno/Bruno_Worksheet_Titanic.json
Bruno,WS15,DTI_45,genel_sorular.DTI_45,Metriklerin hem eğitim hem test setinde iyi sonuç vermesi gerekir.,True,,ocr_output/Bruno/Bruno_Worksheet_Titanic.json
Bruno,WS15,DTI_46,genel_sorular.DTI_46,Sadece eğitim setine bakarak karar alameyiz çünkü veri seti bize asıl sonucu veriyor.,True,,ocr_output/Bruno/Bruno_Worksheet_Titanic.json
Bruno,WS15,DTI_47,genel_sorular.DTI_47,Hayır. Karmaşık veri setinde bakmama.,True,,ocr_output/Bruno/Bruno_Worksheet_Titanic.json
Helena,WS1,WS1_B1,WS1_B1,Etiket,True,,ocr_output/Helena/Helena_Worksheet1.json
Helena,WS1,WS1_B2,WS1_B2,Nesne,True,,ocr_output/Helena/Helena_Worksheet1.json
Helena,WS1,WS1_B3,WS1_B3,Karakteristik,True,,ocr_output/Helena/Helena_Worksheet1.json
Helena,WS1,WS1_B4,WS1_B4,Değişken,False,feature_term_instead_of_value_term,ocr_output/Helena/Helena_Worksheet1.json
Helena,WS1,WS1_B5,WS1_B5,nesne,True,,ocr_output/Helena/Helena_Worksheet1.json
Helena,WS1,WS1_B6,WS1_B6,nesne,True,,ocr_output/Helena/Helena_Worksheet1.json
Helena,WS1,WS1_B7,WS1_B7,karakteristik,True,,ocr_output/Helena/Helena_Worksheet1.json
Helena,WS1,WS1_B8,WS1_B8,7,True,,ocr_output/Helena/Helena_Worksheet1.json
Helena,WS1,WS1_B9,WS1_B9,"enerji, yağ, doymuş yağ, karbonhidrat, şeker, protein, tuz",True,,ocr_output/Helena/Helena_Worksheet1.json
Helena,WS1,WS1_B10,WS1_B10,nesne (fındıklı gofret),True,,ocr_output/Helena/Helena_Worksheet1.json
Helena,WS1,WS1_B11,WS1_B11,etiket,True,,ocr_output/Helena/Helena_Worksheet1.json
Helena,WS3,WS3_B1,WS3_B1,tavsiye edilemez,True,,ocr_output/Helena/Helena_Worksheet3.json
Helena,WS3,WS3_B2,WS3_B2,"23,0 gr > 8,0 gr",True,,ocr_output/Helena/Helena_Worksheet3.json
Helena,WS3,WS3_B3,WS3_B3,tavsiye edilebilir,True,,ocr_output/Helena/Helena_Worksheet3.json
Helena,WS3,WS3_B4,WS3_B4,"0,2 gr < 8,0 gr",True,,ocr_output/Helena/Helena_Worksheet3.json
Helena,WS3,WS3_B5,WS3_B5,tavsiye edilemez,True,,ocr_output/Helena/Helena_Worksheet3.json
Helena,WS3,WS3_B6,WS3_B6,"24,0 gr > 8,0 gr",,,ocr_output/Helena/Helena_Worksheet3.json
Helena,WS3,WS3_B7,WS3_B7,< 150,True,,ocr_output/Helena/Helena_Worksheet3.json
Helena,WS3,WS3_B8,WS3_B8,> 150,True,,ocr_output/Helena/Helena_Worksheet3.json
Helena,WS4,WS4_B1,WS4_B1.threshold_value_raw,"(çizgi ile işaretlenmemiş, sayısal değer yazılmamış)",,threshold_not_placed,ocr_output/Helena/Helena_Worksheet4.json
Helena,WS4,WS4_B1,WS4_B1.threshold_value_parsed,,,threshold_not_placed,ocr_output/Helena/Helena_Worksheet4.json
Helena,WS4,WS4_B1,WS4_B1.placement_description,"In the sorted deck, there is no vertical line or mark indicating the threshold position between the avocado (13.0 g) and french fries (14.0 g) cards.",,threshold_not_placed,ocr_output/Helena/Helena_Worksheet4.json
Helena,WS4,WS4_B2,WS4_B2.detection_method,circle,True,,ocr_output/Helena/Helena_Worksheet4.json
Helena,WS4,WS4_B2,WS4_B2.circled_cards,"jelibon, kraker, yulaf, avokado",True,,ocr_output/Helena/Helena_Worksheet4.json
Helena,WS4,WS4_B2,WS4_B2.written_foods,,True,,ocr_output/Helena/Helena_Worksheet4.json
Helena,WS4,WS4_B2,WS4_B2.foods_parsed,"jelibon, kraker, yulaf, avokado",True,,ocr_output/Helena/Helena_Worksheet4.json
Helena,WS4,WS4_B3,WS4_B3.response_raw,Avokado ile patates kızartması arasına koyarım kalemi çünkü hata sayısı 2'ye düşüyor,True,,ocr_output/Helena/Helena_Worksheet4.json
Helena,WS4,WS4_B4,WS4_B4.agrees_with_pia,True,False,missing_equal_fat_explanation,ocr_output/Helena/Helena_Worksheet4.json
Helena,WS4,WS4_B4,WS4_B4.response_raw,"Evet, çünkü 4 hata var.",False,missing_equal_fat_explanation,ocr_output/Helena/Helena_Worksheet4.json
Helena,WS4,WS4_B5,WS4_B5.threshold_value_raw,19.2,False,energy_threshold_out_of_range,ocr_output/Helena/Helena_Worksheet4.json
Helena,WS4,WS4_B5,WS4_B5.threshold_value_parsed,19.2,False,energy_threshold_out_of_range,ocr_output/Helena/Helena_Worksheet4.json
Helena,WS5,trials[1],trials[1].trial_id,1,,,ocr_output/Helena/Helena_Worksheet5.json
Helena,WS5,trials[1],trials[1].parsed_feature,Enerji,,,ocr_output/Helena/Helena_Worksheet5.json
Helena,WS5,trials[1],trials[1].left_operator,≤,,,ocr_output/Helena/Helena_Worksheet5.json
Helena,WS5,trials[1],trials[1].left_threshold,192.0,,,ocr_output/Helena/Helena_Worksheet5.json
Helena,WS5,trials[1],trials[1].left_leaf_recommended,4,,,ocr_output/Helena/Helena_Worksheet5.json
Helena,WS5,trials[1],trials[1].left_leaf_not_recommended,0,,,ocr_output/Helena/Helena_Worksheet5.json
Helena,WS5,trials[1],trials[1].right_operator,>,,,ocr_output/Helena/Helena_Worksheet5.json
Helena,WS5,trials[1],trials[1].right_threshold,192.0,,,ocr_output/Helena/Helena_Worksheet5.json
Helena,WS5,trials[1],trials[1].right_leaf_recommended,2,,,ocr_output/Helena/Helena_Worksheet5.json
Helena,WS5,trials[1],trials[1].right_leaf_not_recommended,5,,,ocr_output/Helena/Helena_Worksheet5.json
Helena,WS5,trials[1],trials[1].student_error_count,2,,,ocr_output/Helena/Helena_Worksheet5.json
Helena,WS5,trials[1],trials[1].student_mcr,,,,ocr_output/Helena/Helena_Worksheet5.json
Helena,WS5,trials[2],trials[2].trial_id,2,,,ocr_output/Helena/Helena_Worksheet5.json
Helena,WS5,trials[2],trials[2].parsed_feature,Yağ,,,ocr_output/Helena/Helena_Worksheet5.json
Helena,WS5,trials[2],trials[2].left_operator,≤,,,ocr_output/Helena/Helena_Worksheet5.json
Helena,WS5,trials[2],trials[2].left_threshold,13.5,,,ocr_output/Helena/Helena_Worksheet5.json
Helena,WS5,trials[2],trials[2].left_leaf_recommended,6,,,ocr_output/Helena/Helena_Worksheet5.json
Helena,WS5,trials[2],trials[2].left_leaf_not_recommended,2,,,ocr_output/Helena/Helena_Worksheet5.json
Helena,WS5,trials[2],trials[2].right_operator,>,,,ocr_output/Helena/Helena_Worksheet5.json
Helena,WS5,trials[2],trials[2].right_threshold,13.5,,,ocr_output/Helena/Helena_Worksheet5.json
Helena,WS5,trials[2],trials[2].right_leaf_recommended,0,,,ocr_output/Helena/Helena_Worksheet5.json
Helena,WS5,trials[2],trials[2].right_leaf_not_recommended,3,,,ocr_output/Helena/Helena_Worksheet5.json
Helena,WS5,trials[2],trials[2].student_error_count,2,,,ocr_output/Helena/Helena_Worksheet5.json
Helena,WS5,trials[2],trials[2].student_mcr,,,,ocr_output/Helena/Helena_Worksheet5.json
Helena,WS5,trials[3],trials[3].trial_id,3,,,ocr_output/Helena/Helena_Worksheet5.json
Helena,WS5,trials[3],trials[3].parsed_feature,Tuz,,,ocr_output/Helena/Helena_Worksheet5.json
Helena,WS5,trials[3],trials[3].left_operator,≤,,,ocr_output/Helena/Helena_Worksheet5.json
Helena,WS5,trials[3],trials[3].left_threshold,0.6,,,ocr_output/Helena/Helena_Worksheet5.json
Helena,WS5,trials[3],trials[3].left_leaf_recommended,5,,,ocr_output/Helena/Helena_Worksheet5.json
Helena,WS5,trials[3],trials[3].left_leaf_not_recommended,3,,,ocr_output/Helena/Helena_Worksheet5.json
Helena,WS5,trials[3],trials[3].right_operator,>,,,ocr_output/Helena/Helena_Worksheet5.json
Helena,WS5,trials[3],trials[3].right_threshold,0.6,,,ocr_output/Helena/Helena_Worksheet5.json
Helena,WS5,trials[3],trials[3].right_leaf_recommended,1,,,ocr_output/Helena/Helena_Worksheet5.json
Helena,WS5,trials[3],trials[3].right_leaf_not_recommended,2,,,ocr_output/Helena/Helena_Worksheet5.json
Helena,WS5,trials[3],trials[3].student_error_count,4,,,ocr_output/Helena/Helena_Worksheet5.json
Helena,WS5,trials[3],trials[3].student_mcr,,,,ocr_output/Helena/Helena_Worksheet5.json
Helena,WS5,final_decision_raw,final_decision_raw,Enerji değişkeni için 192 değerini seçiyorum. Çünkü diğerlerine göre yanlış sınıflandırma sayısı daha az çıktı.,,,ocr_output/Helena/Helena_Worksheet5.json
Helena,WS6,tree_structure,tree_structure.depth_0.parsed_feature,Enerji,,,ocr_output/Helena/Helena_Worksheet6.json
Helena,WS6,tree_structure,tree_structure.depth_0.left_operator,≤,,,ocr_output/Helena/Helena_Worksheet6.json
Helena,WS6,tree_structure,tree_structure.depth_0.left_threshold_value,200.0,,,ocr_output/Helena/Helena_Worksheet6.json
Helena,WS6,tree_structure,tree_structure.depth_0.right_operator,>,,,ocr_output/Helena/Helena_Worksheet6.json
Helena,WS6,tree_structure,tree_structure.depth_0.right_threshold_value,200.0,,,ocr_output/Helena/Helena_Worksheet6.json
Helena,WS6,tree_structure,tree_structure.depth_1.left_child.is_direct_leaf,True,,,ocr_output/Helena/Helena_Worksheet6.json
Helena,WS6,tree_structure,tree_structure.depth_1.left_child.leaf_label,tavsiye edilir,,,ocr_output/Helena/Helena_Worksheet6.json
Helena,WS6,tree_structure,tree_structure.depth_1.left_child.leaf_recommended_count,4,,,ocr_output/Helena/Helena_Worksheet6.json
Helena,WS6,tree_structure,tree_structure.depth_1.left_child.leaf_not_recommended_count,0,,,ocr_output/Helena/Helena_Worksheet6.json
Helena,WS6,tree_structure,tree_structure.depth_1.right_child.parsed_feature,Şeker,,,ocr_output/Helena/Helena_Worksheet6.json
Helena,WS6,tree_structure,tree_structure.depth_1.right_child.node_recommended_count,2,,,ocr_output/Helena/Helena_Worksheet6.json
Helena,WS6,tree_structure,tree_structure.depth_1.right_child.node_not_recommended_count,5,,,ocr_output/Helena/Helena_Worksheet6.json
Helena,WS6,tree_structure,tree_structure.depth_1.right_child.left_operator,≤,,,ocr_output/Helena/Helena_Worksheet6.json
Helena,WS6,tree_structure,tree_structure.depth_1.right_child.left_threshold_value,1.5,,,ocr_output/Helena/Helena_Worksheet6.json
Helena,WS6,tree_structure,tree_structure.depth_1.right_child.right_operator,>,,,ocr_output/Helena/Helena_Worksheet6.json
Helena,WS6,tree_structure,tree_structure.depth_1.right_child.right_threshold_value,1.5,,,ocr_output/Helena/Helena_Worksheet6.json
Helena,WS6,tree_structure,tree_structure.depth_2.leaf_nodes.left_left_leaf.not_applicable,True,,,ocr_output/Helena/Helena_Worksheet6.json
Helena,WS6,tree_structure,tree_structure.depth_2.leaf_nodes.left_right_leaf.not_applicable,True,,,ocr_output/Helena/Helena_Worksheet6.json
Helena,WS6,tree_structure,tree_structure.depth_2.leaf_nodes.right_left_leaf.leaf_label,tavsiye edilir,,,ocr_output/Helena/Helena_Worksheet6.json
Helena,WS6,tree_structure,tree_structure.depth_2.leaf_nodes.right_left_leaf.leaf_recommended_count,2,,,ocr_output/Helena/Helena_Worksheet6.json
Helena,WS6,tree_structure,tree_structure.depth_2.leaf_nodes.right_left_leaf.leaf_not_recommended_count,1,,,ocr_output/Helena/Helena_Worksheet6.json
Helena,WS6,tree_structure,tree_structure.depth_2.leaf_nodes.right_right_leaf.leaf_label,tavsiye edilemez,,,ocr_output/Helena/Helena_Worksheet6.json
Helena,WS6,tree_structure,tree_structure.depth_2.leaf_nodes.right_right_leaf.leaf_recommended_count,0,,,ocr_output/Helena/Helena_Worksheet6.json
Helena,WS6,tree_structure,tree_structure.depth_2.leaf_nodes.right_right_leaf.leaf_not_recommended_count,4,,,ocr_output/Helena/Helena_Worksheet6.json
Helena,WS7,tree_structure,tree_structure.depth_0.left_operator,≤,,,ocr_output/Helena/Helena_Worksheet7.json
Helena,WS7,tree_structure,tree_structure.depth_0.left_threshold_value,200.0,,,ocr_output/Helena/Helena_Worksheet7.json
Helena,WS7,tree_structure,tree_structure.depth_0.right_operator,>,,,ocr_output/Helena/Helena_Worksheet7.json
Helena,WS7,tree_structure,tree_structure.depth_0.right_threshold_value,200.0,,,ocr_output/Helena/Helena_Worksheet7.json
Helena,WS7,tree_structure,tree_structure.depth_1.left_child.path_label,A,,,ocr_output/Helena/Helena_Worksheet7.json
Helena,WS7,tree_structure,tree_structure.depth_1.left_child.node_recommended_count,,,,ocr_output/Helena/Helena_Worksheet7.json
Helena,WS7,tree_structure,tree_structure.depth_1.left_child.node_not_recommended_count,,,,ocr_output/Helena/Helena_Worksheet7.json
Helena,WS7,tree_structure,tree_structure.depth_1.right_child.parsed_feature,Protein,,,ocr_output/Helena/Helena_Worksheet7.json
Helena,WS7,tree_structure,tree_structure.depth_1.right_child.node_recommended_count,,,,ocr_output/Helena/Helena_Worksheet7.json
Helena,WS7,tree_structure,tree_structure.depth_1.right_child.node_not_recommended_count,,,,ocr_output/Helena/Helena_Worksheet7.json
Helena,WS7,tree_structure,tree_structure.depth_1.right_child.left_operator,≤,,,ocr_output/Helena/Helena_Worksheet7.json
Helena,WS7,tree_structure,tree_structure.depth_1.right_child.left_threshold_value,11.0,,,ocr_output/Helena/Helena_Worksheet7.json
Helena,WS7,tree_structure,tree_structure.depth_1.right_child.right_operator,>,,,ocr_output/Helena/Helena_Worksheet7.json
Helena,WS7,tree_structure,tree_structure.depth_1.right_child.right_threshold_value,11.0,,,ocr_output/Helena/Helena_Worksheet7.json
Helena,WS7,tree_structure,tree_structure.depth_2.leaf_nodes.right_left_leaf.path_label,B,,,ocr_output/Helena/Helena_Worksheet7.json
Helena,WS7,tree_structure,tree_structure.depth_2.leaf_nodes.right_left_leaf.leaf_recommended_count,,,,ocr_output/Helena/Helena_Worksheet7.json
Helena,WS7,tree_structure,tree_structure.depth_2.leaf_nodes.right_left_leaf.leaf_not_recommended_count,,,,ocr_output/Helena/Helena_Worksheet7.json
Helena,WS7,tree_structure,tree_structure.depth_2.leaf_nodes.right_right_leaf.path_label,C,,,ocr_output/Helena/Helena_Worksheet7.json
Helena,WS7,tree_structure,tree_structure.depth_2.leaf_nodes.right_right_leaf.leaf_recommended_count,,,,ocr_output/Helena/Helena_Worksheet7.json
Helena,WS7,tree_structure,tree_structure.depth_2.leaf_nodes.right_right_leaf.leaf_not_recommended_count,,,,ocr_output/Helena/Helena_Worksheet7.json
Helena,WS7,rule_matching,rule_matching.rule_1_box,,,,ocr_output/Helena/Helena_Worksheet7.json
Helena,WS7,rule_matching,rule_matching.rule_2_box,,,,ocr_output/Helena/Helena_Worksheet7.json
Helena,WS7,rule_matching,rule_matching.rule_3_box,,,,ocr_output/Helena/Helena_Worksheet7.json
Helena,WS10,WS10_B1,threshold_error_table.WS10_B1.error_count_parsed,4,True,,ocr_output/Helena/Helena_Worksheet10.json
Helena,WS10,WS10_B2,threshold_error_table.WS10_B2.error_count_parsed,3,True,,ocr_output/Helena/Helena_Worksheet10.json
Helena,WS10,WS10_B3,threshold_error_table.WS10_B3.error_count_parsed,2,True,,ocr_output/Helena/Helena_Worksheet10.json
Helena,WS10,WS10_B4,threshold_error_table.WS10_B4.error_count_parsed,3,True,,ocr_output/Helena/Helena_Worksheet10.json
Helena,WS10,WS10_B5,threshold_error_table.WS10_B5.error_count_parsed,2,True,,ocr_output/Helena/Helena_Worksheet10.json
Helena,WS10,WS10_B6,threshold_error_table.WS10_B6.error_count_parsed,1,True,,ocr_output/Helena/Helena_Worksheet10.json
Helena,WS10,WS10_B7,threshold_error_table.WS10_B7.error_count_parsed,2,True,,ocr_output/Helena/Helena_Worksheet10.json
Helena,WS10,optimal_threshold,optimal_threshold.value_parsed,408.0,,,ocr_output/Helena/Helena_Worksheet10.json
Helena,WS14,DTI_01,DTI_01,10 vaka vardır. %60'ı hastadır.,True,,ocr_output/Helena/Helena_Worksheet_Xeno.json
Helena,WS14,DTI_02,DTI_02,4 mavi saçlı vaka vardır. %0'ı hasta durumdadır.,True,,ocr_output/Helena/Helena_Worksheet_Xeno.json
Helena,WS14,DTI_03,DTI_03,"6 pembe saçlı vaka vardır. %100'ü hasta durumdadır. Pembe saçlıların ""hasta"" olduğunu ortaya çıkarır. (Hepsinin)",True,,ocr_output/Helena/Helena_Worksheet_Xeno.json
Helena,WS14,DTI_04,DTI_04,Sol taraftaki kutu negatif hasta well (-) olarak etiketlenmiş. Bence doğru bir etiketleymeydi.,True,,ocr_output/Helena/Helena_Worksheet_Xeno.json
Helena,WS14,DTI_05,DTI_05,"6 pembe saçlı vaka vardır. 6'sı hasta durumdadır. Bu sonuç eğer pembe saçlılık varsa ""hasta"" durumunu ortaya çıkarır.",True,,ocr_output/Helena/Helena_Worksheet_Xeno.json
Helena,WS14,DTI_06,DTI_06,"Evet. Çünkü mavi saçların hepsi sağlıklı, pembeler ise hasta.",True,,ocr_output/Helena/Helena_Worksheet_Xeno.json
Helena,WS14,DTI_07,DTI_07,"%100 olurdu. Çünkü mavi saçların hepsi sağlıklı, pembe saçların ise hepsi hasta.",True,,ocr_output/Helena/Helena_Worksheet_Xeno.json
Helena,WS14,DTI_08,DTI_08,FN daha tehlikelidir. Çünkü hasta bireyin sağlıklı olarak değerlendirilmesi kişinin hastalığının fark edilmeyip ilerlemesine yol açabilir.,True,,ocr_output/Helena/Helena_Worksheet_Xeno.json
Helena,WS14,DTI_09,DTI_09,"Doğru bir performans sergiledi. Pembelerin %100'ü hasta, mavilerin %0'ı hasta çıktı.",True,,ocr_output/Helena/Helena_Worksheet_Xeno.json
Helena,WS14,DTI_10,DTI_10,9,True,,ocr_output/Helena/Helena_Worksheet_Xeno.json
Helena,WS14,DTI_11,DTI_11,9 hastayı doğru pozitif olarak test etti. Yani 9 kişiyi hasta olarak tahmin ettik ve gerçekten hasta çıktı.,True,,ocr_output/Helena/Helena_Worksheet_Xeno.json
Helena,WS14,DTI_12,DTI_12,11,True,,ocr_output/Helena/Helena_Worksheet_Xeno.json
Helena,WS14,DTI_13,DTI_13,11 hastayı doğru negatif olarak test etti. Yani 11 kişiyi sağlıklı olarak tahmin ettik ve gerçekten de öyle oldu.,True,,ocr_output/Helena/Helena_Worksheet_Xeno.json
Helena,WS14,DTI_14,DTI_14,0,True,,ocr_output/Helena/Helena_Worksheet_Xeno.json
Helena,WS14,DTI_15,DTI_15,0 hasta yanlış pozitif olarak test edildi. Yani hasta tahmin edip sağlıklı birey çıkmadı.,True,,ocr_output/Helena/Helena_Worksheet_Xeno.json
Helena,WS14,DTI_16,DTI_16,0,True,,ocr_output/Helena/Helena_Worksheet_Xeno.json
Helena,WS14,DTI_17,DTI_17,0 hasta yanlış negatif olarak test edildi. Yani sağlıklı tahmin edip hasta birey çıkmadı.,True,,ocr_output/Helena/Helena_Worksheet_Xeno.json
Helena,WS14,DTI_18,DTI_18,20,True,,ocr_output/Helena/Helena_Worksheet_Xeno.json
Helena,WS14,DTI_19,DTI_19,Toplam 20 kişiyi test ettik. Model doğru çalıştı.,True,,ocr_output/Helena/Helena_Worksheet_Xeno.json
Helena,WS14,DTI_20,DTI_20,(TP+TN)/N = (9+11)/20 = [circled: 1],True,,ocr_output/Helena/Helena_Worksheet_Xeno.json
Helena,WS14,DTI_21,DTI_21,Karar ağacı doğru oldu.,True,,ocr_output/Helena/Helena_Worksheet_Xeno.json
Helena,WS14,DTI_22,DTI_22,TP/(TP+FN) = 9/9+0 = [circled: 1],True,,ocr_output/Helena/Helena_Worksheet_Xeno.json
Helena,WS14,DTI_23,DTI_23,"""Hasta""ları doğru tespit etti.",True,,ocr_output/Helena/Helena_Worksheet_Xeno.json
Helena,WS14,DTI_24,DTI_24,TN/(TN+FP) = 11/11+0 = [circled: 1],True,,ocr_output/Helena/Helena_Worksheet_Xeno.json
Helena,WS14,DTI_25,DTI_25,"""Sağlık""lıları doğru tespit etti.",True,,ocr_output/Helena/Helena_Worksheet_Xeno.json
Helena,WS14,DTI_26,DTI_26,TP/(TP+FP) = 9/9+0 = [circled: 1],True,,ocr_output/Helena/Helena_Worksheet_Xeno.json
Helena,WS14,DTI_27,DTI_27,Hastaları doğru tespit etti.,True,,ocr_output/Helena/Helena_Worksheet_Xeno.json
Helena,WS14,DTI_28,DTI_28,"Duyarlılığı öncelikli olarak kullanırım. Çünkü gerçekten hasta bireylerin ne kadarının doğru şekilde ""hasta"" olduğunu sınıflamak çok önemli.",True,,ocr_output/Helena/Helena_Worksheet_Xeno.json
Helena,WS14,DTI_29,DTI_29,(TP+FP) / TN,True,,ocr_output/Helena/Helena_Worksheet_Xeno.json
Helena,WS14,DTI_30,DTI_30,Özgüllüğü daha iyi tanımlıyor.,True,,ocr_output/Helena/Helena_Worksheet_Xeno.json
Helena,WS14,DTI_31,DTI_31,Sağlıklı bireyleri tespit ederken.,True,,ocr_output/Helena/Helena_Worksheet_Xeno.json
Helena,WS14,DTI_32,DTI_32,(FP+FN)/N = (0+0)/20 = [circled: 0],True,,ocr_output/Helena/Helena_Worksheet_Xeno.json
Helena,WS14,DTI_33,DTI_33,[corrected: struck-through text] Hasta çıkmadı.,True,,ocr_output/Helena/Helena_Worksheet_Xeno.json
Helena,WS15,DTI_01,titanic_vs1_egitim.DTI_01,"812 yolcu var, [struck-through illegible]",True,,ocr_output/Helena/Helena_Worksheet_Titanic.json
Helena,WS15,DTI_02,titanic_vs1_egitim.DTI_02,290 kişi var.,True,,ocr_output/Helena/Helena_Worksheet_Titanic.json
Helena,WS15,DTI_03,titanic_vs1_egitim.DTI_03,522 kişi var.,True,,ocr_output/Helena/Helena_Worksheet_Titanic.json
Helena,WS15,DTI_04,titanic_vs1_egitim.DTI_04,Sol kutu.,True,,ocr_output/Helena/Helena_Worksheet_Titanic.json
Helena,WS15,DTI_05,titanic_vs1_egitim.DTI_05,(290 + 522) / 812 = [circled: 1],True,,ocr_output/Helena/Helena_Worksheet_Titanic.json
Helena,WS15,DTI_06,titanic_vs1_egitim.DTI_06,290 / 290 + 0 = [circled: 1],True,,ocr_output/Helena/Helena_Worksheet_Titanic.json
Helena,WS15,DTI_07,titanic_vs1_egitim.DTI_07,522 / 522 + 0 = [circled: 1],True,,ocr_output/Helena/Helena_Worksheet_Titanic.json
Helena,WS15,DTI_08,titanic_vs1_egitim.DTI_08,290 / 290 + 0 = [circled: 1],True,,ocr_output/Helena/Helena_Worksheet_Titanic.json
Helena,WS15,DTI_09,titanic_vs1_egitim.DTI_09,0 + 0 / 812 = [circled: 0],True,,ocr_output/Helena/Helena_Worksheet_Titanic.json
Helena,WS15,DTI_10,titanic_vs1_test.DTI_10,231 yolcu içeriyor 105'i hayatta.,True,,ocr_output/Helena/Helena_Worksheet_Titanic.json
Helena,WS15,DTI_11,titanic_vs1_test.DTI_11,96 kişi var 56 hayatta,True,,ocr_output/Helena/Helena_Worksheet_Titanic.json
Helena,WS15,DTI_12,titanic_vs1_test.DTI_12,135 kişi var. 49 hayatta.,True,,ocr_output/Helena/Helena_Worksheet_Titanic.json
Helena,WS15,DTI_13,titanic_vs1_test.DTI_13,Sol kutu.,True,,ocr_output/Helena/Helena_Worksheet_Titanic.json
Helena,WS15,DTI_14,titanic_vs1_test.DTI_14,(49 + 40) / 231,False,NUMERIC_TOLERANCE,ocr_output/Helena/Helena_Worksheet_Titanic.json
Helena,WS15,DTI_15,titanic_vs1_test.DTI_15,49 / (49 + 56),False,NUMERIC_TOLERANCE,ocr_output/Helena/Helena_Worksheet_Titanic.json
Helena,WS15,DTI_16,titanic_vs1_test.DTI_16,40 / (40 + 86),False,NUMERIC_TOLERANCE,ocr_output/Helena/Helena_Worksheet_Titanic.json
Helena,WS15,DTI_17,titanic_vs1_test.DTI_17,49 / (49 + 86),False,NUMERIC_TOLERANCE,ocr_output/Helena/Helena_Worksheet_Titanic.json
Helena,WS15,DTI_18,titanic_vs1_test.DTI_18,(86 + 56) / 231,False,NUMERIC_TOLERANCE,ocr_output/Helena/Helena_Worksheet_Titanic.json
Helena,WS15,DTI_19,titanic_vs1_interpretation.DTI_19,Eğitim seti metriği daha doğru sonuç verdi. Test seti metriği ile sonuca ulaşamayıp hatalı olur.,True,,ocr_output/Helena/Helena_Worksheet_Titanic.json
Helena,WS15,DTI_20,titanic_vs1_interpretation.DTI_20,Eğitim setinin çok iyi çalışması aşırı öğrenmedir. Bu da doğru test eder modeli. İyi bir sayı ölçer.,True,,ocr_output/Helena/Helena_Worksheet_Titanic.json
Helena,WS15,DTI_21,titanic_vs1_interpretation.DTI_21,Doğru sonucun gittikçe düştüğünü görebiliriz.,True,,ocr_output/Helena/Helena_Worksheet_Titanic.json
Helena,WS15,DTI_22,titanic_vs1_interpretation.DTI_22,Yani bu durum eğitim veri setinde hatanın olmadığını gösterir. Modelin performansı daha iyidir.,True,,ocr_output/Helena/Helena_Worksheet_Titanic.json
Helena,WS15,DTI_23,titanic_vs2_egitim.DTI_23,834. 1'i hayatta.,True,,ocr_output/Helena/Helena_Worksheet_Titanic.json
Helena,WS15,DTI_24,titanic_vs2_egitim.DTI_24,304,True,,ocr_output/Helena/Helena_Worksheet_Titanic.json
Helena,WS15,DTI_25,titanic_vs2_egitim.DTI_25,530,True,,ocr_output/Helena/Helena_Worksheet_Titanic.json
Helena,WS15,DTI_26,titanic_vs2_egitim.DTI_26,Sağ kutu.,True,,ocr_output/Helena/Helena_Worksheet_Titanic.json
Helena,WS15,DTI_27,titanic_vs2_egitim.DTI_27,(128 + 202) / 834,True,,ocr_output/Helena/Helena_Worksheet_Titanic.json
Helena,WS15,DTI_28,titanic_vs2_egitim.DTI_28,128 / (128 + 328),True,,ocr_output/Helena/Helena_Worksheet_Titanic.json
Helena,WS15,DTI_29,titanic_vs2_egitim.DTI_29,202 / (202 + 176),True,,ocr_output/Helena/Helena_Worksheet_Titanic.json
Helena,WS15,DTI_30,titanic_vs2_egitim.DTI_30,128 / (128 + 176),True,,ocr_output/Helena/Helena_Worksheet_Titanic.json
Helena,WS15,DTI_31,titanic_vs2_egitim.DTI_31,(176 + 328) / 834,True,,ocr_output/Helena/Helena_Worksheet_Titanic.json
Helena,WS15,DTI_32,titanic_vs2_test.DTI_32,209. 85'i hayatta.,True,,ocr_output/Helena/Helena_Worksheet_Titanic.json
Helena,WS15,DTI_33,titanic_vs2_test.DTI_33,82. 61'i hayatta,True,,ocr_output/Helena/Helena_Worksheet_Titanic.json
Helena,WS15,DTI_34,titanic_vs2_test.DTI_34,127. 24'ü hayatta.,True,,ocr_output/Helena/Helena_Worksheet_Titanic.json
Helena,WS15,DTI_35,titanic_vs2_test.DTI_35,Sağ kutu,True,,ocr_output/Helena/Helena_Worksheet_Titanic.json
Helena,WS15,DTI_36,titanic_vs2_test.DTI_36,(61 + 103) / 209,True,,ocr_output/Helena/Helena_Worksheet_Titanic.json
Helena,WS15,DTI_37,titanic_vs2_test.DTI_37,61 / (61 + 24),True,,ocr_output/Helena/Helena_Worksheet_Titanic.json
Helena,WS15,DTI_38,titanic_vs2_test.DTI_38,103 / (103 + 21),True,,ocr_output/Helena/Helena_Worksheet_Titanic.json
Helena,WS15,DTI_39,titanic_vs2_test.DTI_39,61 / (61 + 21),True,,ocr_output/Helena/Helena_Worksheet_Titanic.json
Helena,WS15,DTI_40,titanic_vs2_test.DTI_40,(21 + 24) / 209,True,,ocr_output/Helena/Helena_Worksheet_Titanic.json
Helena,WS15,DTI_41,titanic_vs2_interpretation.DTI_41,Eğitim de test seti de iyi tespit edemedi.,True,,ocr_output/Helena/Helena_Worksheet_Titanic.json
Helena,WS15,DTI_42,titanic_vs2_interpretation.DTI_42,Evet. Hem eğitim hem de test verisinde kötü performans sergilemesi modelin bunu gösterir.,True,,ocr_output/Helena/Helena_Worksheet_Titanic.json
Helena,WS15,DTI_43,titanic_vs2_interpretation.DTI_43,Model iyi çalışmıyor.,False,TRAP_NOT_RECOGNIZED,ocr_output/Helena/Helena_Worksheet_Titanic.json
Helena,WS15,DTI_44,titanic_vs2_interpretation.DTI_44,Eğitim setinin test setine göre daha iyi çalıştığını söyleyebilir. Ama ikisi de hatalıdır.,False,TRAP_NOT_RECOGNIZED,ocr_output/Helena/Helena_Worksheet_Titanic.json
Helena,WS15,DTI_45,genel_sorular.DTI_45,Hem eğitim hem de test setinde başarılı olmalı. Metrikler doğru çıkmalı.,True,,ocr_output/Helena/Helena_Worksheet_Titanic.json
Helena,WS15,DTI_46,genel_sorular.DTI_46,Test seti metriği ile karşılaştırmamız lazım çünkü.,True,,ocr_output/Helena/Helena_Worksheet_Titanic.json
Helena,WS15,DTI_47,genel_sorular.DTI_47,Hayır. Diğer metriklere de bakmamız lazım.,True,,ocr_output/Helena/Helena_Worksheet_Titanic.json
Iris,WS1,WS1_B1,WS1_B1,"Etiket, Karakteristik (tavsiye edilemez)",True,,ocr_output/Iris/Iris_Worksheet1.json
Iris,WS1,WS1_B2,WS1_B2,nesne,True,,ocr_output/Iris/Iris_Worksheet1.json
Iris,WS1,WS1_B3,WS1_B3,özellik,True,,ocr_output/Iris/Iris_Worksheet1.json
Iris,WS1,WS1_B4,WS1_B4,değişken,False,feature_term_instead_of_value_term,ocr_output/Iris/Iris_Worksheet1.json
Iris,WS1,WS1_B5,WS1_B5,etiket,False,wrong_term: 'etiket',ocr_output/Iris/Iris_Worksheet1.json
Iris,WS1,WS1_B6,WS1_B6,nesne,True,,ocr_output/Iris/Iris_Worksheet1.json
Iris,WS1,WS1_B7,WS1_B7,değişkenler,True,,ocr_output/Iris/Iris_Worksheet1.json
Iris,WS1,WS1_B8,WS1_B8,7,True,,ocr_output/Iris/Iris_Worksheet1.json
Iris,WS1,WS1_B9,WS1_B9,"Fındıklı gofret 542 kcal enerji içermektedir. Fındıklı gofret 7,6 g protein içermektedir.",,incomplete_feature_list: 2/7,ocr_output/Iris/Iris_Worksheet1.json
Iris,WS1,WS1_B10,WS1_B10,fındıklı gofret,True,,ocr_output/Iris/Iris_Worksheet1.json
Iris,WS1,WS1_B11,WS1_B11,etiket,True,,ocr_output/Iris/Iris_Worksheet1.json
Iris,WS3,WS3_B1,WS3_B1,tavsiye edilemez,True,,ocr_output/Iris/Iris_Worksheet3.json
Iris,WS3,WS3_B2,WS3_B2,"23,0 g > 8,0 g",True,,ocr_output/Iris/Iris_Worksheet3.json
Iris,WS3,WS3_B3,WS3_B3,tavsiye edilebilir,True,,ocr_output/Iris/Iris_Worksheet3.json
Iris,WS3,WS3_B4,WS3_B4,"0,2 g < 8,0 g",True,,ocr_output/Iris/Iris_Worksheet3.json
Iris,WS3,WS3_B5,WS3_B5,tavsiye edilemez,True,,ocr_output/Iris/Iris_Worksheet3.json
Iris,WS3,WS3_B6,WS3_B6,"24,0 g > 8,0 g",,,ocr_output/Iris/Iris_Worksheet3.json
Iris,WS3,WS3_B7,WS3_B7,< 100,True,,ocr_output/Iris/Iris_Worksheet3.json
Iris,WS3,WS3_B8,WS3_B8,> 100,True,,ocr_output/Iris/Iris_Worksheet3.json
Iris,WS4,WS4_B1,WS4_B1.threshold_value_raw,arrow pointing between avokado and patates kızartması,True,,ocr_output/Iris/Iris_Worksheet4.json
Iris,WS4,WS4_B1,WS4_B1.threshold_value_parsed,13.5,True,,ocr_output/Iris/Iris_Worksheet4.json
Iris,WS4,WS4_B1,WS4_B1.placement_description,"A vertical line is drawn between the avokado (13g) card and the patates kızartması (14g) card, with an arrow pointing to this line.",True,,ocr_output/Iris/Iris_Worksheet4.json
Iris,WS4,WS4_B2,WS4_B2.detection_method,text,True,,ocr_output/Iris/Iris_Worksheet4.json
Iris,WS4,WS4_B2,WS4_B2.circled_cards,[],True,,ocr_output/Iris/Iris_Worksheet4.json
Iris,WS4,WS4_B2,WS4_B2.written_foods,"kraker, yulaf, avokado, jelibon",True,,ocr_output/Iris/Iris_Worksheet4.json
Iris,WS4,WS4_B2,WS4_B2.foods_parsed,"kraker, yulaf, avokado, jelibon",True,,ocr_output/Iris/Iris_Worksheet4.json
Iris,WS4,WS4_B3,WS4_B3.response_raw,(no separate written explanation beyond the arrow/line placement),False,missing_error_reduction_rationale,ocr_output/Iris/Iris_Worksheet4.json
Iris,WS4,WS4_B4,WS4_B4.agrees_with_pia,True,False,missing_equal_fat_explanation,ocr_output/Iris/Iris_Worksheet4.json
Iris,WS4,WS4_B4,WS4_B4.response_raw,"Evet, haklı | ahududu ve avokado arası",False,missing_equal_fat_explanation,ocr_output/Iris/Iris_Worksheet4.json
Iris,WS4,WS4_B5,WS4_B5.threshold_value_raw,200,True,,ocr_output/Iris/Iris_Worksheet4.json
Iris,WS4,WS4_B5,WS4_B5.threshold_value_parsed,200.0,True,,ocr_output/Iris/Iris_Worksheet4.json
Iris,WS5,trials[1],trials[1].trial_id,1,,,ocr_output/Iris/Iris_Worksheet5.json
Iris,WS5,trials[1],trials[1].parsed_feature,Protein,,,ocr_output/Iris/Iris_Worksheet5.json
Iris,WS5,trials[1],trials[1].left_operator,<,,,ocr_output/Iris/Iris_Worksheet5.json
Iris,WS5,trials[1],trials[1].left_threshold,2.0,,,ocr_output/Iris/Iris_Worksheet5.json
Iris,WS5,trials[1],trials[1].left_leaf_recommended,4,,,ocr_output/Iris/Iris_Worksheet5.json
Iris,WS5,trials[1],trials[1].left_leaf_not_recommended,1,,,ocr_output/Iris/Iris_Worksheet5.json
Iris,WS5,trials[1],trials[1].right_operator,>,,,ocr_output/Iris/Iris_Worksheet5.json
Iris,WS5,trials[1],trials[1].right_threshold,2.0,,,ocr_output/Iris/Iris_Worksheet5.json
Iris,WS5,trials[1],trials[1].right_leaf_recommended,2,,,ocr_output/Iris/Iris_Worksheet5.json
Iris,WS5,trials[1],trials[1].right_leaf_not_recommended,4,,,ocr_output/Iris/Iris_Worksheet5.json
Iris,WS5,trials[1],trials[1].student_error_count,3,,,ocr_output/Iris/Iris_Worksheet5.json
Iris,WS5,trials[1],trials[1].student_mcr,,,,ocr_output/Iris/Iris_Worksheet5.json
Iris,WS5,trials[2],trials[2].trial_id,2,,,ocr_output/Iris/Iris_Worksheet5.json
Iris,WS5,trials[2],trials[2].parsed_feature,Şeker,,,ocr_output/Iris/Iris_Worksheet5.json
Iris,WS5,trials[2],trials[2].left_operator,<,,,ocr_output/Iris/Iris_Worksheet5.json
Iris,WS5,trials[2],trials[2].left_threshold,30.0,,,ocr_output/Iris/Iris_Worksheet5.json
Iris,WS5,trials[2],trials[2].left_leaf_recommended,6,,,ocr_output/Iris/Iris_Worksheet5.json
Iris,WS5,trials[2],trials[2].left_leaf_not_recommended,2,,,ocr_output/Iris/Iris_Worksheet5.json
Iris,WS5,trials[2],trials[2].right_operator,>,,,ocr_output/Iris/Iris_Worksheet5.json
Iris,WS5,trials[2],trials[2].right_threshold,30.0,,,ocr_output/Iris/Iris_Worksheet5.json
Iris,WS5,trials[2],trials[2].right_leaf_recommended,0,,,ocr_output/Iris/Iris_Worksheet5.json
Iris,WS5,trials[2],trials[2].right_leaf_not_recommended,3,,,ocr_output/Iris/Iris_Worksheet5.json
Iris,WS5,trials[2],trials[2].student_error_count,2,,,ocr_output/Iris/Iris_Worksheet5.json
Iris,WS5,trials[2],trials[2].student_mcr,,,,ocr_output/Iris/Iris_Worksheet5.json
Iris,WS5,trials[3],trials[3].trial_id,3,,,ocr_output/Iris/Iris_Worksheet5.json
Iris,WS5,trials[3],trials[3].parsed_feature,Tuz,,,ocr_output/Iris/Iris_Worksheet5.json
Iris,WS5,trials[3],trials[3].left_operator,<,,,ocr_output/Iris/Iris_Worksheet5.json
Iris,WS5,trials[3],trials[3].left_threshold,0.2,,,ocr_output/Iris/Iris_Worksheet5.json
Iris,WS5,trials[3],trials[3].left_leaf_recommended,4,,,ocr_output/Iris/Iris_Worksheet5.json
Iris,WS5,trials[3],trials[3].left_leaf_not_recommended,2,,,ocr_output/Iris/Iris_Worksheet5.json
Iris,WS5,trials[3],trials[3].right_operator,>,,,ocr_output/Iris/Iris_Worksheet5.json
Iris,WS5,trials[3],trials[3].right_threshold,0.2,,,ocr_output/Iris/Iris_Worksheet5.json
Iris,WS5,trials[3],trials[3].right_leaf_recommended,2,,,ocr_output/Iris/Iris_Worksheet5.json
Iris,WS5,trials[3],trials[3].right_leaf_not_recommended,3,,,ocr_output/Iris/Iris_Worksheet5.json
Iris,WS5,trials[3],trials[3].student_error_count,4,,,ocr_output/Iris/Iris_Worksheet5.json
Iris,WS5,trials[3],trials[3].student_mcr,,,,ocr_output/Iris/Iris_Worksheet5.json
Iris,WS5,final_decision_raw,final_decision_raw,Şeker değişkeni için hangi eşik değerini seçiyorsunuz? Not alın:,,,ocr_output/Iris/Iris_Worksheet5.json
Iris,WS6,tree_structure,tree_structure.depth_0.parsed_feature,Protein,,,ocr_output/Iris/Iris_Worksheet6.json
Iris,WS6,tree_structure,tree_structure.depth_0.left_operator,≤,,,ocr_output/Iris/Iris_Worksheet6.json
Iris,WS6,tree_structure,tree_structure.depth_0.left_threshold_value,2.0,,,ocr_output/Iris/Iris_Worksheet6.json
Iris,WS6,tree_structure,tree_structure.depth_0.right_operator,>,,,ocr_output/Iris/Iris_Worksheet6.json
Iris,WS6,tree_structure,tree_structure.depth_0.right_threshold_value,2.0,,,ocr_output/Iris/Iris_Worksheet6.json
Iris,WS6,tree_structure,tree_structure.depth_1.left_child.parsed_feature,Enerji,,,ocr_output/Iris/Iris_Worksheet6.json
Iris,WS6,tree_structure,tree_structure.depth_1.left_child.node_recommended_count,,,,ocr_output/Iris/Iris_Worksheet6.json
Iris,WS6,tree_structure,tree_structure.depth_1.left_child.node_not_recommended_count,,,,ocr_output/Iris/Iris_Worksheet6.json
Iris,WS6,tree_structure,tree_structure.depth_1.left_child.left_operator,≤,,,ocr_output/Iris/Iris_Worksheet6.json
Iris,WS6,tree_structure,tree_structure.depth_1.left_child.left_threshold_value,200.0,,,ocr_output/Iris/Iris_Worksheet6.json
Iris,WS6,tree_structure,tree_structure.depth_1.left_child.right_operator,>,,,ocr_output/Iris/Iris_Worksheet6.json
Iris,WS6,tree_structure,tree_structure.depth_1.left_child.right_threshold_value,200.0,,,ocr_output/Iris/Iris_Worksheet6.json
Iris,WS6,tree_structure,tree_structure.depth_1.right_child.parsed_feature,Yağ,,,ocr_output/Iris/Iris_Worksheet6.json
Iris,WS6,tree_structure,tree_structure.depth_1.right_child.node_recommended_count,,,,ocr_output/Iris/Iris_Worksheet6.json
Iris,WS6,tree_structure,tree_structure.depth_1.right_child.node_not_recommended_count,,,,ocr_output/Iris/Iris_Worksheet6.json
Iris,WS6,tree_structure,tree_structure.depth_1.right_child.left_operator,≤,,,ocr_output/Iris/Iris_Worksheet6.json
Iris,WS6,tree_structure,tree_structure.depth_1.right_child.left_threshold_value,10.5,,,ocr_output/Iris/Iris_Worksheet6.json
Iris,WS6,tree_structure,tree_structure.depth_1.right_child.right_operator,>,,,ocr_output/Iris/Iris_Worksheet6.json
Iris,WS6,tree_structure,tree_structure.depth_1.right_child.right_threshold_value,10.5,,,ocr_output/Iris/Iris_Worksheet6.json
Iris,WS6,tree_structure,tree_structure.depth_2.leaf_nodes.left_left_leaf.leaf_label,tavsiye edilir,,,ocr_output/Iris/Iris_Worksheet6.json
Iris,WS6,tree_structure,tree_structure.depth_2.leaf_nodes.left_left_leaf.leaf_recommended_count,,,,ocr_output/Iris/Iris_Worksheet6.json
Iris,WS6,tree_structure,tree_structure.depth_2.leaf_nodes.left_left_leaf.leaf_not_recommended_count,,,,ocr_output/Iris/Iris_Worksheet6.json
Iris,WS6,tree_structure,tree_structure.depth_2.leaf_nodes.left_right_leaf.leaf_label,tavsiye edilemez,,,ocr_output/Iris/Iris_Worksheet6.json
Iris,WS6,tree_structure,tree_structure.depth_2.leaf_nodes.left_right_leaf.leaf_recommended_count,,,,ocr_output/Iris/Iris_Worksheet6.json
Iris,WS6,tree_structure,tree_structure.depth_2.leaf_nodes.left_right_leaf.leaf_not_recommended_count,,,,ocr_output/Iris/Iris_Worksheet6.json
Iris,WS6,tree_structure,tree_structure.depth_2.leaf_nodes.right_left_leaf.leaf_label,tavsiye edilebilir,,,ocr_output/Iris/Iris_Worksheet6.json
Iris,WS6,tree_structure,tree_structure.depth_2.leaf_nodes.right_left_leaf.leaf_recommended_count,,,,ocr_output/Iris/Iris_Worksheet6.json
Iris,WS6,tree_structure,tree_structure.depth_2.leaf_nodes.right_left_leaf.leaf_not_recommended_count,,,,ocr_output/Iris/Iris_Worksheet6.json
Iris,WS6,tree_structure,tree_structure.depth_2.leaf_nodes.right_right_leaf.leaf_label,tavsiye edilemez,,,ocr_output/Iris/Iris_Worksheet6.json
Iris,WS6,tree_structure,tree_structure.depth_2.leaf_nodes.right_right_leaf.leaf_recommended_count,,,,ocr_output/Iris/Iris_Worksheet6.json
Iris,WS6,tree_structure,tree_structure.depth_2.leaf_nodes.right_right_leaf.leaf_not_recommended_count,,,,ocr_output/Iris/Iris_Worksheet6.json
Iris,WS7,tree_structure,tree_structure.depth_0.left_operator,≤,,,ocr_output/Iris/Iris_Worksheet7.json
Iris,WS7,tree_structure,tree_structure.depth_0.left_threshold_value,180.0,,,ocr_output/Iris/Iris_Worksheet7.json
Iris,WS7,tree_structure,tree_structure.depth_0.right_operator,>,,,ocr_output/Iris/Iris_Worksheet7.json
Iris,WS7,tree_structure,tree_structure.depth_0.right_threshold_value,180.0,,,ocr_output/Iris/Iris_Worksheet7.json
Iris,WS7,tree_structure,tree_structure.depth_1.left_child.path_label,A,,,ocr_output/Iris/Iris_Worksheet7.json
Iris,WS7,tree_structure,tree_structure.depth_1.left_child.node_recommended_count,,,,ocr_output/Iris/Iris_Worksheet7.json
Iris,WS7,tree_structure,tree_structure.depth_1.left_child.node_not_recommended_count,,,,ocr_output/Iris/Iris_Worksheet7.json
Iris,WS7,tree_structure,tree_structure.depth_1.right_child.parsed_feature,Protein,,,ocr_output/Iris/Iris_Worksheet7.json
Iris,WS7,tree_structure,tree_structure.depth_1.right_child.node_recommended_count,,,,ocr_output/Iris/Iris_Worksheet7.json
Iris,WS7,tree_structure,tree_structure.depth_1.right_child.node_not_recommended_count,,,,ocr_output/Iris/Iris_Worksheet7.json
Iris,WS7,tree_structure,tree_structure.depth_1.right_child.left_operator,≤,,,ocr_output/Iris/Iris_Worksheet7.json
Iris,WS7,tree_structure,tree_structure.depth_1.right_child.left_threshold_value,11.0,,,ocr_output/Iris/Iris_Worksheet7.json
Iris,WS7,tree_structure,tree_structure.depth_1.right_child.right_operator,>,,,ocr_output/Iris/Iris_Worksheet7.json
Iris,WS7,tree_structure,tree_structure.depth_1.right_child.right_threshold_value,11.0,,,ocr_output/Iris/Iris_Worksheet7.json
Iris,WS7,tree_structure,tree_structure.depth_2.leaf_nodes.right_left_leaf.path_label,B,,,ocr_output/Iris/Iris_Worksheet7.json
Iris,WS7,tree_structure,tree_structure.depth_2.leaf_nodes.right_left_leaf.leaf_recommended_count,,,,ocr_output/Iris/Iris_Worksheet7.json
Iris,WS7,tree_structure,tree_structure.depth_2.leaf_nodes.right_left_leaf.leaf_not_recommended_count,,,,ocr_output/Iris/Iris_Worksheet7.json
Iris,WS7,tree_structure,tree_structure.depth_2.leaf_nodes.right_right_leaf.path_label,C,,,ocr_output/Iris/Iris_Worksheet7.json
Iris,WS7,tree_structure,tree_structure.depth_2.leaf_nodes.right_right_leaf.leaf_recommended_count,,,,ocr_output/Iris/Iris_Worksheet7.json
Iris,WS7,tree_structure,tree_structure.depth_2.leaf_nodes.right_right_leaf.leaf_not_recommended_count,,,,ocr_output/Iris/Iris_Worksheet7.json
Iris,WS7,rule_matching,rule_matching.rule_1_box,,,,ocr_output/Iris/Iris_Worksheet7.json
Iris,WS7,rule_matching,rule_matching.rule_2_box,,,,ocr_output/Iris/Iris_Worksheet7.json
Iris,WS7,rule_matching,rule_matching.rule_3_box,,,,ocr_output/Iris/Iris_Worksheet7.json
Iris,WS10,WS10_B1,threshold_error_table.WS10_B1.error_count_parsed,4,True,,ocr_output/Iris/Iris_Worksheet10.json
Iris,WS10,WS10_B2,threshold_error_table.WS10_B2.error_count_parsed,3,True,,ocr_output/Iris/Iris_Worksheet10.json
Iris,WS10,WS10_B3,threshold_error_table.WS10_B3.error_count_parsed,2,True,,ocr_output/Iris/Iris_Worksheet10.json
Iris,WS10,WS10_B4,threshold_error_table.WS10_B4.error_count_parsed,3,True,,ocr_output/Iris/Iris_Worksheet10.json
Iris,WS10,WS10_B5,threshold_error_table.WS10_B5.error_count_parsed,2,True,,ocr_output/Iris/Iris_Worksheet10.json
Iris,WS10,WS10_B6,threshold_error_table.WS10_B6.error_count_parsed,1,True,,ocr_output/Iris/Iris_Worksheet10.json
Iris,WS10,WS10_B7,threshold_error_table.WS10_B7.error_count_parsed,2,True,,ocr_output/Iris/Iris_Worksheet10.json
Iris,WS10,optimal_threshold,optimal_threshold.value_parsed,408.0,,,ocr_output/Iris/Iris_Worksheet10.json
Iris,WS14,DTI_01,DTI_01,37 vaka içermektedir. Bu vakaların %56'sı hastadır.,True,,ocr_output/Iris/Iris_Worksheet_Xeno.json
Iris,WS14,DTI_02,DTI_02,Bunların 16'sı mavi saçlıdır. Bu vakaların hiç biri hasta değildir.,True,,ocr_output/Iris/Iris_Worksheet_Xeno.json
Iris,WS14,DTI_03,DTI_03,Pembe saçlı kutuda 21 vaka bulunmaktadır. Bu vakaların hepsi hastadır.,True,,ocr_output/Iris/Iris_Worksheet_Xeno.json
Iris,WS14,DTI_04,DTI_04,pink hair kutusu [corrected: negatif → pozitif]. Hair ölçütünü kullandım.,True,,ocr_output/Iris/Iris_Worksheet_Xeno.json
Iris,WS14,DTI_05,DTI_05,Pembe saçlı kutuda 21 vaka vardır.,True,,ocr_output/Iris/Iris_Worksheet_Xeno.json
Iris,WS14,DTI_06,DTI_06,Evet. Hatasız ayırdı.,True,,ocr_output/Iris/Iris_Worksheet_Xeno.json
Iris,WS14,DTI_07,DTI_07,%100 doğru çıkardı,True,,ocr_output/Iris/Iris_Worksheet_Xeno.json
Iris,WS14,DTI_08,DTI_08,FN çünkü hasta olana müdahale edilmeli.,True,,ocr_output/Iris/Iris_Worksheet_Xeno.json
Iris,WS14,DTI_09,DTI_09,Hata payı oluşmadı,True,,ocr_output/Iris/Iris_Worksheet_Xeno.json
Iris,WS14,DTI_10,DTI_10,21,True,,ocr_output/Iris/Iris_Worksheet_Xeno.json
Iris,WS14,DTI_11,DTI_11,doğru karar,True,,ocr_output/Iris/Iris_Worksheet_Xeno.json
Iris,WS14,DTI_12,DTI_12,16,True,,ocr_output/Iris/Iris_Worksheet_Xeno.json
Iris,WS14,DTI_13,DTI_13,doğru karar,True,,ocr_output/Iris/Iris_Worksheet_Xeno.json
Iris,WS14,DTI_14,DTI_14,0,True,,ocr_output/Iris/Iris_Worksheet_Xeno.json
Iris,WS14,DTI_15,DTI_15,Hasta dedi ama sağlıklı,True,,ocr_output/Iris/Iris_Worksheet_Xeno.json
Iris,WS14,DTI_16,DTI_16,0,True,,ocr_output/Iris/Iris_Worksheet_Xeno.json
Iris,WS14,DTI_17,DTI_17,sağlıklı dedi ama hasta,True,,ocr_output/Iris/Iris_Worksheet_Xeno.json
Iris,WS14,DTI_18,DTI_18,37,True,,ocr_output/Iris/Iris_Worksheet_Xeno.json
Iris,WS14,DTI_19,DTI_19,toplam vaka,True,,ocr_output/Iris/Iris_Worksheet_Xeno.json
Iris,WS14,DTI_20,DTI_20,(21+16) / 37,True,,ocr_output/Iris/Iris_Worksheet_Xeno.json
Iris,WS14,DTI_21,DTI_21,doğruluk oranı %100,True,,ocr_output/Iris/Iris_Worksheet_Xeno.json
Iris,WS14,DTI_22,DTI_22,21 / (21+0),True,,ocr_output/Iris/Iris_Worksheet_Xeno.json
Iris,WS14,DTI_23,DTI_23,doğruluk oranı %100,True,,ocr_output/Iris/Iris_Worksheet_Xeno.json
Iris,WS14,DTI_24,DTI_24,16 / (16+0),True,,ocr_output/Iris/Iris_Worksheet_Xeno.json
Iris,WS14,DTI_25,DTI_25,//  //  //,True,,ocr_output/Iris/Iris_Worksheet_Xeno.json
Iris,WS14,DTI_26,DTI_26,21 / (21+0),True,,ocr_output/Iris/Iris_Worksheet_Xeno.json
Iris,WS14,DTI_27,DTI_27,//  //  //,True,,ocr_output/Iris/Iris_Worksheet_Xeno.json
Iris,WS14,DTI_28,DTI_28,"Hepsini kullanabilirim hepsinin doğruluk değeri ""1"".",True,,ocr_output/Iris/Iris_Worksheet_Xeno.json
Iris,WS14,DTI_29,DTI_29,"(TP + FP) + TN / N = 21, 16 / 37",True,,ocr_output/Iris/Iris_Worksheet_Xeno.json
Iris,WS14,DTI_30,DTI_30,doğruluğu,True,,ocr_output/Iris/Iris_Worksheet_Xeno.json
Iris,WS14,DTI_31,DTI_31,Kesin sonuç istendiğinde,True,,ocr_output/Iris/Iris_Worksheet_Xeno.json
Iris,WS14,DTI_32,DTI_32,(bos),False,BLANK,ocr_output/Iris/Iris_Worksheet_Xeno.json
Iris,WS14,DTI_33,DTI_33,(bos),False,BLANK,ocr_output/Iris/Iris_Worksheet_Xeno.json
Iris,WS15,DTI_01,titanic_vs1_egitim.DTI_01,812,True,,ocr_output/Iris/Iris_Worksheet_Titanic.json
Iris,WS15,DTI_02,titanic_vs1_egitim.DTI_02,290,True,,ocr_output/Iris/Iris_Worksheet_Titanic.json
Iris,WS15,DTI_03,titanic_vs1_egitim.DTI_03,"522, hiç biri",True,,ocr_output/Iris/Iris_Worksheet_Titanic.json
Iris,WS15,DTI_04,titanic_vs1_egitim.DTI_04,female,True,,ocr_output/Iris/Iris_Worksheet_Titanic.json
Iris,WS15,DTI_05,titanic_vs1_egitim.DTI_05,290 + 522 / 812,True,,ocr_output/Iris/Iris_Worksheet_Titanic.json
Iris,WS15,DTI_06,titanic_vs1_egitim.DTI_06,290 / 290 + 0,True,,ocr_output/Iris/Iris_Worksheet_Titanic.json
Iris,WS15,DTI_07,titanic_vs1_egitim.DTI_07,522 / 522 + 0,True,,ocr_output/Iris/Iris_Worksheet_Titanic.json
Iris,WS15,DTI_08,titanic_vs1_egitim.DTI_08,290 / 290 + 0,True,,ocr_output/Iris/Iris_Worksheet_Titanic.json
Iris,WS15,DTI_09,titanic_vs1_egitim.DTI_09,0 + 0 / 522,True,,ocr_output/Iris/Iris_Worksheet_Titanic.json
Iris,WS15,DTI_10,titanic_vs1_test.DTI_10,231,True,,ocr_output/Iris/Iris_Worksheet_Titanic.json
Iris,WS15,DTI_11,titanic_vs1_test.DTI_11,"96, [okunamiyor]",True,,ocr_output/Iris/Iris_Worksheet_Titanic.json
Iris,WS15,DTI_12,titanic_vs1_test.DTI_12,"135, [okunamiyor]",True,,ocr_output/Iris/Iris_Worksheet_Titanic.json
Iris,WS15,DTI_13,titanic_vs1_test.DTI_13,female,True,,ocr_output/Iris/Iris_Worksheet_Titanic.json
Iris,WS15,DTI_14,titanic_vs1_test.DTI_14,0 + 0 / 231,False,NUMERIC_TOLERANCE,ocr_output/Iris/Iris_Worksheet_Titanic.json
Iris,WS15,DTI_15,titanic_vs1_test.DTI_15,0 / 0 + 135,False,NUMERIC_TOLERANCE,ocr_output/Iris/Iris_Worksheet_Titanic.json
Iris,WS15,DTI_16,titanic_vs1_test.DTI_16,0 / 0 + 96,False,NUMERIC_TOLERANCE,ocr_output/Iris/Iris_Worksheet_Titanic.json
Iris,WS15,DTI_17,titanic_vs1_test.DTI_17,0 / 0 + 96,False,NUMERIC_TOLERANCE,ocr_output/Iris/Iris_Worksheet_Titanic.json
Iris,WS15,DTI_18,titanic_vs1_test.DTI_18,96 + 135 / 231,False,NUMERIC_TOLERANCE,ocr_output/Iris/Iris_Worksheet_Titanic.json
Iris,WS15,DTI_19,titanic_vs1_interpretation.DTI_19,"Var, test veri seti hatalı çıkıyor.",True,,ocr_output/Iris/Iris_Worksheet_Titanic.json
Iris,WS15,DTI_20,titanic_vs1_interpretation.DTI_20,Eğitim setini ezberlediği için yeni veride başarılı olamadı.,True,,ocr_output/Iris/Iris_Worksheet_Titanic.json
Iris,WS15,DTI_21,titanic_vs1_interpretation.DTI_21,Model sadece cinsiyet değişkenine bakarak karar verdiği için hata yaptı.,True,,ocr_output/Iris/Iris_Worksheet_Titanic.json
Iris,WS15,DTI_22,titanic_vs1_interpretation.DTI_22,Aşırı öğrenme yaptığı için bu oran artıyor.,True,,ocr_output/Iris/Iris_Worksheet_Titanic.json
Iris,WS15,DTI_23,titanic_vs2_egitim.DTI_23,834,True,,ocr_output/Iris/Iris_Worksheet_Titanic.json
Iris,WS15,DTI_24,titanic_vs2_egitim.DTI_24,"530, 128 hayatta",True,,ocr_output/Iris/Iris_Worksheet_Titanic.json
Iris,WS15,DTI_25,titanic_vs2_egitim.DTI_25,"304, 202 hayatta",True,,ocr_output/Iris/Iris_Worksheet_Titanic.json
Iris,WS15,DTI_26,titanic_vs2_egitim.DTI_26,female,True,,ocr_output/Iris/Iris_Worksheet_Titanic.json
Iris,WS15,DTI_27,titanic_vs2_egitim.DTI_27,128 + 202 / 834,True,,ocr_output/Iris/Iris_Worksheet_Titanic.json
Iris,WS15,DTI_28,titanic_vs2_egitim.DTI_28,128 / 128 + 328,True,,ocr_output/Iris/Iris_Worksheet_Titanic.json
Iris,WS15,DTI_29,titanic_vs2_egitim.DTI_29,202 / 202 + 176,True,,ocr_output/Iris/Iris_Worksheet_Titanic.json
Iris,WS15,DTI_30,titanic_vs2_egitim.DTI_30,128 / 128 + 176,True,,ocr_output/Iris/Iris_Worksheet_Titanic.json
Iris,WS15,DTI_31,titanic_vs2_egitim.DTI_31,176 + 328 / 834,True,,ocr_output/Iris/Iris_Worksheet_Titanic.json
Iris,WS15,DTI_32,titanic_vs2_test.DTI_32,"209, [okunamiyor] kişi",True,,ocr_output/Iris/Iris_Worksheet_Titanic.json
Iris,WS15,DTI_33,titanic_vs2_test.DTI_33,"82, 61 hayatta",True,,ocr_output/Iris/Iris_Worksheet_Titanic.json
Iris,WS15,DTI_34,titanic_vs2_test.DTI_34,"127, 103'ü hayatta",True,,ocr_output/Iris/Iris_Worksheet_Titanic.json
Iris,WS15,DTI_35,titanic_vs2_test.DTI_35,female,True,,ocr_output/Iris/Iris_Worksheet_Titanic.json
Iris,WS15,DTI_36,titanic_vs2_test.DTI_36,21 + 24 / 209,False,NUMERIC_TOLERANCE,ocr_output/Iris/Iris_Worksheet_Titanic.json
Iris,WS15,DTI_37,titanic_vs2_test.DTI_37,21 / 21 + 103,False,NUMERIC_TOLERANCE,ocr_output/Iris/Iris_Worksheet_Titanic.json
Iris,WS15,DTI_38,titanic_vs2_test.DTI_38,24 / 24 + 21,False,NUMERIC_TOLERANCE,ocr_output/Iris/Iris_Worksheet_Titanic.json
Iris,WS15,DTI_39,titanic_vs2_test.DTI_39,61 / 61 + 21,True,,ocr_output/Iris/Iris_Worksheet_Titanic.json
Iris,WS15,DTI_40,titanic_vs2_test.DTI_40,21 + 24 / 209,True,,ocr_output/Iris/Iris_Worksheet_Titanic.json
Iris,WS15,DTI_41,titanic_vs2_interpretation.DTI_41,"Var, test seti daha dengeli",True,,ocr_output/Iris/Iris_Worksheet_Titanic.json
Iris,WS15,DTI_42,titanic_vs2_interpretation.DTI_42,İki testte de yetersiz.,True,,ocr_output/Iris/Iris_Worksheet_Titanic.json
Iris,WS15,DTI_43,titanic_vs2_interpretation.DTI_43,Modelin performansı kötü,False,TRAP_NOT_RECOGNIZED,ocr_output/Iris/Iris_Worksheet_Titanic.json
Iris,WS15,DTI_44,titanic_vs2_interpretation.DTI_44,Modelin performansı ne iyi ne kötü,False,TRAP_NOT_RECOGNIZED,ocr_output/Iris/Iris_Worksheet_Titanic.json
Iris,WS15,DTI_45,genel_sorular.DTI_45,(bos),False,BLANK,ocr_output/Iris/Iris_Worksheet_Titanic.json
Iris,WS15,DTI_46,genel_sorular.DTI_46,(bos),False,BLANK,ocr_output/Iris/Iris_Worksheet_Titanic.json
Iris,WS15,DTI_47,genel_sorular.DTI_47,(bos),False,BLANK,ocr_output/Iris/Iris_Worksheet_Titanic.json
Irma,WS1,WS1_B1,WS1_B1,Etiket,True,,ocr_output/Irma/Irma_Worksheet1.json
Irma,WS1,WS1_B2,WS1_B2,Nesne - Özellik,True,,ocr_output/Irma/Irma_Worksheet1.json
Irma,WS1,WS1_B3,WS1_B3,Değişken,True,,ocr_output/Irma/Irma_Worksheet1.json
Irma,WS1,WS1_B4,WS1_B4,Özellik,False,feature_term_instead_of_value_term,ocr_output/Irma/Irma_Worksheet1.json
Irma,WS1,WS1_B5,WS1_B5,Nesne,True,,ocr_output/Irma/Irma_Worksheet1.json
Irma,WS1,WS1_B6,WS1_B6,Nesne,True,,ocr_output/Irma/Irma_Worksheet1.json
Irma,WS1,WS1_B7,WS1_B7,değişkenler,True,,ocr_output/Irma/Irma_Worksheet1.json
Irma,WS1,WS1_B8,WS1_B8,Karakteristik,False,wrote_term_instead_of_count,ocr_output/Irma/Irma_Worksheet1.json
Irma,WS1,WS1_B9,WS1_B9,"Doymuş yağ, Karbonhidrat, Şeker, Protein, Tuz",True,,ocr_output/Irma/Irma_Worksheet1.json
Irma,WS1,WS1_B10,WS1_B10,Fındıklı Gofret,True,,ocr_output/Irma/Irma_Worksheet1.json
Irma,WS1,WS1_B11,WS1_B11,etiket,True,,ocr_output/Irma/Irma_Worksheet1.json
Irma,WS3,WS3_B1,WS3_B1,tavsiye edilmez,True,,ocr_output/Irma/Irma_Worksheet3.json
Irma,WS3,WS3_B2,WS3_B2,yağ miktarı yüksek,False,,ocr_output/Irma/Irma_Worksheet3.json
Irma,WS3,WS3_B3,WS3_B3,tavsiye edilebilir,True,,ocr_output/Irma/Irma_Worksheet3.json
Irma,WS3,WS3_B4,WS3_B4,yağ miktarı az,False,,ocr_output/Irma/Irma_Worksheet3.json
Irma,WS3,WS3_B5,WS3_B5,tavsiye edilmez,True,,ocr_output/Irma/Irma_Worksheet3.json
Irma,WS3,WS3_B6,WS3_B6,yağ miktarı yüksek,False,,ocr_output/Irma/Irma_Worksheet3.json
Irma,WS3,WS3_B7,WS3_B7,<=150,True,,ocr_output/Irma/Irma_Worksheet3.json
Irma,WS3,WS3_B8,WS3_B8,>150,True,,ocr_output/Irma/Irma_Worksheet3.json
Irma,WS4,WS4_B1,WS4_B1.threshold_value_raw,not specified numerically,True,,ocr_output/Irma/Irma_Worksheet4.json
Irma,WS4,WS4_B1,WS4_B1.threshold_value_parsed,,True,,ocr_output/Irma/Irma_Worksheet4.json
Irma,WS4,WS4_B1,WS4_B1.placement_description,"A thick vertical line/arrow is drawn between the avokado card and the patates kızartması card, consistent with placing the threshold around 13-14g fat.",True,,ocr_output/Irma/Irma_Worksheet4.json
Irma,WS4,WS4_B2,WS4_B2.detection_method,both,True,,ocr_output/Irma/Irma_Worksheet4.json
Irma,WS4,WS4_B2,WS4_B2.circled_cards,"jelibon, kraker, yulaf, avokado",True,,ocr_output/Irma/Irma_Worksheet4.json
Irma,WS4,WS4_B2,WS4_B2.written_foods,"jelibon, kraker, yulaf, avokado",True,,ocr_output/Irma/Irma_Worksheet4.json
Irma,WS4,WS4_B2,WS4_B2.foods_parsed,"jelibon, kraker, yulaf, avokado",True,,ocr_output/Irma/Irma_Worksheet4.json
Irma,WS4,WS4_B3,WS4_B3.response_raw,yağ eşik miktarını artırabiliriz,False,missing_error_reduction_rationale,ocr_output/Irma/Irma_Worksheet4.json
Irma,WS4,WS4_B4,WS4_B4.agrees_with_pia,True,False,missing_equal_fat_explanation,ocr_output/Irma/Irma_Worksheet4.json
Irma,WS4,WS4_B4,WS4_B4.response_raw,"Evet, Pia haklı.",False,missing_equal_fat_explanation,ocr_output/Irma/Irma_Worksheet4.json
Irma,WS4,WS4_B5,WS4_B5.threshold_value_raw,"Evet, daha iyi yer bulunabilir",False,missing_numeric_threshold_value,ocr_output/Irma/Irma_Worksheet4.json
Irma,WS4,WS4_B5,WS4_B5.threshold_value_parsed,,False,missing_numeric_threshold_value,ocr_output/Irma/Irma_Worksheet4.json
Irma,WS5,trials[1],trials[1].trial_id,1,,,ocr_output/Irma/Irma_Worksheet5.json
Irma,WS5,trials[1],trials[1].parsed_feature,karbonhidrat,,,ocr_output/Irma/Irma_Worksheet5.json
Irma,WS5,trials[1],trials[1].left_operator,<=,,,ocr_output/Irma/Irma_Worksheet5.json
Irma,WS5,trials[1],trials[1].left_threshold,35.5,,,ocr_output/Irma/Irma_Worksheet5.json
Irma,WS5,trials[1],trials[1].left_leaf_recommended,4,,,ocr_output/Irma/Irma_Worksheet5.json
Irma,WS5,trials[1],trials[1].left_leaf_not_recommended,0,,,ocr_output/Irma/Irma_Worksheet5.json
Irma,WS5,trials[1],trials[1].right_operator,>=,,,ocr_output/Irma/Irma_Worksheet5.json
Irma,WS5,trials[1],trials[1].right_threshold,35.5,,,ocr_output/Irma/Irma_Worksheet5.json
Irma,WS5,trials[1],trials[1].right_leaf_recommended,5,,,ocr_output/Irma/Irma_Worksheet5.json
Irma,WS5,trials[1],trials[1].right_leaf_not_recommended,2,,,ocr_output/Irma/Irma_Worksheet5.json
Irma,WS5,trials[1],trials[1].student_error_count,2,,,ocr_output/Irma/Irma_Worksheet5.json
Irma,WS5,trials[1],trials[1].student_mcr,,,,ocr_output/Irma/Irma_Worksheet5.json
Irma,WS5,trials[2],trials[2].trial_id,2,,,ocr_output/Irma/Irma_Worksheet5.json
Irma,WS5,trials[2],trials[2].parsed_feature,şeker,,,ocr_output/Irma/Irma_Worksheet5.json
Irma,WS5,trials[2],trials[2].left_operator,<=,,,ocr_output/Irma/Irma_Worksheet5.json
Irma,WS5,trials[2],trials[2].left_threshold,30.0,,,ocr_output/Irma/Irma_Worksheet5.json
Irma,WS5,trials[2],trials[2].left_leaf_recommended,6,,,ocr_output/Irma/Irma_Worksheet5.json
Irma,WS5,trials[2],trials[2].left_leaf_not_recommended,1,,,ocr_output/Irma/Irma_Worksheet5.json
Irma,WS5,trials[2],trials[2].right_operator,>=,,,ocr_output/Irma/Irma_Worksheet5.json
Irma,WS5,trials[2],trials[2].right_threshold,30.0,,,ocr_output/Irma/Irma_Worksheet5.json
Irma,WS5,trials[2],trials[2].right_leaf_recommended,4,,,ocr_output/Irma/Irma_Worksheet5.json
Irma,WS5,trials[2],trials[2].right_leaf_not_recommended,0,,,ocr_output/Irma/Irma_Worksheet5.json
Irma,WS5,trials[2],trials[2].student_error_count,1,,,ocr_output/Irma/Irma_Worksheet5.json
Irma,WS5,trials[2],trials[2].student_mcr,,,,ocr_output/Irma/Irma_Worksheet5.json
Irma,WS5,trials[3],trials[3].trial_id,3,,,ocr_output/Irma/Irma_Worksheet5.json
Irma,WS5,trials[3],trials[3].parsed_feature,protein,,,ocr_output/Irma/Irma_Worksheet5.json
Irma,WS5,trials[3],trials[3].left_operator,≤,,,ocr_output/Irma/Irma_Worksheet5.json
Irma,WS5,trials[3],trials[3].left_threshold,3.0,,,ocr_output/Irma/Irma_Worksheet5.json
Irma,WS5,trials[3],trials[3].left_leaf_recommended,4,,,ocr_output/Irma/Irma_Worksheet5.json
Irma,WS5,trials[3],trials[3].left_leaf_not_recommended,1,,,ocr_output/Irma/Irma_Worksheet5.json
Irma,WS5,trials[3],trials[3].right_operator,>=,,,ocr_output/Irma/Irma_Worksheet5.json
Irma,WS5,trials[3],trials[3].right_threshold,3.0,,,ocr_output/Irma/Irma_Worksheet5.json
Irma,WS5,trials[3],trials[3].right_leaf_recommended,2,,,ocr_output/Irma/Irma_Worksheet5.json
Irma,WS5,trials[3],trials[3].right_leaf_not_recommended,4,,,ocr_output/Irma/Irma_Worksheet5.json
Irma,WS5,trials[3],trials[3].student_error_count,3,,,ocr_output/Irma/Irma_Worksheet5.json
Irma,WS5,trials[3],trials[3].student_mcr,,,,ocr_output/Irma/Irma_Worksheet5.json
Irma,WS5,final_decision_raw,final_decision_raw,Şeker değişkeni için hangi eşik değerini seçiyorsunuz? Not alın: [cevap alanı boş bırakılmış],,,ocr_output/Irma/Irma_Worksheet5.json
Irma,WS6,tree_structure,tree_structure.depth_0.parsed_feature,Yağ,,,ocr_output/Irma/Irma_Worksheet6.json
Irma,WS6,tree_structure,tree_structure.depth_0.left_operator,≤,,,ocr_output/Irma/Irma_Worksheet6.json
Irma,WS6,tree_structure,tree_structure.depth_0.left_threshold_value,13.0,,,ocr_output/Irma/Irma_Worksheet6.json
Irma,WS6,tree_structure,tree_structure.depth_0.right_operator,>,,,ocr_output/Irma/Irma_Worksheet6.json
Irma,WS6,tree_structure,tree_structure.depth_0.right_threshold_value,13.0,,,ocr_output/Irma/Irma_Worksheet6.json
Irma,WS6,tree_structure,tree_structure.depth_1.left_child.parsed_feature,Tuz,,,ocr_output/Irma/Irma_Worksheet6.json
Irma,WS6,tree_structure,tree_structure.depth_1.left_child.node_recommended_count,6,,,ocr_output/Irma/Irma_Worksheet6.json
Irma,WS6,tree_structure,tree_structure.depth_1.left_child.node_not_recommended_count,2,,,ocr_output/Irma/Irma_Worksheet6.json
Irma,WS6,tree_structure,tree_structure.depth_1.left_child.left_operator,≤,,,ocr_output/Irma/Irma_Worksheet6.json
Irma,WS6,tree_structure,tree_structure.depth_1.left_child.left_threshold_value,0.3,,,ocr_output/Irma/Irma_Worksheet6.json
Irma,WS6,tree_structure,tree_structure.depth_1.left_child.right_operator,>,,,ocr_output/Irma/Irma_Worksheet6.json
Irma,WS6,tree_structure,tree_structure.depth_1.left_child.right_threshold_value,0.3,,,ocr_output/Irma/Irma_Worksheet6.json
Irma,WS6,tree_structure,tree_structure.depth_1.right_child.parsed_feature,,,,ocr_output/Irma/Irma_Worksheet6.json
Irma,WS6,tree_structure,tree_structure.depth_1.right_child.node_recommended_count,,,,ocr_output/Irma/Irma_Worksheet6.json
Irma,WS6,tree_structure,tree_structure.depth_1.right_child.node_not_recommended_count,,,,ocr_output/Irma/Irma_Worksheet6.json
Irma,WS6,tree_structure,tree_structure.depth_1.right_child.left_operator,,,,ocr_output/Irma/Irma_Worksheet6.json
Irma,WS6,tree_structure,tree_structure.depth_1.right_child.left_threshold_value,,,,ocr_output/Irma/Irma_Worksheet6.json
Irma,WS6,tree_structure,tree_structure.depth_1.right_child.right_operator,,,,ocr_output/Irma/Irma_Worksheet6.json
Irma,WS6,tree_structure,tree_structure.depth_1.right_child.right_threshold_value,,,,ocr_output/Irma/Irma_Worksheet6.json
Irma,WS6,tree_structure,tree_structure.depth_2.left_left_child.parsed_feature,Şeker,,,ocr_output/Irma/Irma_Worksheet6.json
Irma,WS6,tree_structure,tree_structure.depth_2.left_left_child.node_recommended_count,4,,,ocr_output/Irma/Irma_Worksheet6.json
Irma,WS6,tree_structure,tree_structure.depth_2.left_left_child.node_not_recommended_count,2,,,ocr_output/Irma/Irma_Worksheet6.json
Irma,WS6,tree_structure,tree_structure.depth_2.left_left_child.left_operator,≤,,,ocr_output/Irma/Irma_Worksheet6.json
Irma,WS6,tree_structure,tree_structure.depth_2.left_left_child.left_threshold_value,20.0,,,ocr_output/Irma/Irma_Worksheet6.json
Irma,WS6,tree_structure,tree_structure.depth_2.left_left_child.right_operator,>,,,ocr_output/Irma/Irma_Worksheet6.json
Irma,WS6,tree_structure,tree_structure.depth_2.left_left_child.right_threshold_value,20.0,,,ocr_output/Irma/Irma_Worksheet6.json
Irma,WS6,tree_structure,tree_structure.depth_2.leaf_nodes.left_right_leaf.leaf_recommended_count,0,,,ocr_output/Irma/Irma_Worksheet6.json
Irma,WS6,tree_structure,tree_structure.depth_2.leaf_nodes.left_right_leaf.leaf_not_recommended_count,2,,,ocr_output/Irma/Irma_Worksheet6.json
Irma,WS6,tree_structure,tree_structure.depth_2.leaf_nodes.right_left_leaf.leaf_recommended_count,,,,ocr_output/Irma/Irma_Worksheet6.json
Irma,WS6,tree_structure,tree_structure.depth_2.leaf_nodes.right_left_leaf.leaf_not_recommended_count,,,,ocr_output/Irma/Irma_Worksheet6.json
Irma,WS6,tree_structure,tree_structure.depth_2.leaf_nodes.right_right_leaf.leaf_recommended_count,,,,ocr_output/Irma/Irma_Worksheet6.json
Irma,WS6,tree_structure,tree_structure.depth_2.leaf_nodes.right_right_leaf.leaf_not_recommended_count,,,,ocr_output/Irma/Irma_Worksheet6.json
Irma,WS6,tree_structure,tree_structure.depth_3.leaf_nodes.left_left_left_leaf.leaf_recommended_count,4,,,ocr_output/Irma/Irma_Worksheet6.json
Irma,WS6,tree_structure,tree_structure.depth_3.leaf_nodes.left_left_left_leaf.leaf_not_recommended_count,0,,,ocr_output/Irma/Irma_Worksheet6.json
Irma,WS6,tree_structure,tree_structure.depth_3.leaf_nodes.left_left_right_leaf.leaf_recommended_count,0,,,ocr_output/Irma/Irma_Worksheet6.json
Irma,WS6,tree_structure,tree_structure.depth_3.leaf_nodes.left_left_right_leaf.leaf_not_recommended_count,2,,,ocr_output/Irma/Irma_Worksheet6.json
Irma,WS7,tree_structure,tree_structure.depth_0.left_operator,≤,,,ocr_output/Irma/Irma_Worksheet7.json
Irma,WS7,tree_structure,tree_structure.depth_0.left_threshold_value,180.0,,,ocr_output/Irma/Irma_Worksheet7.json
Irma,WS7,tree_structure,tree_structure.depth_0.right_operator,>,,,ocr_output/Irma/Irma_Worksheet7.json
Irma,WS7,tree_structure,tree_structure.depth_0.right_threshold_value,180.0,,,ocr_output/Irma/Irma_Worksheet7.json
Irma,WS7,tree_structure,tree_structure.depth_1.left_child.path_label,A,,,ocr_output/Irma/Irma_Worksheet7.json
Irma,WS7,tree_structure,tree_structure.depth_1.left_child.node_recommended_count,4,,,ocr_output/Irma/Irma_Worksheet7.json
Irma,WS7,tree_structure,tree_structure.depth_1.left_child.node_not_recommended_count,0,,,ocr_output/Irma/Irma_Worksheet7.json
Irma,WS7,tree_structure,tree_structure.depth_1.right_child.parsed_feature,Protein,,,ocr_output/Irma/Irma_Worksheet7.json
Irma,WS7,tree_structure,tree_structure.depth_1.right_child.node_recommended_count,2,,,ocr_output/Irma/Irma_Worksheet7.json
Irma,WS7,tree_structure,tree_structure.depth_1.right_child.node_not_recommended_count,5,,,ocr_output/Irma/Irma_Worksheet7.json
Irma,WS7,tree_structure,tree_structure.depth_1.right_child.left_operator,≤,,,ocr_output/Irma/Irma_Worksheet7.json
Irma,WS7,tree_structure,tree_structure.depth_1.right_child.left_threshold_value,11.1,,,ocr_output/Irma/Irma_Worksheet7.json
Irma,WS7,tree_structure,tree_structure.depth_1.right_child.right_operator,≥,,,ocr_output/Irma/Irma_Worksheet7.json
Irma,WS7,tree_structure,tree_structure.depth_1.right_child.right_threshold_value,11.0,,,ocr_output/Irma/Irma_Worksheet7.json
Irma,WS7,tree_structure,tree_structure.depth_2.leaf_nodes.right_left_leaf.path_label,B,,,ocr_output/Irma/Irma_Worksheet7.json
Irma,WS7,tree_structure,tree_structure.depth_2.leaf_nodes.right_left_leaf.leaf_recommended_count,0,,,ocr_output/Irma/Irma_Worksheet7.json
Irma,WS7,tree_structure,tree_structure.depth_2.leaf_nodes.right_left_leaf.leaf_not_recommended_count,5,,,ocr_output/Irma/Irma_Worksheet7.json
Irma,WS7,tree_structure,tree_structure.depth_2.leaf_nodes.right_right_leaf.path_label,C,,,ocr_output/Irma/Irma_Worksheet7.json
Irma,WS7,tree_structure,tree_structure.depth_2.leaf_nodes.right_right_leaf.leaf_recommended_count,2,,,ocr_output/Irma/Irma_Worksheet7.json
Irma,WS7,tree_structure,tree_structure.depth_2.leaf_nodes.right_right_leaf.leaf_not_recommended_count,0,,,ocr_output/Irma/Irma_Worksheet7.json
Irma,WS7,rule_matching,rule_matching.rule_1_box,,,,ocr_output/Irma/Irma_Worksheet7.json
Irma,WS7,rule_matching,rule_matching.rule_2_box,,,,ocr_output/Irma/Irma_Worksheet7.json
Irma,WS7,rule_matching,rule_matching.rule_3_box,,,,ocr_output/Irma/Irma_Worksheet7.json
Irma,WS10,WS10_B1,threshold_error_table.WS10_B1.error_count_parsed,4,True,,ocr_output/Irma/Irma_Worksheet10.json
Irma,WS10,WS10_B2,threshold_error_table.WS10_B2.error_count_parsed,3,True,,ocr_output/Irma/Irma_Worksheet10.json
Irma,WS10,WS10_B3,threshold_error_table.WS10_B3.error_count_parsed,2,True,,ocr_output/Irma/Irma_Worksheet10.json
Irma,WS10,WS10_B4,threshold_error_table.WS10_B4.error_count_parsed,3,True,,ocr_output/Irma/Irma_Worksheet10.json
Irma,WS10,WS10_B5,threshold_error_table.WS10_B5.error_count_parsed,2,True,,ocr_output/Irma/Irma_Worksheet10.json
Irma,WS10,WS10_B6,threshold_error_table.WS10_B6.error_count_parsed,1,True,,ocr_output/Irma/Irma_Worksheet10.json
Irma,WS10,WS10_B7,threshold_error_table.WS10_B7.error_count_parsed,2,True,,ocr_output/Irma/Irma_Worksheet10.json
Irma,WS10,optimal_threshold,optimal_threshold.value_parsed,400.0,,,ocr_output/Irma/Irma_Worksheet10.json
Irma,WS14,DTI_01,DTI_01,10 vaka var. Ve bu vakaların %50 si hastadır. Veri setimde yarıya yarı bir oran vardır.,True,,ocr_output/Irma/Irma_Worksheet_Xeno.json
Irma,WS14,DTI_02,DTI_02,Mavi renkli saça 2 vaka bulunmakta ve bunların ikiside [corrected: hastadır → sağlıklıdır]. Gruptaki hastalık oranı 0/2 | /10,True,,ocr_output/Irma/Irma_Worksheet_Xeno.json
Irma,WS14,DTI_03,DTI_03,Pembe renkli saça 8 vaka var ve bunların 8 i de hastalıklıdır. Gruptaki hastalık oranı %100 dür,True,,ocr_output/Irma/Irma_Worksheet_Xeno.json
Irma,WS14,DTI_04,DTI_04,pink hair hasta olarak etiketlenmiştir [corrected: negatif → pozitif],True,,ocr_output/Irma/Irma_Worksheet_Xeno.json
Irma,WS14,DTI_05,DTI_05,(bos),False,BLANK,ocr_output/Irma/Irma_Worksheet_Xeno.json
Irma,WS14,DTI_06,DTI_06,"Evet, Çünkü mavi saçların hepsi sağlıklıyken pembe saçların hepsi hastalıklıdır.",True,,ocr_output/Irma/Irma_Worksheet_Xeno.json
Irma,WS14,DTI_07,DTI_07,Yeni bir vakada sağa bakarız ama doğru tahmin yapabilmemiz için diğer değişkenlere de bakmamız gerek,True,,ocr_output/Irma/Irma_Worksheet_Xeno.json
Irma,WS14,DTI_08,DTI_08,Hasta bir bireyin sağlıklı olarak sınıflandırılması daha tehlikelidir. Çünkü hastalığı tedavi edilemez.,True,,ocr_output/Irma/Irma_Worksheet_Xeno.json
Irma,WS14,DTI_09,DTI_09,Ağaca yeni veriler eklememe rağmen hata vermedi.,True,,ocr_output/Irma/Irma_Worksheet_Xeno.json
Irma,WS14,DTI_10,DTI_10,15,True,,ocr_output/Irma/Irma_Worksheet_Xeno.json
Irma,WS14,DTI_11,DTI_11,Hastayım ve doğru tahmin etmiş.,True,,ocr_output/Irma/Irma_Worksheet_Xeno.json
Irma,WS14,DTI_12,DTI_12,15,True,,ocr_output/Irma/Irma_Worksheet_Xeno.json
Irma,WS14,DTI_13,DTI_13,Hasta değilim ve doğru tahmin etmiş.,True,,ocr_output/Irma/Irma_Worksheet_Xeno.json
Irma,WS14,DTI_14,DTI_14,0,True,,ocr_output/Irma/Irma_Worksheet_Xeno.json
Irma,WS14,DTI_15,DTI_15,Hastayım ve yanlış tahmin etmiş,True,,ocr_output/Irma/Irma_Worksheet_Xeno.json
Irma,WS14,DTI_16,DTI_16,0,True,,ocr_output/Irma/Irma_Worksheet_Xeno.json
Irma,WS14,DTI_17,DTI_17,Hasta değilim ve yanlış tahmin etmiş,True,,ocr_output/Irma/Irma_Worksheet_Xeno.json
Irma,WS14,DTI_18,DTI_18,30,True,,ocr_output/Irma/Irma_Worksheet_Xeno.json
Irma,WS14,DTI_19,DTI_19,(bos),False,BLANK,ocr_output/Irma/Irma_Worksheet_Xeno.json
Irma,WS14,DTI_20,DTI_20,(TP + TN) / N | (15+15) 30 = 1,True,,ocr_output/Irma/Irma_Worksheet_Xeno.json
Irma,WS14,DTI_21,DTI_21,Testimiz başarılı,True,,ocr_output/Irma/Irma_Worksheet_Xeno.json
Irma,WS14,DTI_22,DTI_22,15 / (15+0) = 1,True,,ocr_output/Irma/Irma_Worksheet_Xeno.json
Irma,WS14,DTI_23,DTI_23,Testimiz başarılı,True,,ocr_output/Irma/Irma_Worksheet_Xeno.json
Irma,WS14,DTI_24,DTI_24,15 (15+0) = 1,True,,ocr_output/Irma/Irma_Worksheet_Xeno.json
Irma,WS14,DTI_25,DTI_25,Testimiz başarılı,True,,ocr_output/Irma/Irma_Worksheet_Xeno.json
Irma,WS14,DTI_26,DTI_26,15 (15+0) = 1,True,,ocr_output/Irma/Irma_Worksheet_Xeno.json
Irma,WS14,DTI_27,DTI_27,Testimiz başarılı,True,,ocr_output/Irma/Irma_Worksheet_Xeno.json
Irma,WS14,DTI_28,DTI_28,Hepsini kullanırım. Çünkü hesaplarımızın hepsinin cevabı 1 geldi.,True,,ocr_output/Irma/Irma_Worksheet_Xeno.json
Irma,WS14,DTI_29,DTI_29,FP + FN / N,True,,ocr_output/Irma/Irma_Worksheet_Xeno.json
Irma,WS14,DTI_30,DTI_30,Yanlışları yakalamak için,True,,ocr_output/Irma/Irma_Worksheet_Xeno.json
Irma,WS14,DTI_31,DTI_31,Testimizin başarılı olup olmadığını test etmek için,True,,ocr_output/Irma/Irma_Worksheet_Xeno.json
Irma,WS14,DTI_32,DTI_32,(FP + FN) / N | 0+0 / 30 = 0,True,,ocr_output/Irma/Irma_Worksheet_Xeno.json
Irma,WS14,DTI_33,DTI_33,MCR = 1-0 = 1 Testimiz başarılı,True,,ocr_output/Irma/Irma_Worksheet_Xeno.json
Irma,WS15,DTI_01,titanic_vs1_egitim.DTI_01,(bos),False,BLANK,ocr_output/Irma/Irma_Worksheet_Titanic.json
Irma,WS15,DTI_02,titanic_vs1_egitim.DTI_02,(bos),False,BLANK,ocr_output/Irma/Irma_Worksheet_Titanic.json
Irma,WS15,DTI_03,titanic_vs1_egitim.DTI_03,(bos),False,BLANK,ocr_output/Irma/Irma_Worksheet_Titanic.json
Irma,WS15,DTI_04,titanic_vs1_egitim.DTI_04,(bos),False,BLANK,ocr_output/Irma/Irma_Worksheet_Titanic.json
Irma,WS15,DTI_05,titanic_vs1_egitim.DTI_05,(290 + 522) / 812 = 1,True,,ocr_output/Irma/Irma_Worksheet_Titanic.json
Irma,WS15,DTI_06,titanic_vs1_egitim.DTI_06,290 / 290+0 = 1,True,,ocr_output/Irma/Irma_Worksheet_Titanic.json
Irma,WS15,DTI_07,titanic_vs1_egitim.DTI_07,522 / 522+0 = 1,True,,ocr_output/Irma/Irma_Worksheet_Titanic.json
Irma,WS15,DTI_08,titanic_vs1_egitim.DTI_08,290 / 290+0 = 1,True,,ocr_output/Irma/Irma_Worksheet_Titanic.json
Irma,WS15,DTI_09,titanic_vs1_egitim.DTI_09,0+0 / 812 = 0,True,,ocr_output/Irma/Irma_Worksheet_Titanic.json
Irma,WS15,DTI_10,titanic_vs1_test.DTI_10,231 kişi 96 hayatta,True,,ocr_output/Irma/Irma_Worksheet_Titanic.json
Irma,WS15,DTI_11,titanic_vs1_test.DTI_11,96 \ 56,True,,ocr_output/Irma/Irma_Worksheet_Titanic.json
Irma,WS15,DTI_12,titanic_vs1_test.DTI_12,135 \ 49,True,,ocr_output/Irma/Irma_Worksheet_Titanic.json
Irma,WS15,DTI_13,titanic_vs1_test.DTI_13,female kutusu,True,,ocr_output/Irma/Irma_Worksheet_Titanic.json
Irma,WS15,DTI_14,titanic_vs1_test.DTI_14,(56 + 86) / 231 = 142 / 231,True,,ocr_output/Irma/Irma_Worksheet_Titanic.json
Irma,WS15,DTI_15,titanic_vs1_test.DTI_15,56 / 86+49 = 56 / 135,False,NUMERIC_TOLERANCE,ocr_output/Irma/Irma_Worksheet_Titanic.json
Irma,WS15,DTI_16,titanic_vs1_test.DTI_16,86 / 86+40 = 86 / 126,True,,ocr_output/Irma/Irma_Worksheet_Titanic.json
Irma,WS15,DTI_17,titanic_vs1_test.DTI_17,56 / 56+40 = 56 / 96,True,,ocr_output/Irma/Irma_Worksheet_Titanic.json
Irma,WS15,DTI_18,titanic_vs1_test.DTI_18,40+49 / 231 = 89 / 231,True,,ocr_output/Irma/Irma_Worksheet_Titanic.json
Irma,WS15,DTI_19,titanic_vs1_interpretation.DTI_19,Evet var. Eğitim sistemi daha iyi sonuçlar elde ettik.,True,,ocr_output/Irma/Irma_Worksheet_Titanic.json
Irma,WS15,DTI_20,titanic_vs1_interpretation.DTI_20,Veri setine çok fazla veri eklenirse aşırı öğrenme gerçekleşmiştir.,True,,ocr_output/Irma/Irma_Worksheet_Titanic.json
Irma,WS15,DTI_21,titanic_vs1_interpretation.DTI_21,Performansı düşmüştür. Çünkü test başarısı 1'den daha düşüktür.,True,,ocr_output/Irma/Irma_Worksheet_Titanic.json
Irma,WS15,DTI_22,titanic_vs1_interpretation.DTI_22,MCR = 1 - yanlış oran 1 iken test verisinde yanlış oran arttığı için modelin performansı değişip düşmüştür.,True,,ocr_output/Irma/Irma_Worksheet_Titanic.json
Irma,WS15,DTI_23,titanic_vs2_egitim.DTI_23,834 / 456,True,,ocr_output/Irma/Irma_Worksheet_Titanic.json
Irma,WS15,DTI_24,titanic_vs2_egitim.DTI_24,304 \ 128,True,,ocr_output/Irma/Irma_Worksheet_Titanic.json
Irma,WS15,DTI_25,titanic_vs2_egitim.DTI_25,530 \ 328,True,,ocr_output/Irma/Irma_Worksheet_Titanic.json
Irma,WS15,DTI_26,titanic_vs2_egitim.DTI_26,female,True,,ocr_output/Irma/Irma_Worksheet_Titanic.json
Irma,WS15,DTI_27,titanic_vs2_egitim.DTI_27,128 + 202 / 834,True,,ocr_output/Irma/Irma_Worksheet_Titanic.json
Irma,WS15,DTI_28,titanic_vs2_egitim.DTI_28,128 / 128+328,True,,ocr_output/Irma/Irma_Worksheet_Titanic.json
Irma,WS15,DTI_29,titanic_vs2_egitim.DTI_29,202 / 202+176,True,,ocr_output/Irma/Irma_Worksheet_Titanic.json
Irma,WS15,DTI_30,titanic_vs2_egitim.DTI_30,128 / 128+176,True,,ocr_output/Irma/Irma_Worksheet_Titanic.json
Irma,WS15,DTI_31,titanic_vs2_egitim.DTI_31,176 + 328 / 834,True,,ocr_output/Irma/Irma_Worksheet_Titanic.json
Irma,WS15,DTI_32,titanic_vs2_test.DTI_32,209/124,True,,ocr_output/Irma/Irma_Worksheet_Titanic.json
Irma,WS15,DTI_33,titanic_vs2_test.DTI_33,82/61,True,,ocr_output/Irma/Irma_Worksheet_Titanic.json
Irma,WS15,DTI_34,titanic_vs2_test.DTI_34,127/24,True,,ocr_output/Irma/Irma_Worksheet_Titanic.json
Irma,WS15,DTI_35,titanic_vs2_test.DTI_35,female,True,,ocr_output/Irma/Irma_Worksheet_Titanic.json
Irma,WS15,DTI_36,titanic_vs2_test.DTI_36,21 + 24 / 209,False,NUMERIC_TOLERANCE,ocr_output/Irma/Irma_Worksheet_Titanic.json
Irma,WS15,DTI_37,titanic_vs2_test.DTI_37,21 / 21+103,False,NUMERIC_TOLERANCE,ocr_output/Irma/Irma_Worksheet_Titanic.json
Irma,WS15,DTI_38,titanic_vs2_test.DTI_38,24 / 24+61,False,NUMERIC_TOLERANCE,ocr_output/Irma/Irma_Worksheet_Titanic.json
Irma,WS15,DTI_39,titanic_vs2_test.DTI_39,21 / 21+61,False,NUMERIC_TOLERANCE,ocr_output/Irma/Irma_Worksheet_Titanic.json
Irma,WS15,DTI_40,titanic_vs2_test.DTI_40,61 + 103 / 209,False,NUMERIC_TOLERANCE,ocr_output/Irma/Irma_Worksheet_Titanic.json
Irma,WS15,DTI_41,titanic_vs2_interpretation.DTI_41,[corrected: Modelimiz → iyi] test edemedi,True,,ocr_output/Irma/Irma_Worksheet_Titanic.json
Irma,WS15,DTI_42,titanic_vs2_interpretation.DTI_42,Veri setiyle alakalı bir durum.,True,,ocr_output/Irma/Irma_Worksheet_Titanic.json
Irma,WS15,DTI_43,titanic_vs2_interpretation.DTI_43,Çünkü veri setinde eksiklikler var.,False,TRAP_NOT_RECOGNIZED,ocr_output/Irma/Irma_Worksheet_Titanic.json
Irma,WS15,DTI_44,titanic_vs2_interpretation.DTI_44,1'den daha düşük bir değer olduğu için.,False,TRAP_NOT_RECOGNIZED,ocr_output/Irma/Irma_Worksheet_Titanic.json
Irma,WS15,DTI_45,genel_sorular.DTI_45,Veri setimdeki değerlerin 1'e yakın olmalı ve dengeli olmalıdır.,True,,ocr_output/Irma/Irma_Worksheet_Titanic.json
Irma,WS15,DTI_46,genel_sorular.DTI_46,Bize kesin bir sonuç vermez.,True,,ocr_output/Irma/Irma_Worksheet_Titanic.json
Irma,WS15,DTI_47,genel_sorular.DTI_47,Hayır. Birden çok metriğe bakarak doğruluğunu ölçmeliyiz,True,,ocr_output/Irma/Irma_Worksheet_Titanic.json
Isabel,WS1,WS1_B1,WS1_B1,Etiket (tavsiye edilemez),True,,ocr_output/Isabel/Isabel_Worksheet1.json
Isabel,WS1,WS1_B2,WS1_B2,Nesne,True,,ocr_output/Isabel/Isabel_Worksheet1.json
Isabel,WS1,WS1_B3,WS1_B3,Özellik,True,,ocr_output/Isabel/Isabel_Worksheet1.json
Isabel,WS1,WS1_B4,WS1_B4,Değişken,False,feature_term_instead_of_value_term,ocr_output/Isabel/Isabel_Worksheet1.json
Isabel,WS1,WS1_B5,WS1_B5,nesne,True,,ocr_output/Isabel/Isabel_Worksheet1.json
Isabel,WS1,WS1_B6,WS1_B6,nesne,True,,ocr_output/Isabel/Isabel_Worksheet1.json
Isabel,WS1,WS1_B7,WS1_B7,besin değerleri,False,wrong_term: 'besin değerleri',ocr_output/Isabel/Isabel_Worksheet1.json
Isabel,WS1,WS1_B8,WS1_B8,7,True,,ocr_output/Isabel/Isabel_Worksheet1.json
Isabel,WS1,WS1_B9,WS1_B9,"Enerji, yağ, Doymuş yağ, Karbonhidrat, Şeker, Protein, Tuz",True,,ocr_output/Isabel/Isabel_Worksheet1.json
Isabel,WS1,WS1_B10,WS1_B10,Fındıklı gofret,True,,ocr_output/Isabel/Isabel_Worksheet1.json
Isabel,WS1,WS1_B11,WS1_B11,nesne,False,wrong_term: 'nesne',ocr_output/Isabel/Isabel_Worksheet1.json
Isabel,WS3,WS3_B1,WS3_B1,tavsiye edilemez,True,,ocr_output/Isabel/Isabel_Worksheet3.json
Isabel,WS3,WS3_B2,WS3_B2,"23,0 g ≥ 8,0 g",,,ocr_output/Isabel/Isabel_Worksheet3.json
Isabel,WS3,WS3_B3,WS3_B3,tavsiye edilir,True,,ocr_output/Isabel/Isabel_Worksheet3.json
Isabel,WS3,WS3_B4,WS3_B4,"0,2 g <= 8,0 g",True,,ocr_output/Isabel/Isabel_Worksheet3.json
Isabel,WS3,WS3_B5,WS3_B5,tavsiye edilemez,True,,ocr_output/Isabel/Isabel_Worksheet3.json
Isabel,WS3,WS3_B6,WS3_B6,"14 g >= 8,0 g",True,,ocr_output/Isabel/Isabel_Worksheet3.json
Isabel,WS3,WS3_B7,WS3_B7,<= 150,True,,ocr_output/Isabel/Isabel_Worksheet3.json
Isabel,WS3,WS3_B8,WS3_B8,> 150,True,,ocr_output/Isabel/Isabel_Worksheet3.json
Isabel,WS4,WS4_B1,WS4_B1.threshold_value_raw,avokado ile patates kızartması arasında çizilen kalın dalgalı çizgi,True,,ocr_output/Isabel/Isabel_Worksheet4.json
Isabel,WS4,WS4_B1,WS4_B1.threshold_value_parsed,13.5,True,,ocr_output/Isabel/Isabel_Worksheet4.json
Isabel,WS4,WS4_B1,WS4_B1.placement_description,"Patates kızartması ve avokado kartları arasına kalın, dalgalı bir yatay/dikey çizgi çizilmiş; eşik değer 13,5 olarak belirtilmiş.",True,,ocr_output/Isabel/Isabel_Worksheet4.json
Isabel,WS4,WS4_B2,WS4_B2.detection_method,visual_circle,True,,ocr_output/Isabel/Isabel_Worksheet4.json
Isabel,WS4,WS4_B2,WS4_B2.circled_cards,"jelibon, kraker, yulaf, avokado",True,,ocr_output/Isabel/Isabel_Worksheet4.json
Isabel,WS4,WS4_B2,WS4_B2.written_foods,,True,,ocr_output/Isabel/Isabel_Worksheet4.json
Isabel,WS4,WS4_B2,WS4_B2.foods_parsed,"jelibon, kraker, yulaf, avokado",True,,ocr_output/Isabel/Isabel_Worksheet4.json
Isabel,WS4,WS4_B3,WS4_B3.response_raw,"Daha az yağ içeriği için daha iyi bir eşik değerdir. | Evet, çünkü çok fazla yağ oranı otomatiktir.",True,,ocr_output/Isabel/Isabel_Worksheet4.json
Isabel,WS4,WS4_B4,WS4_B4.agrees_with_pia,True,True,,ocr_output/Isabel/Isabel_Worksheet4.json
Isabel,WS4,WS4_B4,WS4_B4.response_raw,"Evet, çünkü çok fazla yağ oranı otomatiktir. (elma ve ahududu reçeli için eşit değer olduğu ima ediliyor)",True,,ocr_output/Isabel/Isabel_Worksheet4.json
Isabel,WS4,WS4_B5,WS4_B5.threshold_value_raw,"191,5",True,,ocr_output/Isabel/Isabel_Worksheet4.json
Isabel,WS4,WS4_B5,WS4_B5.threshold_value_parsed,191.5,True,,ocr_output/Isabel/Isabel_Worksheet4.json
Isabel,WS5,trials[1],trials[1].trial_id,1,,,ocr_output/Isabel/Isabel_Worksheet5.json
Isabel,WS5,trials[1],trials[1].parsed_feature,Enerji,,,ocr_output/Isabel/Isabel_Worksheet5.json
Isabel,WS5,trials[1],trials[1].left_operator,≤,,,ocr_output/Isabel/Isabel_Worksheet5.json
Isabel,WS5,trials[1],trials[1].left_threshold,191.5,,,ocr_output/Isabel/Isabel_Worksheet5.json
Isabel,WS5,trials[1],trials[1].left_leaf_recommended,4,,,ocr_output/Isabel/Isabel_Worksheet5.json
Isabel,WS5,trials[1],trials[1].left_leaf_not_recommended,0,,,ocr_output/Isabel/Isabel_Worksheet5.json
Isabel,WS5,trials[1],trials[1].right_operator,>,,,ocr_output/Isabel/Isabel_Worksheet5.json
Isabel,WS5,trials[1],trials[1].right_threshold,191.5,,,ocr_output/Isabel/Isabel_Worksheet5.json
Isabel,WS5,trials[1],trials[1].right_leaf_recommended,2,,,ocr_output/Isabel/Isabel_Worksheet5.json
Isabel,WS5,trials[1],trials[1].right_leaf_not_recommended,5,,,ocr_output/Isabel/Isabel_Worksheet5.json
Isabel,WS5,trials[1],trials[1].student_error_count,2,,,ocr_output/Isabel/Isabel_Worksheet5.json
Isabel,WS5,trials[1],trials[1].student_mcr,,,,ocr_output/Isabel/Isabel_Worksheet5.json
Isabel,WS5,trials[2],trials[2].trial_id,2,,,ocr_output/Isabel/Isabel_Worksheet5.json
Isabel,WS5,trials[2],trials[2].parsed_feature,Doymuş yağ,,,ocr_output/Isabel/Isabel_Worksheet5.json
Isabel,WS5,trials[2],trials[2].left_operator,≤,,,ocr_output/Isabel/Isabel_Worksheet5.json
Isabel,WS5,trials[2],trials[2].left_threshold,8.3,,,ocr_output/Isabel/Isabel_Worksheet5.json
Isabel,WS5,trials[2],trials[2].left_leaf_recommended,6,,,ocr_output/Isabel/Isabel_Worksheet5.json
Isabel,WS5,trials[2],trials[2].left_leaf_not_recommended,3,,,ocr_output/Isabel/Isabel_Worksheet5.json
Isabel,WS5,trials[2],trials[2].right_operator,>,,,ocr_output/Isabel/Isabel_Worksheet5.json
Isabel,WS5,trials[2],trials[2].right_threshold,8.3,,,ocr_output/Isabel/Isabel_Worksheet5.json
Isabel,WS5,trials[2],trials[2].right_leaf_recommended,0,,,ocr_output/Isabel/Isabel_Worksheet5.json
Isabel,WS5,trials[2],trials[2].right_leaf_not_recommended,2,,,ocr_output/Isabel/Isabel_Worksheet5.json
Isabel,WS5,trials[2],trials[2].student_error_count,3,,,ocr_output/Isabel/Isabel_Worksheet5.json
Isabel,WS5,trials[2],trials[2].student_mcr,,,,ocr_output/Isabel/Isabel_Worksheet5.json
Isabel,WS5,trials[3],trials[3].trial_id,3,,,ocr_output/Isabel/Isabel_Worksheet5.json
Isabel,WS5,trials[3],trials[3].parsed_feature,Yağ,,,ocr_output/Isabel/Isabel_Worksheet5.json
Isabel,WS5,trials[3],trials[3].left_operator,≤,,,ocr_output/Isabel/Isabel_Worksheet5.json
Isabel,WS5,trials[3],trials[3].left_threshold,13.5,,,ocr_output/Isabel/Isabel_Worksheet5.json
Isabel,WS5,trials[3],trials[3].left_leaf_recommended,6,,,ocr_output/Isabel/Isabel_Worksheet5.json
Isabel,WS5,trials[3],trials[3].left_leaf_not_recommended,2,,,ocr_output/Isabel/Isabel_Worksheet5.json
Isabel,WS5,trials[3],trials[3].right_operator,>,,,ocr_output/Isabel/Isabel_Worksheet5.json
Isabel,WS5,trials[3],trials[3].right_threshold,13.5,,,ocr_output/Isabel/Isabel_Worksheet5.json
Isabel,WS5,trials[3],trials[3].right_leaf_recommended,0,,,ocr_output/Isabel/Isabel_Worksheet5.json
Isabel,WS5,trials[3],trials[3].right_leaf_not_recommended,3,,,ocr_output/Isabel/Isabel_Worksheet5.json
Isabel,WS5,trials[3],trials[3].student_error_count,2,,,ocr_output/Isabel/Isabel_Worksheet5.json
Isabel,WS5,trials[3],trials[3].student_mcr,,,,ocr_output/Isabel/Isabel_Worksheet5.json
Isabel,WS5,final_decision_raw,final_decision_raw,"Yağ değişkeni için hangi eşik değerini seçiyorsunuz? Not alın: 13,5 eşik değeri belirledim.",,,ocr_output/Isabel/Isabel_Worksheet5.json
Isabel,WS6,tree_structure,tree_structure.depth_0.parsed_feature,Enerji,,,ocr_output/Isabel/Isabel_Worksheet6.json
Isabel,WS6,tree_structure,tree_structure.depth_0.left_operator,≤,,,ocr_output/Isabel/Isabel_Worksheet6.json
Isabel,WS6,tree_structure,tree_structure.depth_0.left_threshold_value,191.5,,,ocr_output/Isabel/Isabel_Worksheet6.json
Isabel,WS6,tree_structure,tree_structure.depth_0.right_operator,>,,,ocr_output/Isabel/Isabel_Worksheet6.json
Isabel,WS6,tree_structure,tree_structure.depth_0.right_threshold_value,194.5,,,ocr_output/Isabel/Isabel_Worksheet6.json
Isabel,WS6,tree_structure,tree_structure.depth_1.left_child.parsed_feature,,,,ocr_output/Isabel/Isabel_Worksheet6.json
Isabel,WS6,tree_structure,tree_structure.depth_1.left_child.node_recommended_count,,,,ocr_output/Isabel/Isabel_Worksheet6.json
Isabel,WS6,tree_structure,tree_structure.depth_1.left_child.node_not_recommended_count,,,,ocr_output/Isabel/Isabel_Worksheet6.json
Isabel,WS6,tree_structure,tree_structure.depth_1.left_child.left_operator,,,,ocr_output/Isabel/Isabel_Worksheet6.json
Isabel,WS6,tree_structure,tree_structure.depth_1.left_child.left_threshold_value,,,,ocr_output/Isabel/Isabel_Worksheet6.json
Isabel,WS6,tree_structure,tree_structure.depth_1.left_child.right_operator,,,,ocr_output/Isabel/Isabel_Worksheet6.json
Isabel,WS6,tree_structure,tree_structure.depth_1.left_child.right_threshold_value,,,,ocr_output/Isabel/Isabel_Worksheet6.json
Isabel,WS6,tree_structure,tree_structure.depth_1.right_child.parsed_feature,Protein,,,ocr_output/Isabel/Isabel_Worksheet6.json
Isabel,WS6,tree_structure,tree_structure.depth_1.right_child.node_recommended_count,,,,ocr_output/Isabel/Isabel_Worksheet6.json
Isabel,WS6,tree_structure,tree_structure.depth_1.right_child.node_not_recommended_count,,,,ocr_output/Isabel/Isabel_Worksheet6.json
Isabel,WS6,tree_structure,tree_structure.depth_1.right_child.left_operator,≥,,,ocr_output/Isabel/Isabel_Worksheet6.json
Isabel,WS6,tree_structure,tree_structure.depth_1.right_child.left_threshold_value,11.0,,,ocr_output/Isabel/Isabel_Worksheet6.json
Isabel,WS6,tree_structure,tree_structure.depth_1.right_child.right_operator,<,,,ocr_output/Isabel/Isabel_Worksheet6.json
Isabel,WS6,tree_structure,tree_structure.depth_1.right_child.right_threshold_value,11.0,,,ocr_output/Isabel/Isabel_Worksheet6.json
Isabel,WS6,tree_structure,tree_structure.depth_2.leaf_nodes.left_left_leaf.leaf_label,,,,ocr_output/Isabel/Isabel_Worksheet6.json
Isabel,WS6,tree_structure,tree_structure.depth_2.leaf_nodes.left_left_leaf.leaf_recommended_count,,,,ocr_output/Isabel/Isabel_Worksheet6.json
Isabel,WS6,tree_structure,tree_structure.depth_2.leaf_nodes.left_left_leaf.leaf_not_recommended_count,,,,ocr_output/Isabel/Isabel_Worksheet6.json
Isabel,WS6,tree_structure,tree_structure.depth_2.leaf_nodes.left_right_leaf.leaf_label,,,,ocr_output/Isabel/Isabel_Worksheet6.json
Isabel,WS6,tree_structure,tree_structure.depth_2.leaf_nodes.left_right_leaf.leaf_recommended_count,,,,ocr_output/Isabel/Isabel_Worksheet6.json
Isabel,WS6,tree_structure,tree_structure.depth_2.leaf_nodes.left_right_leaf.leaf_not_recommended_count,,,,ocr_output/Isabel/Isabel_Worksheet6.json
Isabel,WS6,tree_structure,tree_structure.depth_2.leaf_nodes.right_left_leaf.leaf_label,tavsiye edilebilir,,,ocr_output/Isabel/Isabel_Worksheet6.json
Isabel,WS6,tree_structure,tree_structure.depth_2.leaf_nodes.right_left_leaf.leaf_recommended_count,,,,ocr_output/Isabel/Isabel_Worksheet6.json
Isabel,WS6,tree_structure,tree_structure.depth_2.leaf_nodes.right_left_leaf.leaf_not_recommended_count,,,,ocr_output/Isabel/Isabel_Worksheet6.json
Isabel,WS6,tree_structure,tree_structure.depth_2.leaf_nodes.right_right_leaf.leaf_label,tavsiye edilemez,,,ocr_output/Isabel/Isabel_Worksheet6.json
Isabel,WS6,tree_structure,tree_structure.depth_2.leaf_nodes.right_right_leaf.leaf_recommended_count,,,,ocr_output/Isabel/Isabel_Worksheet6.json
Isabel,WS6,tree_structure,tree_structure.depth_2.leaf_nodes.right_right_leaf.leaf_not_recommended_count,,,,ocr_output/Isabel/Isabel_Worksheet6.json
Isabel,WS7,tree_structure,tree_structure.depth_0.left_operator,≤,,,ocr_output/Isabel/Isabel_Worksheet7.json
Isabel,WS7,tree_structure,tree_structure.depth_0.left_threshold_value,170.5,,,ocr_output/Isabel/Isabel_Worksheet7.json
Isabel,WS7,tree_structure,tree_structure.depth_0.right_operator,>,,,ocr_output/Isabel/Isabel_Worksheet7.json
Isabel,WS7,tree_structure,tree_structure.depth_0.right_threshold_value,170.5,,,ocr_output/Isabel/Isabel_Worksheet7.json
Isabel,WS7,tree_structure,tree_structure.depth_1.left_child.path_label,A,,,ocr_output/Isabel/Isabel_Worksheet7.json
Isabel,WS7,tree_structure,tree_structure.depth_1.left_child.node_recommended_count,,,,ocr_output/Isabel/Isabel_Worksheet7.json
Isabel,WS7,tree_structure,tree_structure.depth_1.left_child.node_not_recommended_count,,,,ocr_output/Isabel/Isabel_Worksheet7.json
Isabel,WS7,tree_structure,tree_structure.depth_1.right_child.parsed_feature,Protein,,,ocr_output/Isabel/Isabel_Worksheet7.json
Isabel,WS7,tree_structure,tree_structure.depth_1.right_child.node_recommended_count,,,,ocr_output/Isabel/Isabel_Worksheet7.json
Isabel,WS7,tree_structure,tree_structure.depth_1.right_child.node_not_recommended_count,,,,ocr_output/Isabel/Isabel_Worksheet7.json
Isabel,WS7,tree_structure,tree_structure.depth_1.right_child.left_operator,≥,,,ocr_output/Isabel/Isabel_Worksheet7.json
Isabel,WS7,tree_structure,tree_structure.depth_1.right_child.left_threshold_value,11.0,,,ocr_output/Isabel/Isabel_Worksheet7.json
Isabel,WS7,tree_structure,tree_structure.depth_1.right_child.right_operator,<,,,ocr_output/Isabel/Isabel_Worksheet7.json
Isabel,WS7,tree_structure,tree_structure.depth_1.right_child.right_threshold_value,,,,ocr_output/Isabel/Isabel_Worksheet7.json
Isabel,WS7,tree_structure,tree_structure.depth_2.leaf_nodes.right_left_leaf.path_label,B,,,ocr_output/Isabel/Isabel_Worksheet7.json
Isabel,WS7,tree_structure,tree_structure.depth_2.leaf_nodes.right_left_leaf.leaf_recommended_count,,,,ocr_output/Isabel/Isabel_Worksheet7.json
Isabel,WS7,tree_structure,tree_structure.depth_2.leaf_nodes.right_left_leaf.leaf_not_recommended_count,,,,ocr_output/Isabel/Isabel_Worksheet7.json
Isabel,WS7,tree_structure,tree_structure.depth_2.leaf_nodes.right_right_leaf.path_label,C,,,ocr_output/Isabel/Isabel_Worksheet7.json
Isabel,WS7,tree_structure,tree_structure.depth_2.leaf_nodes.right_right_leaf.leaf_recommended_count,,,,ocr_output/Isabel/Isabel_Worksheet7.json
Isabel,WS7,tree_structure,tree_structure.depth_2.leaf_nodes.right_right_leaf.leaf_not_recommended_count,,,,ocr_output/Isabel/Isabel_Worksheet7.json
Isabel,WS7,rule_matching,rule_matching.rule_1_box,,,,ocr_output/Isabel/Isabel_Worksheet7.json
Isabel,WS7,rule_matching,rule_matching.rule_2_box,,,,ocr_output/Isabel/Isabel_Worksheet7.json
Isabel,WS7,rule_matching,rule_matching.rule_3_box,,,,ocr_output/Isabel/Isabel_Worksheet7.json
Isabel,WS10,WS10_B1,threshold_error_table.WS10_B1.error_count_parsed,4,True,,ocr_output/Isabel/Isabel_Worksheet10.json
Isabel,WS10,WS10_B2,threshold_error_table.WS10_B2.error_count_parsed,3,True,,ocr_output/Isabel/Isabel_Worksheet10.json
Isabel,WS10,WS10_B3,threshold_error_table.WS10_B3.error_count_parsed,2,True,,ocr_output/Isabel/Isabel_Worksheet10.json
Isabel,WS10,WS10_B4,threshold_error_table.WS10_B4.error_count_parsed,3,False,missing_count,ocr_output/Isabel/Isabel_Worksheet10.json
Isabel,WS10,WS10_B5,threshold_error_table.WS10_B5.error_count_parsed,2,False,count_mismatch,ocr_output/Isabel/Isabel_Worksheet10.json
Isabel,WS10,WS10_B6,threshold_error_table.WS10_B6.error_count_parsed,1,False,count_mismatch,ocr_output/Isabel/Isabel_Worksheet10.json
Isabel,WS10,WS10_B7,threshold_error_table.WS10_B7.error_count_parsed,2,False,count_mismatch,ocr_output/Isabel/Isabel_Worksheet10.json
Isabel,WS10,optimal_threshold,optimal_threshold.value_parsed,,,,ocr_output/Isabel/Isabel_Worksheet10.json
Isabel,WS14,DTI_01,DTI_01,10 vaka vardır. %70'i hastadır. Çoğunluk hastadır.,True,,ocr_output/Isabel/Isabel_Worksheet_Xeno.json
Isabel,WS14,DTI_02,DTI_02,3 mavi saçlı vaka vardır. 3'ü hasta değildir. Mavi saçlıların hiçbiri hasta değildir. [corrected: 3'ü hasta değildir → hiçbiri hasta değildir],True,,ocr_output/Isabel/Isabel_Worksheet_Xeno.json
Isabel,WS14,DTI_03,DTI_03,7 pembe saçlı vardır. 7'si hastadır. Pembe saçlıların hepsi hastadır.,True,,ocr_output/Isabel/Isabel_Worksheet_Xeno.json
Isabel,WS14,DTI_04,DTI_04,Sağdaki kutu hasta olarak etiketlenmiştir.,True,,ocr_output/Isabel/Isabel_Worksheet_Xeno.json
Isabel,WS14,DTI_05,DTI_05,7 pembe saçlı vardır. 7'si de hasta durumdadır.,True,,ocr_output/Isabel/Isabel_Worksheet_Xeno.json
Isabel,WS14,DTI_06,DTI_06,Evet. Çünkü hiçbir hata vermedi.,True,,ocr_output/Isabel/Isabel_Worksheet_Xeno.json
Isabel,WS14,DTI_07,DTI_07,%100.,True,,ocr_output/Isabel/Isabel_Worksheet_Xeno.json
Isabel,WS14,DTI_08,DTI_08,FN daha tehlikelidir. Çünkü hasta birey başkalarına da hastalığı bulaştırabilir.,True,,ocr_output/Isabel/Isabel_Worksheet_Xeno.json
Isabel,WS14,DTI_09,DTI_09,Kusursuz oldu.,True,,ocr_output/Isabel/Isabel_Worksheet_Xeno.json
Isabel,WS14,DTI_10,DTI_10,10,True,,ocr_output/Isabel/Isabel_Worksheet_Xeno.json
Isabel,WS14,DTI_11,DTI_11,Doğru karar verilmiş.,True,,ocr_output/Isabel/Isabel_Worksheet_Xeno.json
Isabel,WS14,DTI_12,DTI_12,10,True,,ocr_output/Isabel/Isabel_Worksheet_Xeno.json
Isabel,WS14,DTI_13,DTI_13,Doğru karar verilmiş.,True,,ocr_output/Isabel/Isabel_Worksheet_Xeno.json
Isabel,WS14,DTI_14,DTI_14,0,True,,ocr_output/Isabel/Isabel_Worksheet_Xeno.json
Isabel,WS14,DTI_15,DTI_15,Sağlıklı ama hasta olarak tahmin etmiş.,True,,ocr_output/Isabel/Isabel_Worksheet_Xeno.json
Isabel,WS14,DTI_16,DTI_16,0,True,,ocr_output/Isabel/Isabel_Worksheet_Xeno.json
Isabel,WS14,DTI_17,DTI_17,Hasta ama sağlıklı olarak tahmin etmiş.,True,,ocr_output/Isabel/Isabel_Worksheet_Xeno.json
Isabel,WS14,DTI_18,DTI_18,20,True,,ocr_output/Isabel/Isabel_Worksheet_Xeno.json
Isabel,WS14,DTI_19,DTI_19,20 kişi var.,True,,ocr_output/Isabel/Isabel_Worksheet_Xeno.json
Isabel,WS14,DTI_20,DTI_20,(TP+TN) / N = (10+10) / 20 = 1,True,,ocr_output/Isabel/Isabel_Worksheet_Xeno.json
Isabel,WS14,DTI_21,DTI_21,Karar ağacı doğru oldu.,True,,ocr_output/Isabel/Isabel_Worksheet_Xeno.json
Isabel,WS14,DTI_22,DTI_22,TP / (TP+FN) = 10 / (10+0) = 1,True,,ocr_output/Isabel/Isabel_Worksheet_Xeno.json
Isabel,WS14,DTI_23,DTI_23,Hastaları doğru tespit etti.,True,,ocr_output/Isabel/Isabel_Worksheet_Xeno.json
Isabel,WS14,DTI_24,DTI_24,TN / (TN+FP) = 10 / (10+0) = 1,True,,ocr_output/Isabel/Isabel_Worksheet_Xeno.json
Isabel,WS14,DTI_25,DTI_25,Sağlıklıları doğru tespit etti.,True,,ocr_output/Isabel/Isabel_Worksheet_Xeno.json
Isabel,WS14,DTI_26,DTI_26,TP / (TP+FP) = 10 / (10+0) = 1,True,,ocr_output/Isabel/Isabel_Worksheet_Xeno.json
Isabel,WS14,DTI_27,DTI_27,Hastaları doğru tespit etti.,True,,ocr_output/Isabel/Isabel_Worksheet_Xeno.json
Isabel,WS14,DTI_28,DTI_28,Duyarlılık ve özgüllüğü kullanırım. Çünkü hasta veya sağlıklı insanların gerçekten hasta ya da sağlıklı olduğunu tespit etmek daha önemli.,True,,ocr_output/Isabel/Isabel_Worksheet_Xeno.json
Isabel,WS14,DTI_29,DTI_29,(TP+TN) - (FP+FN),True,,ocr_output/Isabel/Isabel_Worksheet_Xeno.json
Isabel,WS14,DTI_30,DTI_30,Gerçekten sağlıklı ve hasta insanları ayırır.,True,,ocr_output/Isabel/Isabel_Worksheet_Xeno.json
Isabel,WS14,DTI_31,DTI_31,Gerçek hasta ve sağlıklı insan sayısını bulmak için.,True,,ocr_output/Isabel/Isabel_Worksheet_Xeno.json
Isabel,WS14,DTI_32,DTI_32,(FP+FN) / N = (0+0) / 20 = 0,True,,ocr_output/Isabel/Isabel_Worksheet_Xeno.json
Isabel,WS14,DTI_33,DTI_33,Hata çıkmadı.,True,,ocr_output/Isabel/Isabel_Worksheet_Xeno.json
Isabel,WS15,DTI_01,titanic_vs1_egitim.DTI_01,812 yolcu var. 290 tanesi hayatta,True,,ocr_output/Isabel/Isabel_Worksheet_Titanic.json
Isabel,WS15,DTI_02,titanic_vs1_egitim.DTI_02,290,True,,ocr_output/Isabel/Isabel_Worksheet_Titanic.json
Isabel,WS15,DTI_03,titanic_vs1_egitim.DTI_03,522,True,,ocr_output/Isabel/Isabel_Worksheet_Titanic.json
Isabel,WS15,DTI_04,titanic_vs1_egitim.DTI_04,sol kutu,True,,ocr_output/Isabel/Isabel_Worksheet_Titanic.json
Isabel,WS15,DTI_05,titanic_vs1_egitim.DTI_05,(290 + 522) / 812 = 1,True,,ocr_output/Isabel/Isabel_Worksheet_Titanic.json
Isabel,WS15,DTI_06,titanic_vs1_egitim.DTI_06,(290) / (290 + 0) = 1,True,,ocr_output/Isabel/Isabel_Worksheet_Titanic.json
Isabel,WS15,DTI_07,titanic_vs1_egitim.DTI_07,522 / (522 + 0) = 1,True,,ocr_output/Isabel/Isabel_Worksheet_Titanic.json
Isabel,WS15,DTI_08,titanic_vs1_egitim.DTI_08,290 / (290 + 0) = 1,True,,ocr_output/Isabel/Isabel_Worksheet_Titanic.json
Isabel,WS15,DTI_09,titanic_vs1_egitim.DTI_09,(0 + 0) / 812 = 0,True,,ocr_output/Isabel/Isabel_Worksheet_Titanic.json
Isabel,WS15,DTI_10,titanic_vs1_test.DTI_10,"231 kişi var, 105 hayatta",True,,ocr_output/Isabel/Isabel_Worksheet_Titanic.json
Isabel,WS15,DTI_11,titanic_vs1_test.DTI_11,96 . 56 hayatta,True,,ocr_output/Isabel/Isabel_Worksheet_Titanic.json
Isabel,WS15,DTI_12,titanic_vs1_test.DTI_12,"135 kişi var, 56 hayatta",True,,ocr_output/Isabel/Isabel_Worksheet_Titanic.json
Isabel,WS15,DTI_13,titanic_vs1_test.DTI_13,sağ kutu,True,,ocr_output/Isabel/Isabel_Worksheet_Titanic.json
Isabel,WS15,DTI_14,titanic_vs1_test.DTI_14,(48 + 40) / 231 = 88/231,False,NUMERIC_TOLERANCE,ocr_output/Isabel/Isabel_Worksheet_Titanic.json
Isabel,WS15,DTI_15,titanic_vs1_test.DTI_15,48 / (48 + 56) = 48/105,False,NUMERIC_TOLERANCE,ocr_output/Isabel/Isabel_Worksheet_Titanic.json
Isabel,WS15,DTI_16,titanic_vs1_test.DTI_16,40 / (40 + 86) = 40/126,False,NUMERIC_TOLERANCE,ocr_output/Isabel/Isabel_Worksheet_Titanic.json
Isabel,WS15,DTI_17,titanic_vs1_test.DTI_17,48 / (48 + 86) = 48/135,False,NUMERIC_TOLERANCE,ocr_output/Isabel/Isabel_Worksheet_Titanic.json
Isabel,WS15,DTI_18,titanic_vs1_test.DTI_18,(86 + 56) / 231 = 142/231,False,NUMERIC_TOLERANCE,ocr_output/Isabel/Isabel_Worksheet_Titanic.json
Isabel,WS15,DTI_19,titanic_vs1_interpretation.DTI_19,Eğitim seti daha iyi. Çünkü daha doğru sonuçlar verdi.,True,,ocr_output/Isabel/Isabel_Worksheet_Titanic.json
Isabel,WS15,DTI_20,titanic_vs1_interpretation.DTI_20,Aşırı öğrenme. Veriler karmaşık olabilir.,True,,ocr_output/Isabel/Isabel_Worksheet_Titanic.json
Isabel,WS15,DTI_21,titanic_vs1_interpretation.DTI_21,Performans düştü,True,,ocr_output/Isabel/Isabel_Worksheet_Titanic.json
Isabel,WS15,DTI_22,titanic_vs1_interpretation.DTI_22,Veri seti doğru gelişmedi.,True,,ocr_output/Isabel/Isabel_Worksheet_Titanic.json
Isabel,WS15,DTI_23,titanic_vs2_egitim.DTI_23,834 kişi var. 456'sı hayatta,True,,ocr_output/Isabel/Isabel_Worksheet_Titanic.json
Isabel,WS15,DTI_24,titanic_vs2_egitim.DTI_24,304 kadın var. 128'i hayatta,True,,ocr_output/Isabel/Isabel_Worksheet_Titanic.json
Isabel,WS15,DTI_25,titanic_vs2_egitim.DTI_25,530 kişi var. 328'i hayatta,True,,ocr_output/Isabel/Isabel_Worksheet_Titanic.json
Isabel,WS15,DTI_26,titanic_vs2_egitim.DTI_26,sağ kutu.,True,,ocr_output/Isabel/Isabel_Worksheet_Titanic.json
Isabel,WS15,DTI_27,titanic_vs2_egitim.DTI_27,(128 + 202) / 834,True,,ocr_output/Isabel/Isabel_Worksheet_Titanic.json
Isabel,WS15,DTI_28,titanic_vs2_egitim.DTI_28,(128) / (128 + 328),True,,ocr_output/Isabel/Isabel_Worksheet_Titanic.json
Isabel,WS15,DTI_29,titanic_vs2_egitim.DTI_29,202 / (202 + 176),True,,ocr_output/Isabel/Isabel_Worksheet_Titanic.json
Isabel,WS15,DTI_30,titanic_vs2_egitim.DTI_30,128 / (128 + 176),True,,ocr_output/Isabel/Isabel_Worksheet_Titanic.json
Isabel,WS15,DTI_31,titanic_vs2_egitim.DTI_31,(176 + 328) / 834,True,,ocr_output/Isabel/Isabel_Worksheet_Titanic.json
Isabel,WS15,DTI_32,titanic_vs2_test.DTI_32,209 kişi var 85 (i) hayatta,True,,ocr_output/Isabel/Isabel_Worksheet_Titanic.json
Isabel,WS15,DTI_33,titanic_vs2_test.DTI_33,82 kadın var. 61'i hayatta,True,,ocr_output/Isabel/Isabel_Worksheet_Titanic.json
Isabel,WS15,DTI_34,titanic_vs2_test.DTI_34,127 kişi var 24'ü hayatta,True,,ocr_output/Isabel/Isabel_Worksheet_Titanic.json
Isabel,WS15,DTI_35,titanic_vs2_test.DTI_35,sağ kutu,True,,ocr_output/Isabel/Isabel_Worksheet_Titanic.json
Isabel,WS15,DTI_36,titanic_vs2_test.DTI_36,(61 + 103) / 209,True,,ocr_output/Isabel/Isabel_Worksheet_Titanic.json
Isabel,WS15,DTI_37,titanic_vs2_test.DTI_37,61 / (61 + 24),True,,ocr_output/Isabel/Isabel_Worksheet_Titanic.json
Isabel,WS15,DTI_38,titanic_vs2_test.DTI_38,103 / (103 + 21),True,,ocr_output/Isabel/Isabel_Worksheet_Titanic.json
Isabel,WS15,DTI_39,titanic_vs2_test.DTI_39,61 / (61 + 21),True,,ocr_output/Isabel/Isabel_Worksheet_Titanic.json
Isabel,WS15,DTI_40,titanic_vs2_test.DTI_40,(21 + 24) / 209,True,,ocr_output/Isabel/Isabel_Worksheet_Titanic.json
Isabel,WS15,DTI_41,titanic_vs2_interpretation.DTI_41,Çok var yok. İkisi de kötü.,True,,ocr_output/Isabel/Isabel_Worksheet_Titanic.json
Isabel,WS15,DTI_42,titanic_vs2_interpretation.DTI_42,"Model hem eğitim hem test verisinde kötü performans sergiledi, underfitting durumu oldu. İki veride de kötü sonuç vermesidir. Veri seti uygun olmadı.",True,,ocr_output/Isabel/Isabel_Worksheet_Titanic.json
Isabel,WS15,DTI_43,titanic_vs2_interpretation.DTI_43,Veri seti uygun değildi.,False,TRAP_NOT_RECOGNIZED,ocr_output/Isabel/Isabel_Worksheet_Titanic.json
Isabel,WS15,DTI_44,titanic_vs2_interpretation.DTI_44,Veri seti uygun olmadı.,False,TRAP_NOT_RECOGNIZED,ocr_output/Isabel/Isabel_Worksheet_Titanic.json
Isabel,WS15,DTI_45,genel_sorular.DTI_45,Hem eğitim hem de test setinde başarılı olmalı. Metrikler doğru çıkmalı.,True,,ocr_output/Isabel/Isabel_Worksheet_Titanic.json
Isabel,WS15,DTI_46,genel_sorular.DTI_46,Test veri setiyle karşılaştırmalıyız.,True,,ocr_output/Isabel/Isabel_Worksheet_Titanic.json
Isabel,WS15,DTI_47,genel_sorular.DTI_47,Hayır. Hepsini karşılaştırarak bakmalıyız.,True,,ocr_output/Isabel/Isabel_Worksheet_Titanic.json
Marco,WS6,tree_structure,tree_structure.depth_0.parsed_feature,Doymuş Yağ,,,ocr_output/Marco/Marco_Worksheet6.json
Marco,WS6,tree_structure,tree_structure.depth_0.left_operator,≤,,,ocr_output/Marco/Marco_Worksheet6.json
Marco,WS6,tree_structure,tree_structure.depth_0.left_threshold_value,1.0,,,ocr_output/Marco/Marco_Worksheet6.json
Marco,WS6,tree_structure,tree_structure.depth_0.right_operator,<,,,ocr_output/Marco/Marco_Worksheet6.json
Marco,WS6,tree_structure,tree_structure.depth_0.right_threshold_value,1.0,,,ocr_output/Marco/Marco_Worksheet6.json
Marco,WS6,tree_structure,tree_structure.depth_1.left_child.is_direct_leaf,True,,,ocr_output/Marco/Marco_Worksheet6.json
Marco,WS6,tree_structure,tree_structure.depth_1.left_child.leaf_label,(bos),,,ocr_output/Marco/Marco_Worksheet6.json
Marco,WS6,tree_structure,tree_structure.depth_1.left_child.leaf_recommended_count,4,,,ocr_output/Marco/Marco_Worksheet6.json
Marco,WS6,tree_structure,tree_structure.depth_1.left_child.leaf_not_recommended_count,2,,,ocr_output/Marco/Marco_Worksheet6.json
Marco,WS6,tree_structure,tree_structure.depth_1.right_child.is_direct_leaf,True,,,ocr_output/Marco/Marco_Worksheet6.json
Marco,WS6,tree_structure,tree_structure.depth_1.right_child.leaf_label,(bos),,,ocr_output/Marco/Marco_Worksheet6.json
Marco,WS6,tree_structure,tree_structure.depth_1.right_child.leaf_recommended_count,2,,,ocr_output/Marco/Marco_Worksheet6.json
Marco,WS6,tree_structure,tree_structure.depth_1.right_child.leaf_not_recommended_count,3,,,ocr_output/Marco/Marco_Worksheet6.json
Marco,WS6,tree_structure,tree_structure.depth_2.leaf_nodes.left_left_leaf.not_applicable,True,,,ocr_output/Marco/Marco_Worksheet6.json
Marco,WS6,tree_structure,tree_structure.depth_2.leaf_nodes.left_right_leaf.not_applicable,True,,,ocr_output/Marco/Marco_Worksheet6.json
Marco,WS6,tree_structure,tree_structure.depth_2.leaf_nodes.right_left_leaf.not_applicable,True,,,ocr_output/Marco/Marco_Worksheet6.json
Marco,WS6,tree_structure,tree_structure.depth_2.leaf_nodes.right_right_leaf.not_applicable,True,,,ocr_output/Marco/Marco_Worksheet6.json
Marco,WS7,tree_structure,tree_structure.depth_0.left_operator,,,,ocr_output/Marco/Marco_Worksheet7.json
Marco,WS7,tree_structure,tree_structure.depth_0.left_threshold_value,,,,ocr_output/Marco/Marco_Worksheet7.json
Marco,WS7,tree_structure,tree_structure.depth_0.right_operator,,,,ocr_output/Marco/Marco_Worksheet7.json
Marco,WS7,tree_structure,tree_structure.depth_0.right_threshold_value,,,,ocr_output/Marco/Marco_Worksheet7.json
Marco,WS7,tree_structure,tree_structure.depth_1.left_child.path_label,A,,,ocr_output/Marco/Marco_Worksheet7.json
Marco,WS7,tree_structure,tree_structure.depth_1.left_child.node_recommended_count,,,,ocr_output/Marco/Marco_Worksheet7.json
Marco,WS7,tree_structure,tree_structure.depth_1.left_child.node_not_recommended_count,,,,ocr_output/Marco/Marco_Worksheet7.json
Marco,WS7,tree_structure,tree_structure.depth_1.right_child.parsed_feature,Doymuş Yağ,,,ocr_output/Marco/Marco_Worksheet7.json
Marco,WS7,tree_structure,tree_structure.depth_1.right_child.node_recommended_count,,,,ocr_output/Marco/Marco_Worksheet7.json
Marco,WS7,tree_structure,tree_structure.depth_1.right_child.node_not_recommended_count,,,,ocr_output/Marco/Marco_Worksheet7.json
Marco,WS7,tree_structure,tree_structure.depth_1.right_child.left_operator,≤,,,ocr_output/Marco/Marco_Worksheet7.json
Marco,WS7,tree_structure,tree_structure.depth_1.right_child.left_threshold_value,1,,,ocr_output/Marco/Marco_Worksheet7.json
Marco,WS7,tree_structure,tree_structure.depth_1.right_child.right_operator,<,,,ocr_output/Marco/Marco_Worksheet7.json
Marco,WS7,tree_structure,tree_structure.depth_1.right_child.right_threshold_value,1,,,ocr_output/Marco/Marco_Worksheet7.json
Marco,WS7,tree_structure,tree_structure.depth_2.leaf_nodes.right_left_leaf.path_label,B,,,ocr_output/Marco/Marco_Worksheet7.json
Marco,WS7,tree_structure,tree_structure.depth_2.leaf_nodes.right_left_leaf.leaf_recommended_count,0,,,ocr_output/Marco/Marco_Worksheet7.json
Marco,WS7,tree_structure,tree_structure.depth_2.leaf_nodes.right_left_leaf.leaf_not_recommended_count,,,,ocr_output/Marco/Marco_Worksheet7.json
Marco,WS7,tree_structure,tree_structure.depth_2.leaf_nodes.right_right_leaf.path_label,C,,,ocr_output/Marco/Marco_Worksheet7.json
Marco,WS7,tree_structure,tree_structure.depth_2.leaf_nodes.right_right_leaf.leaf_recommended_count,,,,ocr_output/Marco/Marco_Worksheet7.json
Marco,WS7,tree_structure,tree_structure.depth_2.leaf_nodes.right_right_leaf.leaf_not_recommended_count,5,,,ocr_output/Marco/Marco_Worksheet7.json
Marco,WS7,rule_matching,rule_matching.rule_1_box,,,,ocr_output/Marco/Marco_Worksheet7.json
Marco,WS7,rule_matching,rule_matching.rule_2_box,,,,ocr_output/Marco/Marco_Worksheet7.json
Marco,WS7,rule_matching,rule_matching.rule_3_box,,,,ocr_output/Marco/Marco_Worksheet7.json
Marco,WS10,WS10_B1,threshold_error_table.WS10_B1.error_count_parsed,4,True,,ocr_output/Marco/Marco_Worksheet10.json
Marco,WS10,WS10_B2,threshold_error_table.WS10_B2.error_count_parsed,3,True,,ocr_output/Marco/Marco_Worksheet10.json
Marco,WS10,WS10_B3,threshold_error_table.WS10_B3.error_count_parsed,2,True,,ocr_output/Marco/Marco_Worksheet10.json
Marco,WS10,WS10_B4,threshold_error_table.WS10_B4.error_count_parsed,3,True,,ocr_output/Marco/Marco_Worksheet10.json
Marco,WS10,WS10_B5,threshold_error_table.WS10_B5.error_count_parsed,2,True,,ocr_output/Marco/Marco_Worksheet10.json
Marco,WS10,WS10_B6,threshold_error_table.WS10_B6.error_count_parsed,1,True,,ocr_output/Marco/Marco_Worksheet10.json
Marco,WS10,WS10_B7,threshold_error_table.WS10_B7.error_count_parsed,2,True,,ocr_output/Marco/Marco_Worksheet10.json
Marco,WS10,optimal_threshold,optimal_threshold.value_parsed,408.0,,,ocr_output/Marco/Marco_Worksheet10.json
Marco,WS14,DTI_01,DTI_01,"15 tane vaka içermektedir. 12 tanesi hasta, 3 tanesi sağlıklıdır. %80'i hastadır.",True,,ocr_output/Marco/Marco_Worksheet_Xeno.json
Marco,WS14,DTI_02,DTI_02,"Toplamda 3 tane mavi saçlı var. Mavi saçlıların tamamı (3 tane) [corrected: crossed out] sağlıklıdır, %0'ı hastadır.",True,,ocr_output/Marco/Marco_Worksheet_Xeno.json
Marco,WS14,DTI_03,DTI_03,Toplamda 12 tane pembe saçlı vardır. Tamamı (%100'ü) hastadır. Pembe saç ile hastalık arasında doğru orantı vardır. Pembe saçlı herkes hastadır.,True,,ocr_output/Marco/Marco_Worksheet_Xeno.json
Marco,WS14,DTI_04,DTI_04,Pembe saçlı olma durumuna baktım. | [üstte: pozitif (hasta olarak etiketlendi)],True,,ocr_output/Marco/Marco_Worksheet_Xeno.json
Marco,WS14,DTI_05,DTI_05,(bos),False,BLANK,ocr_output/Marco/Marco_Worksheet_Xeno.json
Marco,WS14,DTI_06,DTI_06,"İyi bir ayırıcıdır. Tüm pembeler hasta, maviler sağlıklı.",True,,ocr_output/Marco/Marco_Worksheet_Xeno.json
Marco,WS14,DTI_07,DTI_07,Muhtemelen doğru olurdu. Çünkü hata olasılığı sıfır.,True,,ocr_output/Marco/Marco_Worksheet_Xeno.json
Marco,WS14,DTI_08,DTI_08,"Bence FP daha tehlikeli, çünkü sağlıklı olan bireye tedavi uygulamak ölümcül olabilir.",True,,ocr_output/Marco/Marco_Worksheet_Xeno.json
Marco,WS14,DTI_09,DTI_09,"%100 doğru yaptı. Hastalar pembe, sağlıklılar mavi saçlı.",True,,ocr_output/Marco/Marco_Worksheet_Xeno.json
Marco,WS14,DTI_10,DTI_10,20,True,,ocr_output/Marco/Marco_Worksheet_Xeno.json
Marco,WS14,DTI_11,DTI_11,Model hasta dedi gerçekten hasta.,True,,ocr_output/Marco/Marco_Worksheet_Xeno.json
Marco,WS14,DTI_12,DTI_12,13,True,,ocr_output/Marco/Marco_Worksheet_Xeno.json
Marco,WS14,DTI_13,DTI_13,Model sağlıklı dedi gerçekten sağlıklı.,True,,ocr_output/Marco/Marco_Worksheet_Xeno.json
Marco,WS14,DTI_14,DTI_14,0,True,,ocr_output/Marco/Marco_Worksheet_Xeno.json
Marco,WS14,DTI_15,DTI_15,Model sağlıklı olmasına rağmen hasta dedi.,True,,ocr_output/Marco/Marco_Worksheet_Xeno.json
Marco,WS14,DTI_16,DTI_16,0,True,,ocr_output/Marco/Marco_Worksheet_Xeno.json
Marco,WS14,DTI_17,DTI_17,Model hasta olmasına rağmen sağlıklı dedi.,True,,ocr_output/Marco/Marco_Worksheet_Xeno.json
Marco,WS14,DTI_18,DTI_18,33,True,,ocr_output/Marco/Marco_Worksheet_Xeno.json
Marco,WS14,DTI_19,DTI_19,(bos),False,BLANK,ocr_output/Marco/Marco_Worksheet_Xeno.json
Marco,WS14,DTI_20,DTI_20,(TP+TN)/N  33/33 = 1,True,,ocr_output/Marco/Marco_Worksheet_Xeno.json
Marco,WS14,DTI_21,DTI_21,Hepsi doğru,True,,ocr_output/Marco/Marco_Worksheet_Xeno.json
Marco,WS14,DTI_22,DTI_22,TP 20/20 = 1,True,,ocr_output/Marco/Marco_Worksheet_Xeno.json
Marco,WS14,DTI_23,DTI_23,Hepsi doğru,True,,ocr_output/Marco/Marco_Worksheet_Xeno.json
Marco,WS14,DTI_24,DTI_24,13/13 = 1,True,,ocr_output/Marco/Marco_Worksheet_Xeno.json
Marco,WS14,DTI_25,DTI_25,Hepsi doğru,True,,ocr_output/Marco/Marco_Worksheet_Xeno.json
Marco,WS14,DTI_26,DTI_26,20/20 = 1,True,,ocr_output/Marco/Marco_Worksheet_Xeno.json
Marco,WS14,DTI_27,DTI_27,Hepsi doğru.,True,,ocr_output/Marco/Marco_Worksheet_Xeno.json
Marco,WS14,DTI_28,DTI_28,[corrected: crossed out] Bu veriler için hepsini kullanabilirim çünkü hepsi doğru.,True,,ocr_output/Marco/Marco_Worksheet_Xeno.json
Marco,WS14,DTI_29,DTI_29,TP/(TP+TN+FN+FP),True,,ocr_output/Marco/Marco_Worksheet_Xeno.json
Marco,WS14,DTI_30,DTI_30,TP durumunun tüm durumlara oranını buluyor.,True,,ocr_output/Marco/Marco_Worksheet_Xeno.json
Marco,WS14,DTI_31,DTI_31,Sadece TP olması ihtimalinin tüm durumuna tercih edildiği durumlarda kullanılmalı.,True,,ocr_output/Marco/Marco_Worksheet_Xeno.json
Marco,WS14,DTI_32,DTI_32,0/33 = 0,True,,ocr_output/Marco/Marco_Worksheet_Xeno.json
Marco,WS14,DTI_33,DTI_33,Yanlış karar.,True,,ocr_output/Marco/Marco_Worksheet_Xeno.json
Marco,WS15,DTI_01,titanic_vs1_egitim.DTI_01,(bos),False,BLANK,ocr_output/Marco/Marco_Worksheet_Titanic.json
Marco,WS15,DTI_02,titanic_vs1_egitim.DTI_02,(bos),False,BLANK,ocr_output/Marco/Marco_Worksheet_Titanic.json
Marco,WS15,DTI_03,titanic_vs1_egitim.DTI_03,(bos),False,BLANK,ocr_output/Marco/Marco_Worksheet_Titanic.json
Marco,WS15,DTI_04,titanic_vs1_egitim.DTI_04,(bos),False,BLANK,ocr_output/Marco/Marco_Worksheet_Titanic.json
Marco,WS15,DTI_05,titanic_vs1_egitim.DTI_05,(bos),False,BLANK,ocr_output/Marco/Marco_Worksheet_Titanic.json
Marco,WS15,DTI_06,titanic_vs1_egitim.DTI_06,(bos),False,BLANK,ocr_output/Marco/Marco_Worksheet_Titanic.json
Marco,WS15,DTI_07,titanic_vs1_egitim.DTI_07,(bos),False,BLANK,ocr_output/Marco/Marco_Worksheet_Titanic.json
Marco,WS15,DTI_08,titanic_vs1_egitim.DTI_08,(bos),False,BLANK,ocr_output/Marco/Marco_Worksheet_Titanic.json
Marco,WS15,DTI_09,titanic_vs1_egitim.DTI_09,(bos),False,BLANK,ocr_output/Marco/Marco_Worksheet_Titanic.json
Marco,WS15,DTI_10,titanic_vs1_test.DTI_10,290,True,,ocr_output/Marco/Marco_Worksheet_Titanic.json
Marco,WS15,DTI_11,titanic_vs1_test.DTI_11,290,True,,ocr_output/Marco/Marco_Worksheet_Titanic.json
Marco,WS15,DTI_12,titanic_vs1_test.DTI_12,522,True,,ocr_output/Marco/Marco_Worksheet_Titanic.json
Marco,WS15,DTI_13,titanic_vs1_test.DTI_13,290,True,,ocr_output/Marco/Marco_Worksheet_Titanic.json
Marco,WS15,DTI_14,titanic_vs1_test.DTI_14,290 + 522 / 822 = 812 / 822 = [circled: 1],False,NUMERIC_TOLERANCE,ocr_output/Marco/Marco_Worksheet_Titanic.json
Marco,WS15,DTI_15,titanic_vs1_test.DTI_15,290 / 290 = 1,False,NUMERIC_TOLERANCE,ocr_output/Marco/Marco_Worksheet_Titanic.json
Marco,WS15,DTI_16,titanic_vs1_test.DTI_16,0 / 0 = 522 / 522 = 1,False,UNPARSEABLE,ocr_output/Marco/Marco_Worksheet_Titanic.json
Marco,WS15,DTI_17,titanic_vs1_test.DTI_17,290 / 290 = 1,False,NUMERIC_TOLERANCE,ocr_output/Marco/Marco_Worksheet_Titanic.json
Marco,WS15,DTI_18,titanic_vs1_test.DTI_18,0 + 0 / 822 = 0,False,NUMERIC_TOLERANCE,ocr_output/Marco/Marco_Worksheet_Titanic.json
Marco,WS15,DTI_19,titanic_vs1_interpretation.DTI_19,Eğitim çok iyi,True,,ocr_output/Marco/Marco_Worksheet_Titanic.json
Marco,WS15,DTI_20,titanic_vs1_interpretation.DTI_20,(bos),False,BLANK,ocr_output/Marco/Marco_Worksheet_Titanic.json
Marco,WS15,DTI_21,titanic_vs1_interpretation.DTI_21,(bos),False,BLANK,ocr_output/Marco/Marco_Worksheet_Titanic.json
Marco,WS15,DTI_22,titanic_vs1_interpretation.DTI_22,(bos),False,BLANK,ocr_output/Marco/Marco_Worksheet_Titanic.json
Marco,WS15,DTI_23,titanic_vs2_egitim.DTI_23,(bos),False,BLANK,ocr_output/Marco/Marco_Worksheet_Titanic.json
Marco,WS15,DTI_24,titanic_vs2_egitim.DTI_24,(bos),False,BLANK,ocr_output/Marco/Marco_Worksheet_Titanic.json
Marco,WS15,DTI_25,titanic_vs2_egitim.DTI_25,(bos),False,BLANK,ocr_output/Marco/Marco_Worksheet_Titanic.json
Marco,WS15,DTI_26,titanic_vs2_egitim.DTI_26,(bos),False,BLANK,ocr_output/Marco/Marco_Worksheet_Titanic.json
Marco,WS15,DTI_27,titanic_vs2_egitim.DTI_27,(bos),False,BLANK,ocr_output/Marco/Marco_Worksheet_Titanic.json
Marco,WS15,DTI_28,titanic_vs2_egitim.DTI_28,(bos),False,BLANK,ocr_output/Marco/Marco_Worksheet_Titanic.json
Marco,WS15,DTI_29,titanic_vs2_egitim.DTI_29,(bos),False,BLANK,ocr_output/Marco/Marco_Worksheet_Titanic.json
Marco,WS15,DTI_30,titanic_vs2_egitim.DTI_30,(bos),False,BLANK,ocr_output/Marco/Marco_Worksheet_Titanic.json
Marco,WS15,DTI_31,titanic_vs2_egitim.DTI_31,(bos),False,BLANK,ocr_output/Marco/Marco_Worksheet_Titanic.json
Marco,WS15,DTI_32,titanic_vs2_test.DTI_32,231,True,,ocr_output/Marco/Marco_Worksheet_Titanic.json
Marco,WS15,DTI_33,titanic_vs2_test.DTI_33,(bos),False,BLANK,ocr_output/Marco/Marco_Worksheet_Titanic.json
Marco,WS15,DTI_34,titanic_vs2_test.DTI_34,(bos),False,BLANK,ocr_output/Marco/Marco_Worksheet_Titanic.json
Marco,WS15,DTI_35,titanic_vs2_test.DTI_35,(bos),False,BLANK,ocr_output/Marco/Marco_Worksheet_Titanic.json
Marco,WS15,DTI_36,titanic_vs2_test.DTI_36,(bos),False,BLANK,ocr_output/Marco/Marco_Worksheet_Titanic.json
Marco,WS15,DTI_37,titanic_vs2_test.DTI_37,(bos),False,BLANK,ocr_output/Marco/Marco_Worksheet_Titanic.json
Marco,WS15,DTI_38,titanic_vs2_test.DTI_38,(bos),False,BLANK,ocr_output/Marco/Marco_Worksheet_Titanic.json
Marco,WS15,DTI_39,titanic_vs2_test.DTI_39,(bos),False,BLANK,ocr_output/Marco/Marco_Worksheet_Titanic.json
Marco,WS15,DTI_40,titanic_vs2_test.DTI_40,(bos),False,BLANK,ocr_output/Marco/Marco_Worksheet_Titanic.json
Marco,WS15,DTI_41,titanic_vs2_interpretation.DTI_41,(bos),False,BLANK,ocr_output/Marco/Marco_Worksheet_Titanic.json
Marco,WS15,DTI_42,titanic_vs2_interpretation.DTI_42,(bos),False,BLANK,ocr_output/Marco/Marco_Worksheet_Titanic.json
Marco,WS15,DTI_43,titanic_vs2_interpretation.DTI_43,(bos),False,BLANK,ocr_output/Marco/Marco_Worksheet_Titanic.json
Marco,WS15,DTI_44,titanic_vs2_interpretation.DTI_44,(bos),False,BLANK,ocr_output/Marco/Marco_Worksheet_Titanic.json
Marco,WS15,DTI_45,genel_sorular.DTI_45,(bos),False,BLANK,ocr_output/Marco/Marco_Worksheet_Titanic.json
Marco,WS15,DTI_46,genel_sorular.DTI_46,underfitting durumu söz konusudur,True,,ocr_output/Marco/Marco_Worksheet_Titanic.json
Marco,WS15,DTI_47,genel_sorular.DTI_47,(bos),False,BLANK,ocr_output/Marco/Marco_Worksheet_Titanic.json
Marcus,WS1,WS1_B1,WS1_B1,etiket,True,,ocr_output/Marcus/Marcus_Worksheet1.json
Marcus,WS1,WS1_B2,WS1_B2,nesne,True,,ocr_output/Marcus/Marcus_Worksheet1.json
Marcus,WS1,WS1_B3,WS1_B3,özellik,True,,ocr_output/Marcus/Marcus_Worksheet1.json
Marcus,WS1,WS1_B4,WS1_B4,değişken,False,feature_term_instead_of_value_term,ocr_output/Marcus/Marcus_Worksheet1.json
Marcus,WS1,WS1_B5,WS1_B5,değişken,False,wrong_term: 'değişken',ocr_output/Marcus/Marcus_Worksheet1.json
Marcus,WS1,WS1_B6,WS1_B6,nesne,True,,ocr_output/Marcus/Marcus_Worksheet1.json
Marcus,WS1,WS1_B7,WS1_B7,nesne,False,wrong_term: 'nesne',ocr_output/Marcus/Marcus_Worksheet1.json
Marcus,WS1,WS1_B8,WS1_B8,karakteristik,False,wrote_term_instead_of_count,ocr_output/Marcus/Marcus_Worksheet1.json
Marcus,WS1,WS1_B9,WS1_B9,"Enerji, yağ, şeker, tuz, karbonhidrat",True,,ocr_output/Marcus/Marcus_Worksheet1.json
Marcus,WS1,WS1_B10,WS1_B10,değişken,False,wrong_example: 'değişken',ocr_output/Marcus/Marcus_Worksheet1.json
Marcus,WS1,WS1_B11,WS1_B11,etiket,True,,ocr_output/Marcus/Marcus_Worksheet1.json
Marcus,WS3,WS3_B1,WS3_B1,tavsiye edilmez,True,,ocr_output/Marcus/Marcus_Worksheet3.json
Marcus,WS3,WS3_B2,WS3_B2,8 < 23,True,,ocr_output/Marcus/Marcus_Worksheet3.json
Marcus,WS3,WS3_B3,WS3_B3,tavsiye edilir,True,,ocr_output/Marcus/Marcus_Worksheet3.json
Marcus,WS3,WS3_B4,WS3_B4,"0,2 < 8",True,,ocr_output/Marcus/Marcus_Worksheet3.json
Marcus,WS3,WS3_B5,WS3_B5,tavsiye edilmez,True,,ocr_output/Marcus/Marcus_Worksheet3.json
Marcus,WS3,WS3_B6,WS3_B6,8 < 24,,,ocr_output/Marcus/Marcus_Worksheet3.json
Marcus,WS3,WS3_B7,WS3_B7,≤ 175,True,,ocr_output/Marcus/Marcus_Worksheet3.json
Marcus,WS3,WS3_B8,WS3_B8,> 175,True,,ocr_output/Marcus/Marcus_Worksheet3.json
Marcus,WS4,WS4_B1,WS4_B1.threshold_value_raw,"13,5",True,,ocr_output/Marcus/Marcus_Worksheet4.json
Marcus,WS4,WS4_B1,WS4_B1.threshold_value_parsed,13.5,True,,ocr_output/Marcus/Marcus_Worksheet4.json
Marcus,WS4,WS4_B1,WS4_B1.placement_description,"Avokado (13g) ile patates kızartması (14g) arasına dikey bir çizgi çizilmiş ve yanına '13,5' yazılmış.",True,,ocr_output/Marcus/Marcus_Worksheet4.json
Marcus,WS4,WS4_B2,WS4_B2.detection_method,circle,True,,ocr_output/Marcus/Marcus_Worksheet4.json
Marcus,WS4,WS4_B2,WS4_B2.circled_cards,"jelibon, kraker, yulaf, avokado",True,,ocr_output/Marcus/Marcus_Worksheet4.json
Marcus,WS4,WS4_B2,WS4_B2.written_foods,,True,,ocr_output/Marcus/Marcus_Worksheet4.json
Marcus,WS4,WS4_B2,WS4_B2.foods_parsed,"jelibon, kraker, yulaf, avokado",True,,ocr_output/Marcus/Marcus_Worksheet4.json
Marcus,WS4,WS4_B3,WS4_B3.response_raw,4 den 2 hataya düşürüldü,True,,ocr_output/Marcus/Marcus_Worksheet4.json
Marcus,WS4,WS4_B4,WS4_B4.agrees_with_pia,,,unclear_pia_response,ocr_output/Marcus/Marcus_Worksheet4.json
Marcus,WS4,WS4_B4,WS4_B4.response_raw,(Evet daha az hata payı olan yerler var.),,unclear_pia_response,ocr_output/Marcus/Marcus_Worksheet4.json
Marcus,WS4,WS4_B5,WS4_B5.threshold_value_raw,160-223 | 180,True,,ocr_output/Marcus/Marcus_Worksheet4.json
Marcus,WS4,WS4_B5,WS4_B5.threshold_value_parsed,180.0,True,,ocr_output/Marcus/Marcus_Worksheet4.json
Marcus,WS5,trials[1],trials[1].trial_id,1,,,ocr_output/Marcus/Marcus_Worksheet5.json
Marcus,WS5,trials[1],trials[1].parsed_feature,yağ,,,ocr_output/Marcus/Marcus_Worksheet5.json
Marcus,WS5,trials[1],trials[1].left_operator,<=,,,ocr_output/Marcus/Marcus_Worksheet5.json
Marcus,WS5,trials[1],trials[1].left_threshold,13.5,,,ocr_output/Marcus/Marcus_Worksheet5.json
Marcus,WS5,trials[1],trials[1].left_leaf_recommended,6,,,ocr_output/Marcus/Marcus_Worksheet5.json
Marcus,WS5,trials[1],trials[1].left_leaf_not_recommended,2,,,ocr_output/Marcus/Marcus_Worksheet5.json
Marcus,WS5,trials[1],trials[1].right_operator,>,,,ocr_output/Marcus/Marcus_Worksheet5.json
Marcus,WS5,trials[1],trials[1].right_threshold,13.5,,,ocr_output/Marcus/Marcus_Worksheet5.json
Marcus,WS5,trials[1],trials[1].right_leaf_recommended,0,,,ocr_output/Marcus/Marcus_Worksheet5.json
Marcus,WS5,trials[1],trials[1].right_leaf_not_recommended,3,,,ocr_output/Marcus/Marcus_Worksheet5.json
Marcus,WS5,trials[1],trials[1].student_error_count,2,,,ocr_output/Marcus/Marcus_Worksheet5.json
Marcus,WS5,trials[1],trials[1].student_mcr,,,,ocr_output/Marcus/Marcus_Worksheet5.json
Marcus,WS5,trials[2],trials[2].trial_id,2,,,ocr_output/Marcus/Marcus_Worksheet5.json
Marcus,WS5,trials[2],trials[2].parsed_feature,şeker,,,ocr_output/Marcus/Marcus_Worksheet5.json
Marcus,WS5,trials[2],trials[2].left_operator,<=,,,ocr_output/Marcus/Marcus_Worksheet5.json
Marcus,WS5,trials[2],trials[2].left_threshold,10.0,,,ocr_output/Marcus/Marcus_Worksheet5.json
Marcus,WS5,trials[2],trials[2].left_leaf_recommended,5,,,ocr_output/Marcus/Marcus_Worksheet5.json
Marcus,WS5,trials[2],trials[2].left_leaf_not_recommended,2,,,ocr_output/Marcus/Marcus_Worksheet5.json
Marcus,WS5,trials[2],trials[2].right_operator,>,,,ocr_output/Marcus/Marcus_Worksheet5.json
Marcus,WS5,trials[2],trials[2].right_threshold,10.0,,,ocr_output/Marcus/Marcus_Worksheet5.json
Marcus,WS5,trials[2],trials[2].right_leaf_recommended,1,,,ocr_output/Marcus/Marcus_Worksheet5.json
Marcus,WS5,trials[2],trials[2].right_leaf_not_recommended,3,,,ocr_output/Marcus/Marcus_Worksheet5.json
Marcus,WS5,trials[2],trials[2].student_error_count,3,,,ocr_output/Marcus/Marcus_Worksheet5.json
Marcus,WS5,trials[2],trials[2].student_mcr,,,,ocr_output/Marcus/Marcus_Worksheet5.json
Marcus,WS5,trials[3],trials[3].trial_id,3,,,ocr_output/Marcus/Marcus_Worksheet5.json
Marcus,WS5,trials[3],trials[3].parsed_feature,protein,,,ocr_output/Marcus/Marcus_Worksheet5.json
Marcus,WS5,trials[3],trials[3].left_operator,<=,,,ocr_output/Marcus/Marcus_Worksheet5.json
Marcus,WS5,trials[3],trials[3].left_threshold,2.0,,,ocr_output/Marcus/Marcus_Worksheet5.json
Marcus,WS5,trials[3],trials[3].left_leaf_recommended,4,,,ocr_output/Marcus/Marcus_Worksheet5.json
Marcus,WS5,trials[3],trials[3].left_leaf_not_recommended,1,,,ocr_output/Marcus/Marcus_Worksheet5.json
Marcus,WS5,trials[3],trials[3].right_operator,>,,,ocr_output/Marcus/Marcus_Worksheet5.json
Marcus,WS5,trials[3],trials[3].right_threshold,2.0,,,ocr_output/Marcus/Marcus_Worksheet5.json
Marcus,WS5,trials[3],trials[3].right_leaf_recommended,2,,,ocr_output/Marcus/Marcus_Worksheet5.json
Marcus,WS5,trials[3],trials[3].right_leaf_not_recommended,4,,,ocr_output/Marcus/Marcus_Worksheet5.json
Marcus,WS5,trials[3],trials[3].student_error_count,3,,,ocr_output/Marcus/Marcus_Worksheet5.json
Marcus,WS5,trials[3],trials[3].student_mcr,,,,ocr_output/Marcus/Marcus_Worksheet5.json
Marcus,WS5,final_decision_raw,final_decision_raw,"yağ değişkeni için hangi eşik değerini seçiyorsunuz? Not alın: 13,8",,,ocr_output/Marcus/Marcus_Worksheet5.json
Marcus,WS6,tree_structure,tree_structure.depth_0.parsed_feature,Enerji,,,ocr_output/Marcus/Marcus_Worksheet6.json
Marcus,WS6,tree_structure,tree_structure.depth_0.left_operator,<,,,ocr_output/Marcus/Marcus_Worksheet6.json
Marcus,WS6,tree_structure,tree_structure.depth_0.left_threshold_value,220.0,,,ocr_output/Marcus/Marcus_Worksheet6.json
Marcus,WS6,tree_structure,tree_structure.depth_0.right_operator,≤,,,ocr_output/Marcus/Marcus_Worksheet6.json
Marcus,WS6,tree_structure,tree_structure.depth_0.right_threshold_value,220.0,,,ocr_output/Marcus/Marcus_Worksheet6.json
Marcus,WS6,tree_structure,tree_structure.depth_1.left_child.parsed_feature,,,,ocr_output/Marcus/Marcus_Worksheet6.json
Marcus,WS6,tree_structure,tree_structure.depth_1.left_child.node_recommended_count,,,,ocr_output/Marcus/Marcus_Worksheet6.json
Marcus,WS6,tree_structure,tree_structure.depth_1.left_child.node_not_recommended_count,,,,ocr_output/Marcus/Marcus_Worksheet6.json
Marcus,WS6,tree_structure,tree_structure.depth_1.left_child.left_operator,,,,ocr_output/Marcus/Marcus_Worksheet6.json
Marcus,WS6,tree_structure,tree_structure.depth_1.left_child.left_threshold_value,,,,ocr_output/Marcus/Marcus_Worksheet6.json
Marcus,WS6,tree_structure,tree_structure.depth_1.left_child.right_operator,,,,ocr_output/Marcus/Marcus_Worksheet6.json
Marcus,WS6,tree_structure,tree_structure.depth_1.left_child.right_threshold_value,,,,ocr_output/Marcus/Marcus_Worksheet6.json
Marcus,WS6,tree_structure,tree_structure.depth_1.right_child.parsed_feature,Protein,,,ocr_output/Marcus/Marcus_Worksheet6.json
Marcus,WS6,tree_structure,tree_structure.depth_1.right_child.node_recommended_count,,,,ocr_output/Marcus/Marcus_Worksheet6.json
Marcus,WS6,tree_structure,tree_structure.depth_1.right_child.node_not_recommended_count,,,,ocr_output/Marcus/Marcus_Worksheet6.json
Marcus,WS6,tree_structure,tree_structure.depth_1.right_child.left_operator,≤,,,ocr_output/Marcus/Marcus_Worksheet6.json
Marcus,WS6,tree_structure,tree_structure.depth_1.right_child.left_threshold_value,13.0,,,ocr_output/Marcus/Marcus_Worksheet6.json
Marcus,WS6,tree_structure,tree_structure.depth_1.right_child.right_operator,<,,,ocr_output/Marcus/Marcus_Worksheet6.json
Marcus,WS6,tree_structure,tree_structure.depth_1.right_child.right_threshold_value,13,,,ocr_output/Marcus/Marcus_Worksheet6.json
Marcus,WS6,tree_structure,tree_structure.depth_2.leaf_nodes.left_left_leaf.leaf_label,,,,ocr_output/Marcus/Marcus_Worksheet6.json
Marcus,WS6,tree_structure,tree_structure.depth_2.leaf_nodes.left_left_leaf.leaf_recommended_count,,,,ocr_output/Marcus/Marcus_Worksheet6.json
Marcus,WS6,tree_structure,tree_structure.depth_2.leaf_nodes.left_left_leaf.leaf_not_recommended_count,,,,ocr_output/Marcus/Marcus_Worksheet6.json
Marcus,WS6,tree_structure,tree_structure.depth_2.leaf_nodes.left_right_leaf.leaf_label,,,,ocr_output/Marcus/Marcus_Worksheet6.json
Marcus,WS6,tree_structure,tree_structure.depth_2.leaf_nodes.left_right_leaf.leaf_recommended_count,,,,ocr_output/Marcus/Marcus_Worksheet6.json
Marcus,WS6,tree_structure,tree_structure.depth_2.leaf_nodes.left_right_leaf.leaf_not_recommended_count,,,,ocr_output/Marcus/Marcus_Worksheet6.json
Marcus,WS6,tree_structure,tree_structure.depth_2.leaf_nodes.right_left_leaf.leaf_label,,,,ocr_output/Marcus/Marcus_Worksheet6.json
Marcus,WS6,tree_structure,tree_structure.depth_2.leaf_nodes.right_left_leaf.leaf_recommended_count,,,,ocr_output/Marcus/Marcus_Worksheet6.json
Marcus,WS6,tree_structure,tree_structure.depth_2.leaf_nodes.right_left_leaf.leaf_not_recommended_count,,,,ocr_output/Marcus/Marcus_Worksheet6.json
Marcus,WS6,tree_structure,tree_structure.depth_2.leaf_nodes.right_right_leaf.leaf_label,,,,ocr_output/Marcus/Marcus_Worksheet6.json
Marcus,WS6,tree_structure,tree_structure.depth_2.leaf_nodes.right_right_leaf.leaf_recommended_count,,,,ocr_output/Marcus/Marcus_Worksheet6.json
Marcus,WS6,tree_structure,tree_structure.depth_2.leaf_nodes.right_right_leaf.leaf_not_recommended_count,,,,ocr_output/Marcus/Marcus_Worksheet6.json
Marcus,WS7,tree_structure,tree_structure.depth_0.left_operator,<,,,ocr_output/Marcus/Marcus_Worksheet7.json
Marcus,WS7,tree_structure,tree_structure.depth_0.left_threshold_value,280.0,,,ocr_output/Marcus/Marcus_Worksheet7.json
Marcus,WS7,tree_structure,tree_structure.depth_0.right_operator,≤,,,ocr_output/Marcus/Marcus_Worksheet7.json
Marcus,WS7,tree_structure,tree_structure.depth_0.right_threshold_value,280.0,,,ocr_output/Marcus/Marcus_Worksheet7.json
Marcus,WS7,tree_structure,tree_structure.depth_1.left_child.path_label,A,,,ocr_output/Marcus/Marcus_Worksheet7.json
Marcus,WS7,tree_structure,tree_structure.depth_1.left_child.node_recommended_count,,,,ocr_output/Marcus/Marcus_Worksheet7.json
Marcus,WS7,tree_structure,tree_structure.depth_1.left_child.node_not_recommended_count,,,,ocr_output/Marcus/Marcus_Worksheet7.json
Marcus,WS7,tree_structure,tree_structure.depth_1.right_child.parsed_feature,Protein,,,ocr_output/Marcus/Marcus_Worksheet7.json
Marcus,WS7,tree_structure,tree_structure.depth_1.right_child.node_recommended_count,,,,ocr_output/Marcus/Marcus_Worksheet7.json
Marcus,WS7,tree_structure,tree_structure.depth_1.right_child.node_not_recommended_count,,,,ocr_output/Marcus/Marcus_Worksheet7.json
Marcus,WS7,tree_structure,tree_structure.depth_1.right_child.left_operator,<,,,ocr_output/Marcus/Marcus_Worksheet7.json
Marcus,WS7,tree_structure,tree_structure.depth_1.right_child.left_threshold_value,11.0,,,ocr_output/Marcus/Marcus_Worksheet7.json
Marcus,WS7,tree_structure,tree_structure.depth_1.right_child.right_operator,≤,,,ocr_output/Marcus/Marcus_Worksheet7.json
Marcus,WS7,tree_structure,tree_structure.depth_1.right_child.right_threshold_value,11.0,,,ocr_output/Marcus/Marcus_Worksheet7.json
Marcus,WS7,tree_structure,tree_structure.depth_2.leaf_nodes.right_left_leaf.path_label,B,,,ocr_output/Marcus/Marcus_Worksheet7.json
Marcus,WS7,tree_structure,tree_structure.depth_2.leaf_nodes.right_left_leaf.leaf_recommended_count,,,,ocr_output/Marcus/Marcus_Worksheet7.json
Marcus,WS7,tree_structure,tree_structure.depth_2.leaf_nodes.right_left_leaf.leaf_not_recommended_count,,,,ocr_output/Marcus/Marcus_Worksheet7.json
Marcus,WS7,tree_structure,tree_structure.depth_2.leaf_nodes.right_right_leaf.path_label,C,,,ocr_output/Marcus/Marcus_Worksheet7.json
Marcus,WS7,tree_structure,tree_structure.depth_2.leaf_nodes.right_right_leaf.leaf_recommended_count,,,,ocr_output/Marcus/Marcus_Worksheet7.json
Marcus,WS7,tree_structure,tree_structure.depth_2.leaf_nodes.right_right_leaf.leaf_not_recommended_count,,,,ocr_output/Marcus/Marcus_Worksheet7.json
Marcus,WS7,rule_matching,rule_matching.rule_1_box,,,,ocr_output/Marcus/Marcus_Worksheet7.json
Marcus,WS7,rule_matching,rule_matching.rule_2_box,,,,ocr_output/Marcus/Marcus_Worksheet7.json
Marcus,WS7,rule_matching,rule_matching.rule_3_box,,,,ocr_output/Marcus/Marcus_Worksheet7.json
Marcus,WS10,WS10_B1,threshold_error_table.WS10_B1.error_count_parsed,4,True,,ocr_output/Marcus/Marcus_Worksheet10.json
Marcus,WS10,WS10_B2,threshold_error_table.WS10_B2.error_count_parsed,3,True,,ocr_output/Marcus/Marcus_Worksheet10.json
Marcus,WS10,WS10_B3,threshold_error_table.WS10_B3.error_count_parsed,2,True,,ocr_output/Marcus/Marcus_Worksheet10.json
Marcus,WS10,WS10_B4,threshold_error_table.WS10_B4.error_count_parsed,3,True,,ocr_output/Marcus/Marcus_Worksheet10.json
Marcus,WS10,WS10_B5,threshold_error_table.WS10_B5.error_count_parsed,2,True,,ocr_output/Marcus/Marcus_Worksheet10.json
Marcus,WS10,WS10_B6,threshold_error_table.WS10_B6.error_count_parsed,1,True,,ocr_output/Marcus/Marcus_Worksheet10.json
Marcus,WS10,WS10_B7,threshold_error_table.WS10_B7.error_count_parsed,2,True,,ocr_output/Marcus/Marcus_Worksheet10.json
Marcus,WS10,optimal_threshold,optimal_threshold.value_parsed,408.0,,,ocr_output/Marcus/Marcus_Worksheet10.json
Marcus,WS14,DTI_01,DTI_01,10 | %10 hasta 1 hasta 9 sağlıklı,True,,ocr_output/Marcus/Marcus_Worksheet_Xeno.json
Marcus,WS14,DTI_02,DTI_02,9 vaka var hiç biri hasta değil,True,,ocr_output/Marcus/Marcus_Worksheet_Xeno.json
Marcus,WS14,DTI_03,DTI_03,1 vaka var %100 ' ü hasta,True,,ocr_output/Marcus/Marcus_Worksheet_Xeno.json
Marcus,WS14,DTI_04,DTI_04,[corrected: negatif → pozitif] Saç,True,,ocr_output/Marcus/Marcus_Worksheet_Xeno.json
Marcus,WS14,DTI_05,DTI_05,(bos),False,BLANK,ocr_output/Marcus/Marcus_Worksheet_Xeno.json
Marcus,WS14,DTI_06,DTI_06,"Evet çünkü 1 tane farklı, farklı renk var o da hasta",True,,ocr_output/Marcus/Marcus_Worksheet_Xeno.json
Marcus,WS14,DTI_07,DTI_07,Yapamazdık,True,,ocr_output/Marcus/Marcus_Worksheet_Xeno.json
Marcus,WS14,DTI_08,DTI_08,"FN, çünkü birey ölebilir",True,,ocr_output/Marcus/Marcus_Worksheet_Xeno.json
Marcus,WS14,DTI_09,DTI_09,"Pembe saçlılar gene hasta, maviler gene sağlıklı",True,,ocr_output/Marcus/Marcus_Worksheet_Xeno.json
Marcus,WS14,DTI_10,DTI_10,6,True,,ocr_output/Marcus/Marcus_Worksheet_Xeno.json
Marcus,WS14,DTI_11,DTI_11,"Gerçekten hastayken, hastalar",True,,ocr_output/Marcus/Marcus_Worksheet_Xeno.json
Marcus,WS14,DTI_12,DTI_12,14,True,,ocr_output/Marcus/Marcus_Worksheet_Xeno.json
Marcus,WS14,DTI_13,DTI_13,"Gerçekten sağlıklıyken, sağlıklılar",True,,ocr_output/Marcus/Marcus_Worksheet_Xeno.json
Marcus,WS14,DTI_14,DTI_14,0,True,,ocr_output/Marcus/Marcus_Worksheet_Xeno.json
Marcus,WS14,DTI_15,DTI_15,Sağlıklıyken hastalar,True,,ocr_output/Marcus/Marcus_Worksheet_Xeno.json
Marcus,WS14,DTI_16,DTI_16,0,True,,ocr_output/Marcus/Marcus_Worksheet_Xeno.json
Marcus,WS14,DTI_17,DTI_17,Hastayken sağlıklılar,True,,ocr_output/Marcus/Marcus_Worksheet_Xeno.json
Marcus,WS14,DTI_18,DTI_18,20,True,,ocr_output/Marcus/Marcus_Worksheet_Xeno.json
Marcus,WS14,DTI_19,DTI_19,(bos),False,BLANK,ocr_output/Marcus/Marcus_Worksheet_Xeno.json
Marcus,WS14,DTI_20,DTI_20,20 / 20 = [circled: 1],True,,ocr_output/Marcus/Marcus_Worksheet_Xeno.json
Marcus,WS14,DTI_21,DTI_21,%100 Doğru,True,,ocr_output/Marcus/Marcus_Worksheet_Xeno.json
Marcus,WS14,DTI_22,DTI_22,6 / 6 = [circled: 1],True,,ocr_output/Marcus/Marcus_Worksheet_Xeno.json
Marcus,WS14,DTI_23,DTI_23,%100 Duyarlı,True,,ocr_output/Marcus/Marcus_Worksheet_Xeno.json
Marcus,WS14,DTI_24,DTI_24,14 / 14 = [circled: 1],True,,ocr_output/Marcus/Marcus_Worksheet_Xeno.json
Marcus,WS14,DTI_25,DTI_25,%100 Özgüllü,True,,ocr_output/Marcus/Marcus_Worksheet_Xeno.json
Marcus,WS14,DTI_26,DTI_26,6 / 6 = [circled: 1],True,,ocr_output/Marcus/Marcus_Worksheet_Xeno.json
Marcus,WS14,DTI_27,DTI_27,%100 kesinlik,True,,ocr_output/Marcus/Marcus_Worksheet_Xeno.json
Marcus,WS14,DTI_28,DTI_28,TP / (TP + FN) (Duyarlılık) → Bu metrik daha iyi sonuçlar veriyor,True,,ocr_output/Marcus/Marcus_Worksheet_Xeno.json
Marcus,WS14,DTI_29,DTI_29,TP / (TP + TP),True,,ocr_output/Marcus/Marcus_Worksheet_Xeno.json
Marcus,WS14,DTI_30,DTI_30,(bos),False,BLANK,ocr_output/Marcus/Marcus_Worksheet_Xeno.json
Marcus,WS14,DTI_31,DTI_31,(bos),False,BLANK,ocr_output/Marcus/Marcus_Worksheet_Xeno.json
Marcus,WS14,DTI_32,DTI_32,(bos),False,BLANK,ocr_output/Marcus/Marcus_Worksheet_Xeno.json
Marcus,WS14,DTI_33,DTI_33,(bos),False,BLANK,ocr_output/Marcus/Marcus_Worksheet_Xeno.json
Marcus,WS15,DTI_01,titanic_vs1_egitim.DTI_01,812 var 290 hayatta,True,,ocr_output/Marcus/Marcus_Worksheet_Titanic.json
Marcus,WS15,DTI_02,titanic_vs1_egitim.DTI_02,290 kişi var 290 hayatta,True,,ocr_output/Marcus/Marcus_Worksheet_Titanic.json
Marcus,WS15,DTI_03,titanic_vs1_egitim.DTI_03,522 kişi var,True,,ocr_output/Marcus/Marcus_Worksheet_Titanic.json
Marcus,WS15,DTI_04,titanic_vs1_egitim.DTI_04,female kutusu,True,,ocr_output/Marcus/Marcus_Worksheet_Titanic.json
Marcus,WS15,DTI_05,titanic_vs1_egitim.DTI_05,290 + 522 / 812,True,,ocr_output/Marcus/Marcus_Worksheet_Titanic.json
Marcus,WS15,DTI_06,titanic_vs1_egitim.DTI_06,522 / 522+0,True,,ocr_output/Marcus/Marcus_Worksheet_Titanic.json
Marcus,WS15,DTI_07,titanic_vs1_egitim.DTI_07,290 / 290+0,True,,ocr_output/Marcus/Marcus_Worksheet_Titanic.json
Marcus,WS15,DTI_08,titanic_vs1_egitim.DTI_08,522 / 522+0,True,,ocr_output/Marcus/Marcus_Worksheet_Titanic.json
Marcus,WS15,DTI_09,titanic_vs1_egitim.DTI_09,0 + 0 / 812,True,,ocr_output/Marcus/Marcus_Worksheet_Titanic.json
Marcus,WS15,DTI_10,titanic_vs1_test.DTI_10,812 var 290,True,,ocr_output/Marcus/Marcus_Worksheet_Titanic.json
Marcus,WS15,DTI_11,titanic_vs1_test.DTI_11,290 var 290,True,,ocr_output/Marcus/Marcus_Worksheet_Titanic.json
Marcus,WS15,DTI_12,titanic_vs1_test.DTI_12,522,True,,ocr_output/Marcus/Marcus_Worksheet_Titanic.json
Marcus,WS15,DTI_13,titanic_vs1_test.DTI_13,female,True,,ocr_output/Marcus/Marcus_Worksheet_Titanic.json
Marcus,WS15,DTI_14,titanic_vs1_test.DTI_14,290 + 522 / 812,False,NUMERIC_TOLERANCE,ocr_output/Marcus/Marcus_Worksheet_Titanic.json
Marcus,WS15,DTI_15,titanic_vs1_test.DTI_15,522 / 522+0,False,NUMERIC_TOLERANCE,ocr_output/Marcus/Marcus_Worksheet_Titanic.json
Marcus,WS15,DTI_16,titanic_vs1_test.DTI_16,290 / 290+0,False,NUMERIC_TOLERANCE,ocr_output/Marcus/Marcus_Worksheet_Titanic.json
Marcus,WS15,DTI_17,titanic_vs1_test.DTI_17,522 / 522+0,False,NUMERIC_TOLERANCE,ocr_output/Marcus/Marcus_Worksheet_Titanic.json
Marcus,WS15,DTI_18,titanic_vs1_test.DTI_18,0 + 0 / 812,False,NUMERIC_TOLERANCE,ocr_output/Marcus/Marcus_Worksheet_Titanic.json
Marcus,WS15,DTI_19,titanic_vs1_interpretation.DTI_19,Yok,True,,ocr_output/Marcus/Marcus_Worksheet_Titanic.json
Marcus,WS15,DTI_20,titanic_vs1_interpretation.DTI_20,Sorunlu model olduğu görünüyor,True,,ocr_output/Marcus/Marcus_Worksheet_Titanic.json
Marcus,WS15,DTI_21,titanic_vs1_interpretation.DTI_21,hata payını düşürmek için,True,,ocr_output/Marcus/Marcus_Worksheet_Titanic.json
Marcus,WS15,DTI_22,titanic_vs1_interpretation.DTI_22,benim yaptığımda bir sorun göremedim,True,,ocr_output/Marcus/Marcus_Worksheet_Titanic.json
Marcus,WS15,DTI_23,titanic_vs2_egitim.DTI_23,834 yolcu var 456 hayatta,True,,ocr_output/Marcus/Marcus_Worksheet_Titanic.json
Marcus,WS15,DTI_24,titanic_vs2_egitim.DTI_24,304 kişi var 128 hayatta,True,,ocr_output/Marcus/Marcus_Worksheet_Titanic.json
Marcus,WS15,DTI_25,titanic_vs2_egitim.DTI_25,530 kişi var 328 hayatta,True,,ocr_output/Marcus/Marcus_Worksheet_Titanic.json
Marcus,WS15,DTI_26,titanic_vs2_egitim.DTI_26,female,True,,ocr_output/Marcus/Marcus_Worksheet_Titanic.json
Marcus,WS15,DTI_27,titanic_vs2_egitim.DTI_27,128 + 202 / 834,True,,ocr_output/Marcus/Marcus_Worksheet_Titanic.json
Marcus,WS15,DTI_28,titanic_vs2_egitim.DTI_28,128 / 128+0,False,NUMERIC_TOLERANCE,ocr_output/Marcus/Marcus_Worksheet_Titanic.json
Marcus,WS15,DTI_29,titanic_vs2_egitim.DTI_29,202 / 202+0,False,NUMERIC_TOLERANCE,ocr_output/Marcus/Marcus_Worksheet_Titanic.json
Marcus,WS15,DTI_30,titanic_vs2_egitim.DTI_30,128 / 128+0,False,NUMERIC_TOLERANCE,ocr_output/Marcus/Marcus_Worksheet_Titanic.json
Marcus,WS15,DTI_31,titanic_vs2_egitim.DTI_31,0 + 0 / 834,False,NUMERIC_TOLERANCE,ocr_output/Marcus/Marcus_Worksheet_Titanic.json
Marcus,WS15,DTI_32,titanic_vs2_test.DTI_32,209/124,True,,ocr_output/Marcus/Marcus_Worksheet_Titanic.json
Marcus,WS15,DTI_33,titanic_vs2_test.DTI_33,82/61,True,,ocr_output/Marcus/Marcus_Worksheet_Titanic.json
Marcus,WS15,DTI_34,titanic_vs2_test.DTI_34,127/24,True,,ocr_output/Marcus/Marcus_Worksheet_Titanic.json
Marcus,WS15,DTI_35,titanic_vs2_test.DTI_35,female,True,,ocr_output/Marcus/Marcus_Worksheet_Titanic.json
Marcus,WS15,DTI_36,titanic_vs2_test.DTI_36,21 + 24 / 209,False,NUMERIC_TOLERANCE,ocr_output/Marcus/Marcus_Worksheet_Titanic.json
Marcus,WS15,DTI_37,titanic_vs2_test.DTI_37,21 / 21+0,False,NUMERIC_TOLERANCE,ocr_output/Marcus/Marcus_Worksheet_Titanic.json
Marcus,WS15,DTI_38,titanic_vs2_test.DTI_38,24 / 24+0,False,NUMERIC_TOLERANCE,ocr_output/Marcus/Marcus_Worksheet_Titanic.json
Marcus,WS15,DTI_39,titanic_vs2_test.DTI_39,21 / 21+0,False,NUMERIC_TOLERANCE,ocr_output/Marcus/Marcus_Worksheet_Titanic.json
Marcus,WS15,DTI_40,titanic_vs2_test.DTI_40,0 + 0 / 209,False,NUMERIC_TOLERANCE,ocr_output/Marcus/Marcus_Worksheet_Titanic.json
Marcus,WS15,DTI_41,titanic_vs2_interpretation.DTI_41,(bos),False,BLANK,ocr_output/Marcus/Marcus_Worksheet_Titanic.json
Marcus,WS15,DTI_42,titanic_vs2_interpretation.DTI_42,(bos),False,BLANK,ocr_output/Marcus/Marcus_Worksheet_Titanic.json
Marcus,WS15,DTI_43,titanic_vs2_interpretation.DTI_43,(bos),False,BLANK,ocr_output/Marcus/Marcus_Worksheet_Titanic.json
Marcus,WS15,DTI_44,titanic_vs2_interpretation.DTI_44,(bos),False,BLANK,ocr_output/Marcus/Marcus_Worksheet_Titanic.json
Marcus,WS15,DTI_45,genel_sorular.DTI_45,(bos),False,BLANK,ocr_output/Marcus/Marcus_Worksheet_Titanic.json
Marcus,WS15,DTI_46,genel_sorular.DTI_46,(bos),False,BLANK,ocr_output/Marcus/Marcus_Worksheet_Titanic.json
Marcus,WS15,DTI_47,genel_sorular.DTI_47,(bos),False,BLANK,ocr_output/Marcus/Marcus_Worksheet_Titanic.json
Melinda,WS1,WS1_B1,WS1_B1,etiket,True,,ocr_output/Melinda/Melinda_Worksheet1.json
Melinda,WS1,WS1_B2,WS1_B2,nesne,True,,ocr_output/Melinda/Melinda_Worksheet1.json
Melinda,WS1,WS1_B3,WS1_B3,özellik,True,,ocr_output/Melinda/Melinda_Worksheet1.json
Melinda,WS1,WS1_B4,WS1_B4,değişken,False,feature_term_instead_of_value_term,ocr_output/Melinda/Melinda_Worksheet1.json
Melinda,WS1,WS1_B5,WS1_B5,nesne,True,,ocr_output/Melinda/Melinda_Worksheet1.json
Melinda,WS1,WS1_B6,WS1_B6,nesne,True,,ocr_output/Melinda/Melinda_Worksheet1.json
Melinda,WS1,WS1_B7,WS1_B7,özellik,True,,ocr_output/Melinda/Melinda_Worksheet1.json
Melinda,WS1,WS1_B8,WS1_B8,karakteristik,False,wrote_term_instead_of_count,ocr_output/Melinda/Melinda_Worksheet1.json
Melinda,WS1,WS1_B9,WS1_B9,"Doymuş yağ 18,6gr, karbonhidrat 54gr, şeker 42,6gr, protein 7,6gr, tuz 0,4gr",True,,ocr_output/Melinda/Melinda_Worksheet1.json
Melinda,WS1,WS1_B10,WS1_B10,fındıklı gofret,True,,ocr_output/Melinda/Melinda_Worksheet1.json
Melinda,WS1,WS1_B11,WS1_B11,etiket,True,,ocr_output/Melinda/Melinda_Worksheet1.json
Melinda,WS3,WS3_B1,WS3_B1,tavsiye edilemez,True,,ocr_output/Melinda/Melinda_Worksheet3.json
Melinda,WS3,WS3_B2,WS3_B2,23 > 8,True,,ocr_output/Melinda/Melinda_Worksheet3.json
Melinda,WS3,WS3_B3,WS3_B3,tavsiye edilebilir,True,,ocr_output/Melinda/Melinda_Worksheet3.json
Melinda,WS3,WS3_B4,WS3_B4,"0,2 ≤ 8",,,ocr_output/Melinda/Melinda_Worksheet3.json
Melinda,WS3,WS3_B5,WS3_B5,tavsiye edilemez,True,,ocr_output/Melinda/Melinda_Worksheet3.json
Melinda,WS3,WS3_B6,WS3_B6,14 > 8,True,,ocr_output/Melinda/Melinda_Worksheet3.json
Melinda,WS3,WS3_B7,WS3_B7,< 100,True,,ocr_output/Melinda/Melinda_Worksheet3.json
Melinda,WS3,WS3_B8,WS3_B8,> 100,True,,ocr_output/Melinda/Melinda_Worksheet3.json
Melinda,WS4,WS4_B1,WS4_B1.threshold_value_raw,arrow drawn between avokado and patates kızartması cards,True,,ocr_output/Melinda/Melinda_Worksheet4.json
Melinda,WS4,WS4_B1,WS4_B1.threshold_value_parsed,13.5,True,,ocr_output/Melinda/Melinda_Worksheet4.json
Melinda,WS4,WS4_B1,WS4_B1.placement_description,"A vertical line/arrow is drawn on the card row between the avokado (13g fat) card and the patates kızartması (14g fat) card, indicating the threshold falls between these two values.",True,,ocr_output/Melinda/Melinda_Worksheet4.json
Melinda,WS4,WS4_B2,WS4_B2.detection_method,text,True,,ocr_output/Melinda/Melinda_Worksheet4.json
Melinda,WS4,WS4_B2,WS4_B2.circled_cards,[],True,,ocr_output/Melinda/Melinda_Worksheet4.json
Melinda,WS4,WS4_B2,WS4_B2.written_foods,"jelibon, kraker, yulaf, avokado",True,,ocr_output/Melinda/Melinda_Worksheet4.json
Melinda,WS4,WS4_B2,WS4_B2.foods_parsed,"jelibon, kraker, yulaf, avokado",True,,ocr_output/Melinda/Melinda_Worksheet4.json
Melinda,WS4,WS4_B3,WS4_B3.response_raw,avokado - patates kızartması,False,missing_error_reduction_rationale,ocr_output/Melinda/Melinda_Worksheet4.json
Melinda,WS4,WS4_B4,WS4_B4.agrees_with_pia,True,False,missing_equal_fat_explanation,ocr_output/Melinda/Melinda_Worksheet4.json
Melinda,WS4,WS4_B4,WS4_B4.response_raw,"evet, 4'üncü avokado ve patates kızartmasının arasına koyduğunda 2 hata oluyor.",False,missing_equal_fat_explanation,ocr_output/Melinda/Melinda_Worksheet4.json
Melinda,WS4,WS4_B5,WS4_B5.threshold_value_raw,185,True,,ocr_output/Melinda/Melinda_Worksheet4.json
Melinda,WS4,WS4_B5,WS4_B5.threshold_value_parsed,185.0,True,,ocr_output/Melinda/Melinda_Worksheet4.json
Melinda,WS5,trials[1],trials[1].trial_id,1,,,ocr_output/Melinda/Melinda_Worksheet5.json
Melinda,WS5,trials[1],trials[1].parsed_feature,protein,,,ocr_output/Melinda/Melinda_Worksheet5.json
Melinda,WS5,trials[1],trials[1].left_operator,<,,,ocr_output/Melinda/Melinda_Worksheet5.json
Melinda,WS5,trials[1],trials[1].left_threshold,2.0,,,ocr_output/Melinda/Melinda_Worksheet5.json
Melinda,WS5,trials[1],trials[1].left_leaf_recommended,4,,,ocr_output/Melinda/Melinda_Worksheet5.json
Melinda,WS5,trials[1],trials[1].left_leaf_not_recommended,1,,,ocr_output/Melinda/Melinda_Worksheet5.json
Melinda,WS5,trials[1],trials[1].right_operator,>,,,ocr_output/Melinda/Melinda_Worksheet5.json
Melinda,WS5,trials[1],trials[1].right_threshold,2.0,,,ocr_output/Melinda/Melinda_Worksheet5.json
Melinda,WS5,trials[1],trials[1].right_leaf_recommended,2,,,ocr_output/Melinda/Melinda_Worksheet5.json
Melinda,WS5,trials[1],trials[1].right_leaf_not_recommended,4,,,ocr_output/Melinda/Melinda_Worksheet5.json
Melinda,WS5,trials[1],trials[1].student_error_count,3,,,ocr_output/Melinda/Melinda_Worksheet5.json
Melinda,WS5,trials[1],trials[1].student_mcr,,,,ocr_output/Melinda/Melinda_Worksheet5.json
Melinda,WS5,trials[2],trials[2].trial_id,2,,,ocr_output/Melinda/Melinda_Worksheet5.json
Melinda,WS5,trials[2],trials[2].parsed_feature,şeker,,,ocr_output/Melinda/Melinda_Worksheet5.json
Melinda,WS5,trials[2],trials[2].left_operator,<,,,ocr_output/Melinda/Melinda_Worksheet5.json
Melinda,WS5,trials[2],trials[2].left_threshold,29.0,,,ocr_output/Melinda/Melinda_Worksheet5.json
Melinda,WS5,trials[2],trials[2].left_leaf_recommended,6,,,ocr_output/Melinda/Melinda_Worksheet5.json
Melinda,WS5,trials[2],trials[2].left_leaf_not_recommended,2,,,ocr_output/Melinda/Melinda_Worksheet5.json
Melinda,WS5,trials[2],trials[2].right_operator,>,,,ocr_output/Melinda/Melinda_Worksheet5.json
Melinda,WS5,trials[2],trials[2].right_threshold,29.0,,,ocr_output/Melinda/Melinda_Worksheet5.json
Melinda,WS5,trials[2],trials[2].right_leaf_recommended,0,,,ocr_output/Melinda/Melinda_Worksheet5.json
Melinda,WS5,trials[2],trials[2].right_leaf_not_recommended,3,,,ocr_output/Melinda/Melinda_Worksheet5.json
Melinda,WS5,trials[2],trials[2].student_error_count,2,,,ocr_output/Melinda/Melinda_Worksheet5.json
Melinda,WS5,trials[2],trials[2].student_mcr,,,,ocr_output/Melinda/Melinda_Worksheet5.json
Melinda,WS5,trials[3],trials[3].trial_id,3,,,ocr_output/Melinda/Melinda_Worksheet5.json
Melinda,WS5,trials[3],trials[3].parsed_feature,tuz,,,ocr_output/Melinda/Melinda_Worksheet5.json
Melinda,WS5,trials[3],trials[3].left_operator,<,,,ocr_output/Melinda/Melinda_Worksheet5.json
Melinda,WS5,trials[3],trials[3].left_threshold,0.15,,,ocr_output/Melinda/Melinda_Worksheet5.json
Melinda,WS5,trials[3],trials[3].left_leaf_recommended,4,,,ocr_output/Melinda/Melinda_Worksheet5.json
Melinda,WS5,trials[3],trials[3].left_leaf_not_recommended,2,,,ocr_output/Melinda/Melinda_Worksheet5.json
Melinda,WS5,trials[3],trials[3].right_operator,>,,,ocr_output/Melinda/Melinda_Worksheet5.json
Melinda,WS5,trials[3],trials[3].right_threshold,0.15,,,ocr_output/Melinda/Melinda_Worksheet5.json
Melinda,WS5,trials[3],trials[3].right_leaf_recommended,2,,,ocr_output/Melinda/Melinda_Worksheet5.json
Melinda,WS5,trials[3],trials[3].right_leaf_not_recommended,3,,,ocr_output/Melinda/Melinda_Worksheet5.json
Melinda,WS5,trials[3],trials[3].student_error_count,4,,,ocr_output/Melinda/Melinda_Worksheet5.json
Melinda,WS5,trials[3],trials[3].student_mcr,,,,ocr_output/Melinda/Melinda_Worksheet5.json
Melinda,WS5,final_decision_raw,final_decision_raw,Şeker değişkeni için hangi eşik değerini seçiyorsunuz? Not alın: Eşik değeri 29 gr,,,ocr_output/Melinda/Melinda_Worksheet5.json
Melinda,WS14,DTI_01,DTI_01,"30, 20 sağlıklı, %33 hasta, 10 hasta",True,,ocr_output/Melinda/Melinda_Worksheet_Xeno.json
Melinda,WS14,DTI_02,DTI_02,"20 vaka, 0 hasta, %100 sağlıklı",True,,ocr_output/Melinda/Melinda_Worksheet_Xeno.json
Melinda,WS14,DTI_03,DTI_03,"10 vaka, 10 hasta, %100 hasta",True,,ocr_output/Melinda/Melinda_Worksheet_Xeno.json
Melinda,WS14,DTI_04,DTI_04,"POZİTİF | Xhealth sıck, hair, mümkün değildi",True,,ocr_output/Melinda/Melinda_Worksheet_Xeno.json
Melinda,WS14,DTI_05,DTI_05,(bos),False,BLANK,ocr_output/Melinda/Melinda_Worksheet_Xeno.json
Melinda,WS14,DTI_06,DTI_06,"[corrected: Hayır → Evet], Hata tespit edilmedi",True,,ocr_output/Melinda/Melinda_Worksheet_Xeno.json
Melinda,WS14,DTI_07,DTI_07,Yapamazdık.,True,,ocr_output/Melinda/Melinda_Worksheet_Xeno.json
Melinda,WS14,DTI_08,DTI_08,"FN, adam ölebilir",True,,ocr_output/Melinda/Melinda_Worksheet_Xeno.json
Melinda,WS14,DTI_09,DTI_09,"Pinkler gene hasta, blueler gene well",True,,ocr_output/Melinda/Melinda_Worksheet_Xeno.json
Melinda,WS14,DTI_10,DTI_10,58,True,,ocr_output/Melinda/Melinda_Worksheet_Xeno.json
Melinda,WS14,DTI_11,DTI_11,Gerçekten hastayken hasta çıkanlar,True,,ocr_output/Melinda/Melinda_Worksheet_Xeno.json
Melinda,WS14,DTI_12,DTI_12,52,True,,ocr_output/Melinda/Melinda_Worksheet_Xeno.json
Melinda,WS14,DTI_13,DTI_13,Gerçekten sağlıklıyken sağlıklı çıkanlar,True,,ocr_output/Melinda/Melinda_Worksheet_Xeno.json
Melinda,WS14,DTI_14,DTI_14,0,True,,ocr_output/Melinda/Melinda_Worksheet_Xeno.json
Melinda,WS14,DTI_15,DTI_15,Sağlıklıyken hasta çıkanlar,True,,ocr_output/Melinda/Melinda_Worksheet_Xeno.json
Melinda,WS14,DTI_16,DTI_16,0,True,,ocr_output/Melinda/Melinda_Worksheet_Xeno.json
Melinda,WS14,DTI_17,DTI_17,Hastayken sağlıklı çıkanlar,True,,ocr_output/Melinda/Melinda_Worksheet_Xeno.json
Melinda,WS14,DTI_18,DTI_18,110,True,,ocr_output/Melinda/Melinda_Worksheet_Xeno.json
Melinda,WS14,DTI_19,DTI_19,(bos),False,BLANK,ocr_output/Melinda/Melinda_Worksheet_Xeno.json
Melinda,WS14,DTI_20,DTI_20,1,True,,ocr_output/Melinda/Melinda_Worksheet_Xeno.json
Melinda,WS14,DTI_21,DTI_21,Doğrudur %100,True,,ocr_output/Melinda/Melinda_Worksheet_Xeno.json
Melinda,WS14,DTI_22,DTI_22,1,True,,ocr_output/Melinda/Melinda_Worksheet_Xeno.json
Melinda,WS14,DTI_23,DTI_23,%100 Duyarlıdır,True,,ocr_output/Melinda/Melinda_Worksheet_Xeno.json
Melinda,WS14,DTI_24,DTI_24,1,True,,ocr_output/Melinda/Melinda_Worksheet_Xeno.json
Melinda,WS14,DTI_25,DTI_25,%100 özgüldür.,True,,ocr_output/Melinda/Melinda_Worksheet_Xeno.json
Melinda,WS14,DTI_26,DTI_26,1,True,,ocr_output/Melinda/Melinda_Worksheet_Xeno.json
Melinda,WS14,DTI_27,DTI_27,%100 kesindir.,True,,ocr_output/Melinda/Melinda_Worksheet_Xeno.json
Melinda,WS14,DTI_28,DTI_28,Kesinliği kullanırım çünkü kesinlik insanın içini rahatlatır.,True,,ocr_output/Melinda/Melinda_Worksheet_Xeno.json
Melinda,WS14,DTI_29,DTI_29,(TP+TN)/(N+FP),True,,ocr_output/Melinda/Melinda_Worksheet_Xeno.json
Melinda,WS14,DTI_30,DTI_30,Emin değilim bir şeyi daha iyi yakaladığından,True,,ocr_output/Melinda/Melinda_Worksheet_Xeno.json
Melinda,WS14,DTI_31,DTI_31,Sabah mesaisinde tercih edilmelidir.,True,,ocr_output/Melinda/Melinda_Worksheet_Xeno.json
Melinda,WS14,DTI_32,DTI_32,0/110,True,,ocr_output/Melinda/Melinda_Worksheet_Xeno.json
Melinda,WS14,DTI_33,DTI_33,Sonuç 0 çıktı,True,,ocr_output/Melinda/Melinda_Worksheet_Xeno.json
Melinda,WS15,DTI_01,titanic_vs1_egitim.DTI_01,812 yolcu - 290 hayatta,True,,ocr_output/Melinda/Melinda_Worksheet_Titanic.json
Melinda,WS15,DTI_02,titanic_vs1_egitim.DTI_02,290 kişi - 290 hayatta,True,,ocr_output/Melinda/Melinda_Worksheet_Titanic.json
Melinda,WS15,DTI_03,titanic_vs1_egitim.DTI_03,522 kişi - 0 hayatta,True,,ocr_output/Melinda/Melinda_Worksheet_Titanic.json
Melinda,WS15,DTI_04,titanic_vs1_egitim.DTI_04,female,True,,ocr_output/Melinda/Melinda_Worksheet_Titanic.json
Melinda,WS15,DTI_05,titanic_vs1_egitim.DTI_05,(290 + 522) / 812 = 1,True,,ocr_output/Melinda/Melinda_Worksheet_Titanic.json
Melinda,WS15,DTI_06,titanic_vs1_egitim.DTI_06,290 / (290 + 0) = 1,True,,ocr_output/Melinda/Melinda_Worksheet_Titanic.json
Melinda,WS15,DTI_07,titanic_vs1_egitim.DTI_07,522 / (522 + 0) = 1,True,,ocr_output/Melinda/Melinda_Worksheet_Titanic.json
Melinda,WS15,DTI_08,titanic_vs1_egitim.DTI_08,290 / (290 + 0) = 1,True,,ocr_output/Melinda/Melinda_Worksheet_Titanic.json
Melinda,WS15,DTI_09,titanic_vs1_egitim.DTI_09,(0 + 0) / 812 = 0,True,,ocr_output/Melinda/Melinda_Worksheet_Titanic.json
Melinda,WS15,DTI_10,titanic_vs1_test.DTI_10,231 kişi - 105 hayatta,True,,ocr_output/Melinda/Melinda_Worksheet_Titanic.json
Melinda,WS15,DTI_11,titanic_vs1_test.DTI_11,96 kişi - 56 hayatta,True,,ocr_output/Melinda/Melinda_Worksheet_Titanic.json
Melinda,WS15,DTI_12,titanic_vs1_test.DTI_12,135 kişi - 49 hayatta,True,,ocr_output/Melinda/Melinda_Worksheet_Titanic.json
Melinda,WS15,DTI_13,titanic_vs1_test.DTI_13,female,True,,ocr_output/Melinda/Melinda_Worksheet_Titanic.json
Melinda,WS15,DTI_14,titanic_vs1_test.DTI_14,(56 + 86) / 231,True,,ocr_output/Melinda/Melinda_Worksheet_Titanic.json
Melinda,WS15,DTI_15,titanic_vs1_test.DTI_15,56 / (56 + 49),True,,ocr_output/Melinda/Melinda_Worksheet_Titanic.json
Melinda,WS15,DTI_16,titanic_vs1_test.DTI_16,86 / (86 + 40),True,,ocr_output/Melinda/Melinda_Worksheet_Titanic.json
Melinda,WS15,DTI_17,titanic_vs1_test.DTI_17,56 / (56 + 40),True,,ocr_output/Melinda/Melinda_Worksheet_Titanic.json
Melinda,WS15,DTI_18,titanic_vs1_test.DTI_18,(40 + 49) / 231,True,,ocr_output/Melinda/Melinda_Worksheet_Titanic.json
Melinda,WS15,DTI_19,titanic_vs1_interpretation.DTI_19,"Evet var, eğitim metriklerinin sonuçları 1 ya da 0 çıkarken test setleri metrikleri kesirli çıktı",True,,ocr_output/Melinda/Melinda_Worksheet_Titanic.json
Melinda,WS15,DTI_20,titanic_vs1_interpretation.DTI_20,(bos),False,BLANK,ocr_output/Melinda/Melinda_Worksheet_Titanic.json
Melinda,WS15,DTI_21,titanic_vs1_interpretation.DTI_21,Eğitim veri setinin doğruluk değeri daha yüksektir.,True,,ocr_output/Melinda/Melinda_Worksheet_Titanic.json
Melinda,WS15,DTI_22,titanic_vs1_interpretation.DTI_22,Eğitim setinin doğruluk oranı fazla hata oranı sıfır.,True,,ocr_output/Melinda/Melinda_Worksheet_Titanic.json
Melinda,WS15,DTI_23,titanic_vs2_egitim.DTI_23,834 kişi - 456 hayatta,True,,ocr_output/Melinda/Melinda_Worksheet_Titanic.json
Melinda,WS15,DTI_24,titanic_vs2_egitim.DTI_24,304 kişi - 128 hayatta,True,,ocr_output/Melinda/Melinda_Worksheet_Titanic.json
Melinda,WS15,DTI_25,titanic_vs2_egitim.DTI_25,530 kişi - 328 hayatta,True,,ocr_output/Melinda/Melinda_Worksheet_Titanic.json
Melinda,WS15,DTI_26,titanic_vs2_egitim.DTI_26,female,True,,ocr_output/Melinda/Melinda_Worksheet_Titanic.json
Melinda,WS15,DTI_27,titanic_vs2_egitim.DTI_27,(128 + 202) / 834,True,,ocr_output/Melinda/Melinda_Worksheet_Titanic.json
Melinda,WS15,DTI_28,titanic_vs2_egitim.DTI_28,128 / (128 + 328),True,,ocr_output/Melinda/Melinda_Worksheet_Titanic.json
Melinda,WS15,DTI_29,titanic_vs2_egitim.DTI_29,202 / (202 + 176),True,,ocr_output/Melinda/Melinda_Worksheet_Titanic.json
Melinda,WS15,DTI_30,titanic_vs2_egitim.DTI_30,128 / (128 + 176),True,,ocr_output/Melinda/Melinda_Worksheet_Titanic.json
Melinda,WS15,DTI_31,titanic_vs2_egitim.DTI_31,(176 + 202) / 834,False,NUMERIC_TOLERANCE,ocr_output/Melinda/Melinda_Worksheet_Titanic.json
Melinda,WS15,DTI_32,titanic_vs2_test.DTI_32,209/124,True,,ocr_output/Melinda/Melinda_Worksheet_Titanic.json
Melinda,WS15,DTI_33,titanic_vs2_test.DTI_33,82/61,True,,ocr_output/Melinda/Melinda_Worksheet_Titanic.json
Melinda,WS15,DTI_34,titanic_vs2_test.DTI_34,127/24,True,,ocr_output/Melinda/Melinda_Worksheet_Titanic.json
Melinda,WS15,DTI_35,titanic_vs2_test.DTI_35,female,True,,ocr_output/Melinda/Melinda_Worksheet_Titanic.json
Melinda,WS15,DTI_36,titanic_vs2_test.DTI_36,(21 + 24) / 209,False,NUMERIC_TOLERANCE,ocr_output/Melinda/Melinda_Worksheet_Titanic.json
Melinda,WS15,DTI_37,titanic_vs2_test.DTI_37,21 / (21 + 103),False,NUMERIC_TOLERANCE,ocr_output/Melinda/Melinda_Worksheet_Titanic.json
Melinda,WS15,DTI_38,titanic_vs2_test.DTI_38,24 / (24 + 61),False,NUMERIC_TOLERANCE,ocr_output/Melinda/Melinda_Worksheet_Titanic.json
Melinda,WS15,DTI_39,titanic_vs2_test.DTI_39,21 / (21 + 61),False,NUMERIC_TOLERANCE,ocr_output/Melinda/Melinda_Worksheet_Titanic.json
Melinda,WS15,DTI_40,titanic_vs2_test.DTI_40,(61 + 103) / 209,False,NUMERIC_TOLERANCE,ocr_output/Melinda/Melinda_Worksheet_Titanic.json
Melinda,WS15,DTI_41,titanic_vs2_interpretation.DTI_41,"Ölçütü pek uyuşmuyor neden bilemiyorum,",True,,ocr_output/Melinda/Melinda_Worksheet_Titanic.json
Melinda,WS15,DTI_42,titanic_vs2_interpretation.DTI_42,testimizin kötü durumda olması.,True,,ocr_output/Melinda/Melinda_Worksheet_Titanic.json
Melinda,WS15,DTI_43,titanic_vs2_interpretation.DTI_43,kötü bir performans,False,TRAP_NOT_RECOGNIZED,ocr_output/Melinda/Melinda_Worksheet_Titanic.json
Melinda,WS15,DTI_44,titanic_vs2_interpretation.DTI_44,eğitim veri setinde işe yarayan ama test veri setinde modelin çalışmaması kötü oldu.,False,TRAP_NOT_RECOGNIZED,ocr_output/Melinda/Melinda_Worksheet_Titanic.json
Melinda,WS15,DTI_45,genel_sorular.DTI_45,"Dengeli olmalı, her şeyin fazlası da azı da zarar.",True,,ocr_output/Melinda/Melinda_Worksheet_Titanic.json
Melinda,WS15,DTI_46,genel_sorular.DTI_46,her modelde çok çalışılması başarılı olacağı anlamına gelmez.,True,,ocr_output/Melinda/Melinda_Worksheet_Titanic.json
Melinda,WS15,DTI_47,genel_sorular.DTI_47,hayır çünkü yaptığımız çalışmalarda bunun olmadığı durumları gördük,True,,ocr_output/Melinda/Melinda_Worksheet_Titanic.json
Nadia,WS1,WS1_B1,WS1_B1,Etiket,True,,ocr_output/Nadia/Nadia_Worksheet1.json
Nadia,WS1,WS1_B2,WS1_B2,Nesne,True,,ocr_output/Nadia/Nadia_Worksheet1.json
Nadia,WS1,WS1_B3,WS1_B3,özellik,True,,ocr_output/Nadia/Nadia_Worksheet1.json
Nadia,WS1,WS1_B4,WS1_B4,özellik,False,feature_term_instead_of_value_term,ocr_output/Nadia/Nadia_Worksheet1.json
Nadia,WS1,WS1_B5,WS1_B5,nesne,True,,ocr_output/Nadia/Nadia_Worksheet1.json
Nadia,WS1,WS1_B6,WS1_B6,özellik,False,wrong_term: 'özellik',ocr_output/Nadia/Nadia_Worksheet1.json
Nadia,WS1,WS1_B7,WS1_B7,karakteristik,True,,ocr_output/Nadia/Nadia_Worksheet1.json
Nadia,WS1,WS1_B8,WS1_B8,(bos),False,blank,ocr_output/Nadia/Nadia_Worksheet1.json
Nadia,WS1,WS1_B9,WS1_B9,"Enerji, Yağ, Doymuş Yağ, Karbonhidrat, Şeker, Protein, Tuz.",True,,ocr_output/Nadia/Nadia_Worksheet1.json
Nadia,WS1,WS1_B10,WS1_B10,nesne,False,abstract_term_instead_of_example,ocr_output/Nadia/Nadia_Worksheet1.json
Nadia,WS1,WS1_B11,WS1_B11,etiket,True,,ocr_output/Nadia/Nadia_Worksheet1.json
Nadia,WS3,WS3_B1,WS3_B1,tavsiye edilemez,True,,ocr_output/Nadia/Nadia_Worksheet3.json
Nadia,WS3,WS3_B2,WS3_B2,8.0g < 23.0g,True,,ocr_output/Nadia/Nadia_Worksheet3.json
Nadia,WS3,WS3_B3,WS3_B3,tavsiye edilebilir,True,,ocr_output/Nadia/Nadia_Worksheet3.json
Nadia,WS3,WS3_B4,WS3_B4,"0,2g < 8.0g",True,,ocr_output/Nadia/Nadia_Worksheet3.json
Nadia,WS3,WS3_B5,WS3_B5,tavsiye edilemez,True,,ocr_output/Nadia/Nadia_Worksheet3.json
Nadia,WS3,WS3_B6,WS3_B6,8.0g < 14.0g,True,,ocr_output/Nadia/Nadia_Worksheet3.json
Nadia,WS3,WS3_B7,WS3_B7,≤ 150,True,,ocr_output/Nadia/Nadia_Worksheet3.json
Nadia,WS3,WS3_B8,WS3_B8,> 150,True,,ocr_output/Nadia/Nadia_Worksheet3.json
Nadia,WS4,WS4_B1,WS4_B1.threshold_value_raw,,,threshold_not_placed,ocr_output/Nadia/Nadia_Worksheet4.json
Nadia,WS4,WS4_B1,WS4_B1.threshold_value_parsed,,,threshold_not_placed,ocr_output/Nadia/Nadia_Worksheet4.json
Nadia,WS4,WS4_B1,WS4_B1.placement_description,No visible vertical threshold line or explicit numeric fat threshold marked between avocado and fries on this page.,,threshold_not_placed,ocr_output/Nadia/Nadia_Worksheet4.json
Nadia,WS4,WS4_B2,WS4_B2.detection_method,circle,True,,ocr_output/Nadia/Nadia_Worksheet4.json
Nadia,WS4,WS4_B2,WS4_B2.circled_cards,"jelibon, yulaf, kraker, avokado",True,,ocr_output/Nadia/Nadia_Worksheet4.json
Nadia,WS4,WS4_B2,WS4_B2.written_foods,Avokado - Patates kızartması 2. hata,True,,ocr_output/Nadia/Nadia_Worksheet4.json
Nadia,WS4,WS4_B2,WS4_B2.foods_parsed,"jelibon, yulaf, kraker, avokado, patates kızartması",True,,ocr_output/Nadia/Nadia_Worksheet4.json
Nadia,WS4,WS4_B3,WS4_B3.response_raw,(bos),False,missing_error_reduction_rationale,ocr_output/Nadia/Nadia_Worksheet4.json
Nadia,WS4,WS4_B4,WS4_B4.agrees_with_pia,True,False,missing_equal_fat_explanation,ocr_output/Nadia/Nadia_Worksheet4.json
Nadia,WS4,WS4_B4,WS4_B4.response_raw,Evet Leo'nun 4 hata var avokado patates kızartması arası 2. hata,False,missing_equal_fat_explanation,ocr_output/Nadia/Nadia_Worksheet4.json
Nadia,WS4,WS4_B5,WS4_B5.threshold_value_raw,1915 kcal,False,energy_threshold_out_of_range,ocr_output/Nadia/Nadia_Worksheet4.json
Nadia,WS4,WS4_B5,WS4_B5.threshold_value_parsed,1915.0,False,energy_threshold_out_of_range,ocr_output/Nadia/Nadia_Worksheet4.json
Nadia,WS5,trials[1],trials[1].trial_id,1,,,ocr_output/Nadia/Nadia_Worksheet5.json
Nadia,WS5,trials[1],trials[1].parsed_feature,Şeker,,,ocr_output/Nadia/Nadia_Worksheet5.json
Nadia,WS5,trials[1],trials[1].left_operator,<=,,,ocr_output/Nadia/Nadia_Worksheet5.json
Nadia,WS5,trials[1],trials[1].left_threshold,29.0,,,ocr_output/Nadia/Nadia_Worksheet5.json
Nadia,WS5,trials[1],trials[1].left_leaf_recommended,6,,,ocr_output/Nadia/Nadia_Worksheet5.json
Nadia,WS5,trials[1],trials[1].left_leaf_not_recommended,2,,,ocr_output/Nadia/Nadia_Worksheet5.json
Nadia,WS5,trials[1],trials[1].right_operator,>,,,ocr_output/Nadia/Nadia_Worksheet5.json
Nadia,WS5,trials[1],trials[1].right_threshold,29.0,,,ocr_output/Nadia/Nadia_Worksheet5.json
Nadia,WS5,trials[1],trials[1].right_leaf_recommended,0,,,ocr_output/Nadia/Nadia_Worksheet5.json
Nadia,WS5,trials[1],trials[1].right_leaf_not_recommended,3,,,ocr_output/Nadia/Nadia_Worksheet5.json
Nadia,WS5,trials[1],trials[1].student_error_count,2,,,ocr_output/Nadia/Nadia_Worksheet5.json
Nadia,WS5,trials[1],trials[1].student_mcr,,,,ocr_output/Nadia/Nadia_Worksheet5.json
Nadia,WS5,trials[2],trials[2].trial_id,2,,,ocr_output/Nadia/Nadia_Worksheet5.json
Nadia,WS5,trials[2],trials[2].parsed_feature,Protein,,,ocr_output/Nadia/Nadia_Worksheet5.json
Nadia,WS5,trials[2],trials[2].left_operator,<=,,,ocr_output/Nadia/Nadia_Worksheet5.json
Nadia,WS5,trials[2],trials[2].left_threshold,2.0,,,ocr_output/Nadia/Nadia_Worksheet5.json
Nadia,WS5,trials[2],trials[2].left_leaf_recommended,4,,,ocr_output/Nadia/Nadia_Worksheet5.json
Nadia,WS5,trials[2],trials[2].left_leaf_not_recommended,1,,,ocr_output/Nadia/Nadia_Worksheet5.json
Nadia,WS5,trials[2],trials[2].right_operator,>,,,ocr_output/Nadia/Nadia_Worksheet5.json
Nadia,WS5,trials[2],trials[2].right_threshold,2.0,,,ocr_output/Nadia/Nadia_Worksheet5.json
Nadia,WS5,trials[2],trials[2].right_leaf_recommended,2,,,ocr_output/Nadia/Nadia_Worksheet5.json
Nadia,WS5,trials[2],trials[2].right_leaf_not_recommended,4,,,ocr_output/Nadia/Nadia_Worksheet5.json
Nadia,WS5,trials[2],trials[2].student_error_count,3,,,ocr_output/Nadia/Nadia_Worksheet5.json
Nadia,WS5,trials[2],trials[2].student_mcr,,,,ocr_output/Nadia/Nadia_Worksheet5.json
Nadia,WS5,trials[3],trials[3].trial_id,3,,,ocr_output/Nadia/Nadia_Worksheet5.json
Nadia,WS5,trials[3],trials[3].parsed_feature,Tuz,,,ocr_output/Nadia/Nadia_Worksheet5.json
Nadia,WS5,trials[3],trials[3].left_operator,<=,,,ocr_output/Nadia/Nadia_Worksheet5.json
Nadia,WS5,trials[3],trials[3].left_threshold,0.6,,,ocr_output/Nadia/Nadia_Worksheet5.json
Nadia,WS5,trials[3],trials[3].left_leaf_recommended,5,,,ocr_output/Nadia/Nadia_Worksheet5.json
Nadia,WS5,trials[3],trials[3].left_leaf_not_recommended,3,,,ocr_output/Nadia/Nadia_Worksheet5.json
Nadia,WS5,trials[3],trials[3].right_operator,>,,,ocr_output/Nadia/Nadia_Worksheet5.json
Nadia,WS5,trials[3],trials[3].right_threshold,0.6,,,ocr_output/Nadia/Nadia_Worksheet5.json
Nadia,WS5,trials[3],trials[3].right_leaf_recommended,1,,,ocr_output/Nadia/Nadia_Worksheet5.json
Nadia,WS5,trials[3],trials[3].right_leaf_not_recommended,2,,,ocr_output/Nadia/Nadia_Worksheet5.json
Nadia,WS5,trials[3],trials[3].student_error_count,4,,,ocr_output/Nadia/Nadia_Worksheet5.json
Nadia,WS5,trials[3],trials[3].student_mcr,,,,ocr_output/Nadia/Nadia_Worksheet5.json
Nadia,WS5,final_decision_raw,final_decision_raw,Şeker değişkeni için hangi eşik değerini seçiyorsunuz? Not alın:,,,ocr_output/Nadia/Nadia_Worksheet5.json
Nadia,WS6,tree_structure,tree_structure.depth_0.parsed_feature,Şeker,,,ocr_output/Nadia/Nadia_Worksheet6.json
Nadia,WS6,tree_structure,tree_structure.depth_0.left_operator,≤,,,ocr_output/Nadia/Nadia_Worksheet6.json
Nadia,WS6,tree_structure,tree_structure.depth_0.left_threshold_value,18.5,,,ocr_output/Nadia/Nadia_Worksheet6.json
Nadia,WS6,tree_structure,tree_structure.depth_0.right_operator,>,,,ocr_output/Nadia/Nadia_Worksheet6.json
Nadia,WS6,tree_structure,tree_structure.depth_0.right_threshold_value,18.5,,,ocr_output/Nadia/Nadia_Worksheet6.json
Nadia,WS6,tree_structure,tree_structure.depth_1.left_child.parsed_feature,Yağ,,,ocr_output/Nadia/Nadia_Worksheet6.json
Nadia,WS6,tree_structure,tree_structure.depth_1.left_child.node_recommended_count,,,,ocr_output/Nadia/Nadia_Worksheet6.json
Nadia,WS6,tree_structure,tree_structure.depth_1.left_child.node_not_recommended_count,,,,ocr_output/Nadia/Nadia_Worksheet6.json
Nadia,WS6,tree_structure,tree_structure.depth_1.left_child.left_operator,≤,,,ocr_output/Nadia/Nadia_Worksheet6.json
Nadia,WS6,tree_structure,tree_structure.depth_1.left_child.left_threshold_value,13.5,,,ocr_output/Nadia/Nadia_Worksheet6.json
Nadia,WS6,tree_structure,tree_structure.depth_1.left_child.right_operator,>,,,ocr_output/Nadia/Nadia_Worksheet6.json
Nadia,WS6,tree_structure,tree_structure.depth_1.left_child.right_threshold_value,13.0,,,ocr_output/Nadia/Nadia_Worksheet6.json
Nadia,WS6,tree_structure,tree_structure.depth_1.right_child.parsed_feature,,,,ocr_output/Nadia/Nadia_Worksheet6.json
Nadia,WS6,tree_structure,tree_structure.depth_1.right_child.node_recommended_count,,,,ocr_output/Nadia/Nadia_Worksheet6.json
Nadia,WS6,tree_structure,tree_structure.depth_1.right_child.node_not_recommended_count,,,,ocr_output/Nadia/Nadia_Worksheet6.json
Nadia,WS6,tree_structure,tree_structure.depth_1.right_child.left_operator,,,,ocr_output/Nadia/Nadia_Worksheet6.json
Nadia,WS6,tree_structure,tree_structure.depth_1.right_child.left_threshold_value,,,,ocr_output/Nadia/Nadia_Worksheet6.json
Nadia,WS6,tree_structure,tree_structure.depth_1.right_child.right_operator,,,,ocr_output/Nadia/Nadia_Worksheet6.json
Nadia,WS6,tree_structure,tree_structure.depth_1.right_child.right_threshold_value,,,,ocr_output/Nadia/Nadia_Worksheet6.json
Nadia,WS6,tree_structure,tree_structure.depth_2.leaf_nodes.left_left_leaf.leaf_label,tavsiye edilebilir,,,ocr_output/Nadia/Nadia_Worksheet6.json
Nadia,WS6,tree_structure,tree_structure.depth_2.leaf_nodes.left_left_leaf.leaf_recommended_count,,,,ocr_output/Nadia/Nadia_Worksheet6.json
Nadia,WS6,tree_structure,tree_structure.depth_2.leaf_nodes.left_left_leaf.leaf_not_recommended_count,,,,ocr_output/Nadia/Nadia_Worksheet6.json
Nadia,WS6,tree_structure,tree_structure.depth_2.leaf_nodes.left_right_leaf.leaf_label,tavsiye edilemez,,,ocr_output/Nadia/Nadia_Worksheet6.json
Nadia,WS6,tree_structure,tree_structure.depth_2.leaf_nodes.left_right_leaf.leaf_recommended_count,,,,ocr_output/Nadia/Nadia_Worksheet6.json
Nadia,WS6,tree_structure,tree_structure.depth_2.leaf_nodes.left_right_leaf.leaf_not_recommended_count,,,,ocr_output/Nadia/Nadia_Worksheet6.json
Nadia,WS6,tree_structure,tree_structure.depth_2.leaf_nodes.right_left_leaf.leaf_label,,,,ocr_output/Nadia/Nadia_Worksheet6.json
Nadia,WS6,tree_structure,tree_structure.depth_2.leaf_nodes.right_left_leaf.leaf_recommended_count,,,,ocr_output/Nadia/Nadia_Worksheet6.json
Nadia,WS6,tree_structure,tree_structure.depth_2.leaf_nodes.right_left_leaf.leaf_not_recommended_count,,,,ocr_output/Nadia/Nadia_Worksheet6.json
Nadia,WS6,tree_structure,tree_structure.depth_2.leaf_nodes.right_right_leaf.leaf_label,,,,ocr_output/Nadia/Nadia_Worksheet6.json
Nadia,WS6,tree_structure,tree_structure.depth_2.leaf_nodes.right_right_leaf.leaf_recommended_count,,,,ocr_output/Nadia/Nadia_Worksheet6.json
Nadia,WS6,tree_structure,tree_structure.depth_2.leaf_nodes.right_right_leaf.leaf_not_recommended_count,,,,ocr_output/Nadia/Nadia_Worksheet6.json
Nadia,WS7,tree_structure,tree_structure.depth_0.left_operator,≤,,,ocr_output/Nadia/Nadia_Worksheet7.json
Nadia,WS7,tree_structure,tree_structure.depth_0.left_threshold_value,180.0,,,ocr_output/Nadia/Nadia_Worksheet7.json
Nadia,WS7,tree_structure,tree_structure.depth_0.right_operator,>,,,ocr_output/Nadia/Nadia_Worksheet7.json
Nadia,WS7,tree_structure,tree_structure.depth_0.right_threshold_value,180.0,,,ocr_output/Nadia/Nadia_Worksheet7.json
Nadia,WS7,tree_structure,tree_structure.depth_1.left_child.path_label,A,,,ocr_output/Nadia/Nadia_Worksheet7.json
Nadia,WS7,tree_structure,tree_structure.depth_1.left_child.node_recommended_count,,,,ocr_output/Nadia/Nadia_Worksheet7.json
Nadia,WS7,tree_structure,tree_structure.depth_1.left_child.node_not_recommended_count,,,,ocr_output/Nadia/Nadia_Worksheet7.json
Nadia,WS7,tree_structure,tree_structure.depth_1.right_child.parsed_feature,Protein,,,ocr_output/Nadia/Nadia_Worksheet7.json
Nadia,WS7,tree_structure,tree_structure.depth_1.right_child.node_recommended_count,,,,ocr_output/Nadia/Nadia_Worksheet7.json
Nadia,WS7,tree_structure,tree_structure.depth_1.right_child.node_not_recommended_count,,,,ocr_output/Nadia/Nadia_Worksheet7.json
Nadia,WS7,tree_structure,tree_structure.depth_1.right_child.left_operator,≤,,,ocr_output/Nadia/Nadia_Worksheet7.json
Nadia,WS7,tree_structure,tree_structure.depth_1.right_child.left_threshold_value,11.0,,,ocr_output/Nadia/Nadia_Worksheet7.json
Nadia,WS7,tree_structure,tree_structure.depth_1.right_child.right_operator,>,,,ocr_output/Nadia/Nadia_Worksheet7.json
Nadia,WS7,tree_structure,tree_structure.depth_1.right_child.right_threshold_value,11.0,,,ocr_output/Nadia/Nadia_Worksheet7.json
Nadia,WS7,tree_structure,tree_structure.depth_2.leaf_nodes.right_left_leaf.path_label,B,,,ocr_output/Nadia/Nadia_Worksheet7.json
Nadia,WS7,tree_structure,tree_structure.depth_2.leaf_nodes.right_left_leaf.leaf_recommended_count,,,,ocr_output/Nadia/Nadia_Worksheet7.json
Nadia,WS7,tree_structure,tree_structure.depth_2.leaf_nodes.right_left_leaf.leaf_not_recommended_count,,,,ocr_output/Nadia/Nadia_Worksheet7.json
Nadia,WS7,tree_structure,tree_structure.depth_2.leaf_nodes.right_right_leaf.path_label,C,,,ocr_output/Nadia/Nadia_Worksheet7.json
Nadia,WS7,tree_structure,tree_structure.depth_2.leaf_nodes.right_right_leaf.leaf_recommended_count,,,,ocr_output/Nadia/Nadia_Worksheet7.json
Nadia,WS7,tree_structure,tree_structure.depth_2.leaf_nodes.right_right_leaf.leaf_not_recommended_count,,,,ocr_output/Nadia/Nadia_Worksheet7.json
Nadia,WS7,rule_matching,rule_matching.rule_1_box,,,,ocr_output/Nadia/Nadia_Worksheet7.json
Nadia,WS7,rule_matching,rule_matching.rule_2_box,,,,ocr_output/Nadia/Nadia_Worksheet7.json
Nadia,WS7,rule_matching,rule_matching.rule_3_box,,,,ocr_output/Nadia/Nadia_Worksheet7.json
Nadia,WS10,WS10_B1,threshold_error_table.WS10_B1.error_count_parsed,4,True,,ocr_output/Nadia/Nadia_Worksheet10.json
Nadia,WS10,WS10_B2,threshold_error_table.WS10_B2.error_count_parsed,3,True,,ocr_output/Nadia/Nadia_Worksheet10.json
Nadia,WS10,WS10_B3,threshold_error_table.WS10_B3.error_count_parsed,2,True,,ocr_output/Nadia/Nadia_Worksheet10.json
Nadia,WS10,WS10_B4,threshold_error_table.WS10_B4.error_count_parsed,3,True,,ocr_output/Nadia/Nadia_Worksheet10.json
Nadia,WS10,WS10_B5,threshold_error_table.WS10_B5.error_count_parsed,2,True,,ocr_output/Nadia/Nadia_Worksheet10.json
Nadia,WS10,WS10_B6,threshold_error_table.WS10_B6.error_count_parsed,1,True,,ocr_output/Nadia/Nadia_Worksheet10.json
Nadia,WS10,WS10_B7,threshold_error_table.WS10_B7.error_count_parsed,2,True,,ocr_output/Nadia/Nadia_Worksheet10.json
Nadia,WS10,optimal_threshold,optimal_threshold.value_parsed,408.0,,,ocr_output/Nadia/Nadia_Worksheet10.json
Nadia,WS14,DTI_01,DTI_01,"16 vaka, %62,5, çoğunluk hastadır",True,,ocr_output/Nadia/Nadia_Worksheet_Xeno.json
Nadia,WS14,DTI_02,DTI_02,"Mavi saçlıda 6 kişi, bunların hiç biri hasta durumda değildir, hastalık oranı yüksek",True,,ocr_output/Nadia/Nadia_Worksheet_Xeno.json
Nadia,WS14,DTI_03,DTI_03,"10 vaka vardır ve hepsi hastadır, bu sonuç mavi saçlı olanların sağlıklı, pembe saçlı olanların ise hasta olduğu gösteriyor",True,,ocr_output/Nadia/Nadia_Worksheet_Xeno.json
Nadia,WS14,DTI_04,DTI_04,"Pembe saçlı kişiler [circled/margin: pozitif], bu durum için sağlık ve saç durumuna göre ayarladık",True,,ocr_output/Nadia/Nadia_Worksheet_Xeno.json
Nadia,WS14,DTI_05,DTI_05,[corrected: struck-through] (okunamiyor),True,,ocr_output/Nadia/Nadia_Worksheet_Xeno.json
Nadia,WS14,DTI_06,DTI_06,Evet çünkü hatasız çalışıyor,True,,ocr_output/Nadia/Nadia_Worksheet_Xeno.json
Nadia,WS14,DTI_07,DTI_07,"Bence %100'e yakın bir şekilde tahmin ederdik, olası diğer durumu istisna olarak değerlendirirdim",True,,ocr_output/Nadia/Nadia_Worksheet_Xeno.json
Nadia,WS14,DTI_08,DTI_08,FN çünkü sonu acı bitme ihtimali var ve ihmaller var bu daha tehlikelidir,True,,ocr_output/Nadia/Nadia_Worksheet_Xeno.json
Nadia,WS14,DTI_09,DTI_09,Bi sorun olmadı,True,,ocr_output/Nadia/Nadia_Worksheet_Xeno.json
Nadia,WS14,DTI_10,DTI_10,10,True,,ocr_output/Nadia/Nadia_Worksheet_Xeno.json
Nadia,WS14,DTI_11,DTI_11,hasta ve modelim doğru bildi,True,,ocr_output/Nadia/Nadia_Worksheet_Xeno.json
Nadia,WS14,DTI_12,DTI_12,6,True,,ocr_output/Nadia/Nadia_Worksheet_Xeno.json
Nadia,WS14,DTI_13,DTI_13,hem sağlıklı ve model doğru tahmin etmiş,True,,ocr_output/Nadia/Nadia_Worksheet_Xeno.json
Nadia,WS14,DTI_14,DTI_14,0,True,,ocr_output/Nadia/Nadia_Worksheet_Xeno.json
Nadia,WS14,DTI_15,DTI_15,hasta ve modelim yanlış bilmiş,True,,ocr_output/Nadia/Nadia_Worksheet_Xeno.json
Nadia,WS14,DTI_16,DTI_16,0,True,,ocr_output/Nadia/Nadia_Worksheet_Xeno.json
Nadia,WS14,DTI_17,DTI_17,sağlıklı ve modelim yanlış tahmin etmiş,True,,ocr_output/Nadia/Nadia_Worksheet_Xeno.json
Nadia,WS14,DTI_18,DTI_18,16,True,,ocr_output/Nadia/Nadia_Worksheet_Xeno.json
Nadia,WS14,DTI_19,DTI_19,toplam kişiler,True,,ocr_output/Nadia/Nadia_Worksheet_Xeno.json
Nadia,WS14,DTI_20,DTI_20,10 + 6 / 16 [circled: 1] [circled: 16/16],True,,ocr_output/Nadia/Nadia_Worksheet_Xeno.json
Nadia,WS14,DTI_21,DTI_21,Çok iyi,True,,ocr_output/Nadia/Nadia_Worksheet_Xeno.json
Nadia,WS14,DTI_22,DTI_22,10 / 10 + 0 [circled: 1] [circled: 10/10],True,,ocr_output/Nadia/Nadia_Worksheet_Xeno.json
Nadia,WS14,DTI_23,DTI_23,Çok iyi,True,,ocr_output/Nadia/Nadia_Worksheet_Xeno.json
Nadia,WS14,DTI_24,DTI_24,6 / 6 + 0 = 1,True,,ocr_output/Nadia/Nadia_Worksheet_Xeno.json
Nadia,WS14,DTI_25,DTI_25,Çok iyi,True,,ocr_output/Nadia/Nadia_Worksheet_Xeno.json
Nadia,WS14,DTI_26,DTI_26,10 / 10 + 0,True,,ocr_output/Nadia/Nadia_Worksheet_Xeno.json
Nadia,WS14,DTI_27,DTI_27,Çok iyi,True,,ocr_output/Nadia/Nadia_Worksheet_Xeno.json
Nadia,WS14,DTI_28,DTI_28,Öncelik doğruluğa bakarım çünkü 3 farklı durumu kullanıyoruz ama hepsine bakarım yine de,True,,ocr_output/Nadia/Nadia_Worksheet_Xeno.json
Nadia,WS14,DTI_29,DTI_29,[corrected: TP+TN/N struck-through → ] FP + FN / [circled: 0],True,,ocr_output/Nadia/Nadia_Worksheet_Xeno.json
Nadia,WS14,DTI_30,DTI_30,Sadece kesinliği gösteriyor,True,,ocr_output/Nadia/Nadia_Worksheet_Xeno.json
Nadia,WS14,DTI_31,DTI_31,[struck-through: ...olduğu durumlarda] her durumda,True,,ocr_output/Nadia/Nadia_Worksheet_Xeno.json
Nadia,WS14,DTI_32,DTI_32,0 / 16,True,,ocr_output/Nadia/Nadia_Worksheet_Xeno.json
Nadia,WS14,DTI_33,DTI_33,"Net gösteriyor, model iyi durumda",True,,ocr_output/Nadia/Nadia_Worksheet_Xeno.json
Nadia,WS15,DTI_01,titanic_vs1_egitim.DTI_01,812 yolcu içeriyor. 290'ı hayatta.,True,,ocr_output/Nadia/Nadia_Worksheet_Titanic.json
Nadia,WS15,DTI_02,titanic_vs1_egitim.DTI_02,290 kişi var kadın. 290'ı da hayatta.,True,,ocr_output/Nadia/Nadia_Worksheet_Titanic.json
Nadia,WS15,DTI_03,titanic_vs1_egitim.DTI_03,522 kişi var erkek. 0 kişi hayatta,True,,ocr_output/Nadia/Nadia_Worksheet_Titanic.json
Nadia,WS15,DTI_04,titanic_vs1_egitim.DTI_04,Kadınlar,True,,ocr_output/Nadia/Nadia_Worksheet_Titanic.json
Nadia,WS15,DTI_05,titanic_vs1_egitim.DTI_05,812/812 = 1,True,,ocr_output/Nadia/Nadia_Worksheet_Titanic.json
Nadia,WS15,DTI_06,titanic_vs1_egitim.DTI_06,290/290 = 1,True,,ocr_output/Nadia/Nadia_Worksheet_Titanic.json
Nadia,WS15,DTI_07,titanic_vs1_egitim.DTI_07,522/522 = 1,True,,ocr_output/Nadia/Nadia_Worksheet_Titanic.json
Nadia,WS15,DTI_08,titanic_vs1_egitim.DTI_08,290/290 = 1,True,,ocr_output/Nadia/Nadia_Worksheet_Titanic.json
Nadia,WS15,DTI_09,titanic_vs1_egitim.DTI_09,0/812 = 0,True,,ocr_output/Nadia/Nadia_Worksheet_Titanic.json
Nadia,WS15,DTI_10,titanic_vs1_test.DTI_10,231 yolcu/105 hayatta,True,,ocr_output/Nadia/Nadia_Worksheet_Titanic.json
Nadia,WS15,DTI_11,titanic_vs1_test.DTI_11,96 kişiden 56'sı hayatta,True,,ocr_output/Nadia/Nadia_Worksheet_Titanic.json
Nadia,WS15,DTI_12,titanic_vs1_test.DTI_12,135 kişiden 49'u hayatta,True,,ocr_output/Nadia/Nadia_Worksheet_Titanic.json
Nadia,WS15,DTI_13,titanic_vs1_test.DTI_13,Kadınlar,True,,ocr_output/Nadia/Nadia_Worksheet_Titanic.json
Nadia,WS15,DTI_14,titanic_vs1_test.DTI_14,(56+86) 231,False,UNPARSEABLE,ocr_output/Nadia/Nadia_Worksheet_Titanic.json
Nadia,WS15,DTI_15,titanic_vs1_test.DTI_15,56/(56+49),True,,ocr_output/Nadia/Nadia_Worksheet_Titanic.json
Nadia,WS15,DTI_16,titanic_vs1_test.DTI_16,86(86+40),False,UNPARSEABLE,ocr_output/Nadia/Nadia_Worksheet_Titanic.json
Nadia,WS15,DTI_17,titanic_vs1_test.DTI_17,56(56+40),False,UNPARSEABLE,ocr_output/Nadia/Nadia_Worksheet_Titanic.json
Nadia,WS15,DTI_18,titanic_vs1_test.DTI_18,(40+49)/231,True,,ocr_output/Nadia/Nadia_Worksheet_Titanic.json
Nadia,WS15,DTI_19,titanic_vs1_interpretation.DTI_19,Evet var. FP ve FN değerleri test setinde daha gerçekçi.,True,,ocr_output/Nadia/Nadia_Worksheet_Titanic.json
Nadia,WS15,DTI_20,titanic_vs1_interpretation.DTI_20,(bos),False,BLANK,ocr_output/Nadia/Nadia_Worksheet_Titanic.json
Nadia,WS15,DTI_21,titanic_vs1_interpretation.DTI_21,Modelin değerleri düştükçe gerçeği yansıtma olasılığı artmıştır.,True,,ocr_output/Nadia/Nadia_Worksheet_Titanic.json
Nadia,WS15,DTI_22,titanic_vs1_interpretation.DTI_22,Modelin performansı düşmüş ancak gerçekliğe yakınlığı yüksektir.,True,,ocr_output/Nadia/Nadia_Worksheet_Titanic.json
Nadia,WS15,DTI_23,titanic_vs2_egitim.DTI_23,834 kişi var. 456 kişi hayatta.,True,,ocr_output/Nadia/Nadia_Worksheet_Titanic.json
Nadia,WS15,DTI_24,titanic_vs2_egitim.DTI_24,304 kişi var. 128 hayatta.,True,,ocr_output/Nadia/Nadia_Worksheet_Titanic.json
Nadia,WS15,DTI_25,titanic_vs2_egitim.DTI_25,530 kişi var. 328 hayatta.,True,,ocr_output/Nadia/Nadia_Worksheet_Titanic.json
Nadia,WS15,DTI_26,titanic_vs2_egitim.DTI_26,Kadın.,True,,ocr_output/Nadia/Nadia_Worksheet_Titanic.json
Nadia,WS15,DTI_27,titanic_vs2_egitim.DTI_27,(128+202) 834,False,UNPARSEABLE,ocr_output/Nadia/Nadia_Worksheet_Titanic.json
Nadia,WS15,DTI_28,titanic_vs2_egitim.DTI_28,128/(128+328),True,,ocr_output/Nadia/Nadia_Worksheet_Titanic.json
Nadia,WS15,DTI_29,titanic_vs2_egitim.DTI_29,202/(202+176),True,,ocr_output/Nadia/Nadia_Worksheet_Titanic.json
Nadia,WS15,DTI_30,titanic_vs2_egitim.DTI_30,128/(128+176),True,,ocr_output/Nadia/Nadia_Worksheet_Titanic.json
Nadia,WS15,DTI_31,titanic_vs2_egitim.DTI_31,(176+328)/834,True,,ocr_output/Nadia/Nadia_Worksheet_Titanic.json
Nadia,WS15,DTI_32,titanic_vs2_test.DTI_32,209/124,True,,ocr_output/Nadia/Nadia_Worksheet_Titanic.json
Nadia,WS15,DTI_33,titanic_vs2_test.DTI_33,82/61,True,,ocr_output/Nadia/Nadia_Worksheet_Titanic.json
Nadia,WS15,DTI_34,titanic_vs2_test.DTI_34,127/24,True,,ocr_output/Nadia/Nadia_Worksheet_Titanic.json
Nadia,WS15,DTI_35,titanic_vs2_test.DTI_35,Erkek,True,,ocr_output/Nadia/Nadia_Worksheet_Titanic.json
Nadia,WS15,DTI_36,titanic_vs2_test.DTI_36,(21+24)/209,False,NUMERIC_TOLERANCE,ocr_output/Nadia/Nadia_Worksheet_Titanic.json
Nadia,WS15,DTI_37,titanic_vs2_test.DTI_37,21/(21+103),False,NUMERIC_TOLERANCE,ocr_output/Nadia/Nadia_Worksheet_Titanic.json
Nadia,WS15,DTI_38,titanic_vs2_test.DTI_38,24/(24+61),False,NUMERIC_TOLERANCE,ocr_output/Nadia/Nadia_Worksheet_Titanic.json
Nadia,WS15,DTI_39,titanic_vs2_test.DTI_39,21/(21+61),False,NUMERIC_TOLERANCE,ocr_output/Nadia/Nadia_Worksheet_Titanic.json
Nadia,WS15,DTI_40,titanic_vs2_test.DTI_40,(61+103)/209,False,NUMERIC_TOLERANCE,ocr_output/Nadia/Nadia_Worksheet_Titanic.json
Nadia,WS15,DTI_41,titanic_vs2_interpretation.DTI_41,(bos),False,BLANK,ocr_output/Nadia/Nadia_Worksheet_Titanic.json
Nadia,WS15,DTI_42,titanic_vs2_interpretation.DTI_42,Model hem eğitimde hem de test setinde yetersiz durum sergiledi,True,,ocr_output/Nadia/Nadia_Worksheet_Titanic.json
Nadia,WS15,DTI_43,titanic_vs2_interpretation.DTI_43,Modelin performansı çok verimli değildir.,False,TRAP_NOT_RECOGNIZED,ocr_output/Nadia/Nadia_Worksheet_Titanic.json
Nadia,WS15,DTI_44,titanic_vs2_interpretation.DTI_44,Modelin performansı orta düzeyde,False,TRAP_NOT_RECOGNIZED,ocr_output/Nadia/Nadia_Worksheet_Titanic.json
Nadia,WS15,DTI_45,genel_sorular.DTI_45,Dengeli olmalı,True,,ocr_output/Nadia/Nadia_Worksheet_Titanic.json
Nadia,WS15,DTI_46,genel_sorular.DTI_46,Performansı gerekenden fazla,True,,ocr_output/Nadia/Nadia_Worksheet_Titanic.json
Nadia,WS15,DTI_47,genel_sorular.DTI_47,"Mümkün değil, veriler farklı",True,,ocr_output/Nadia/Nadia_Worksheet_Titanic.json
Serena,WS1,WS1_B1,WS1_B1,Etiket,True,,ocr_output/Serena/Serena_Worksheet1.json
Serena,WS1,WS1_B2,WS1_B2,Nesne,True,,ocr_output/Serena/Serena_Worksheet1.json
Serena,WS1,WS1_B3,WS1_B3,Özellik,True,,ocr_output/Serena/Serena_Worksheet1.json
Serena,WS1,WS1_B4,WS1_B4,Değişken,False,feature_term_instead_of_value_term,ocr_output/Serena/Serena_Worksheet1.json
Serena,WS1,WS1_B5,WS1_B5,Nesne,True,,ocr_output/Serena/Serena_Worksheet1.json
Serena,WS1,WS1_B6,WS1_B6,Nesne,True,,ocr_output/Serena/Serena_Worksheet1.json
Serena,WS1,WS1_B7,WS1_B7,Değişken,True,,ocr_output/Serena/Serena_Worksheet1.json
Serena,WS1,WS1_B8,WS1_B8,Değişken,False,wrote_term_instead_of_count,ocr_output/Serena/Serena_Worksheet1.json
Serena,WS1,WS1_B9,WS1_B9,"Enerji, Yağ, Doymuş yağ, Karbonhidrat, Şeker, Protein, Tuz",True,,ocr_output/Serena/Serena_Worksheet1.json
Serena,WS1,WS1_B10,WS1_B10,Fındıklı Gofret,True,,ocr_output/Serena/Serena_Worksheet1.json
Serena,WS1,WS1_B11,WS1_B11,Etiket,True,,ocr_output/Serena/Serena_Worksheet1.json
Serena,WS3,WS3_B1,WS3_B1,tavsiye edilemez,True,,ocr_output/Serena/Serena_Worksheet3.json
Serena,WS3,WS3_B2,WS3_B2,23 g > 8 g,True,,ocr_output/Serena/Serena_Worksheet3.json
Serena,WS3,WS3_B3,WS3_B3,tavsiye edilebilir,True,,ocr_output/Serena/Serena_Worksheet3.json
Serena,WS3,WS3_B4,WS3_B4,"0,2 g ≤ 8,0",,,ocr_output/Serena/Serena_Worksheet3.json
Serena,WS3,WS3_B5,WS3_B5,tavsiye edilemez,True,,ocr_output/Serena/Serena_Worksheet3.json
Serena,WS3,WS3_B6,WS3_B6,14 > 8 g,True,,ocr_output/Serena/Serena_Worksheet3.json
Serena,WS3,WS3_B7,WS3_B7,< 200,True,,ocr_output/Serena/Serena_Worksheet3.json
Serena,WS3,WS3_B8,WS3_B8,> 200,True,,ocr_output/Serena/Serena_Worksheet3.json
Serena,WS4,WS4_B1,WS4_B1.threshold_value_raw,yer avokado ve patates kızartması arası,True,,ocr_output/Serena/Serena_Worksheet4.json
Serena,WS4,WS4_B1,WS4_B1.threshold_value_parsed,13.5,True,,ocr_output/Serena/Serena_Worksheet4.json
Serena,WS4,WS4_B1,WS4_B1.placement_description,Avokado ile patates kızartması kartları arasına çizgi çizilmiş.,True,,ocr_output/Serena/Serena_Worksheet4.json
Serena,WS4,WS4_B2,WS4_B2.detection_method,both,True,,ocr_output/Serena/Serena_Worksheet4.json
Serena,WS4,WS4_B2,WS4_B2.circled_cards,"jelibon, kraker, yulaf, avokado",True,,ocr_output/Serena/Serena_Worksheet4.json
Serena,WS4,WS4_B2,WS4_B2.written_foods,2 yanlış kart çıkıyor,True,,ocr_output/Serena/Serena_Worksheet4.json
Serena,WS4,WS4_B2,WS4_B2.foods_parsed,"jelibon, kraker, yulaf, avokado",True,,ocr_output/Serena/Serena_Worksheet4.json
Serena,WS4,WS4_B3,WS4_B3.response_raw,(bos),False,missing_error_reduction_rationale,ocr_output/Serena/Serena_Worksheet4.json
Serena,WS4,WS4_B4,WS4_B4.agrees_with_pia,,,unclear_pia_response,ocr_output/Serena/Serena_Worksheet4.json
Serena,WS4,WS4_B4,WS4_B4.response_raw,(bos),,unclear_pia_response,ocr_output/Serena/Serena_Worksheet4.json
Serena,WS4,WS4_B5,WS4_B5.threshold_value_raw,200,True,,ocr_output/Serena/Serena_Worksheet4.json
Serena,WS4,WS4_B5,WS4_B5.threshold_value_parsed,200.0,True,,ocr_output/Serena/Serena_Worksheet4.json
Serena,WS5,trials[1],trials[1].trial_id,1,,,ocr_output/Serena/Serena_Worksheet5.json
Serena,WS5,trials[1],trials[1].parsed_feature,Enerji,,,ocr_output/Serena/Serena_Worksheet5.json
Serena,WS5,trials[1],trials[1].left_operator,<,,,ocr_output/Serena/Serena_Worksheet5.json
Serena,WS5,trials[1],trials[1].left_threshold,200.0,,,ocr_output/Serena/Serena_Worksheet5.json
Serena,WS5,trials[1],trials[1].left_leaf_recommended,4,,,ocr_output/Serena/Serena_Worksheet5.json
Serena,WS5,trials[1],trials[1].left_leaf_not_recommended,0,,,ocr_output/Serena/Serena_Worksheet5.json
Serena,WS5,trials[1],trials[1].right_operator,>,,,ocr_output/Serena/Serena_Worksheet5.json
Serena,WS5,trials[1],trials[1].right_threshold,200.0,,,ocr_output/Serena/Serena_Worksheet5.json
Serena,WS5,trials[1],trials[1].right_leaf_recommended,2,,,ocr_output/Serena/Serena_Worksheet5.json
Serena,WS5,trials[1],trials[1].right_leaf_not_recommended,5,,,ocr_output/Serena/Serena_Worksheet5.json
Serena,WS5,trials[1],trials[1].student_error_count,,,,ocr_output/Serena/Serena_Worksheet5.json
Serena,WS5,trials[1],trials[1].student_mcr,,,,ocr_output/Serena/Serena_Worksheet5.json
Serena,WS5,trials[2],trials[2].trial_id,2,,,ocr_output/Serena/Serena_Worksheet5.json
Serena,WS5,trials[2],trials[2].parsed_feature,Şeker,,,ocr_output/Serena/Serena_Worksheet5.json
Serena,WS5,trials[2],trials[2].left_operator,<,,,ocr_output/Serena/Serena_Worksheet5.json
Serena,WS5,trials[2],trials[2].left_threshold,2.0,,,ocr_output/Serena/Serena_Worksheet5.json
Serena,WS5,trials[2],trials[2].left_leaf_recommended,5,,,ocr_output/Serena/Serena_Worksheet5.json
Serena,WS5,trials[2],trials[2].left_leaf_not_recommended,1,,,ocr_output/Serena/Serena_Worksheet5.json
Serena,WS5,trials[2],trials[2].right_operator,>,,,ocr_output/Serena/Serena_Worksheet5.json
Serena,WS5,trials[2],trials[2].right_threshold,2.0,,,ocr_output/Serena/Serena_Worksheet5.json
Serena,WS5,trials[2],trials[2].right_leaf_recommended,1,,,ocr_output/Serena/Serena_Worksheet5.json
Serena,WS5,trials[2],trials[2].right_leaf_not_recommended,4,,,ocr_output/Serena/Serena_Worksheet5.json
Serena,WS5,trials[2],trials[2].student_error_count,,,,ocr_output/Serena/Serena_Worksheet5.json
Serena,WS5,trials[2],trials[2].student_mcr,,,,ocr_output/Serena/Serena_Worksheet5.json
Serena,WS5,trials[3],trials[3].trial_id,3,,,ocr_output/Serena/Serena_Worksheet5.json
Serena,WS5,trials[3],trials[3].parsed_feature,Protein,,,ocr_output/Serena/Serena_Worksheet5.json
Serena,WS5,trials[3],trials[3].left_operator,<,,,ocr_output/Serena/Serena_Worksheet5.json
Serena,WS5,trials[3],trials[3].left_threshold,2.0,,,ocr_output/Serena/Serena_Worksheet5.json
Serena,WS5,trials[3],trials[3].left_leaf_recommended,4,,,ocr_output/Serena/Serena_Worksheet5.json
Serena,WS5,trials[3],trials[3].left_leaf_not_recommended,1,,,ocr_output/Serena/Serena_Worksheet5.json
Serena,WS5,trials[3],trials[3].right_operator,>,,,ocr_output/Serena/Serena_Worksheet5.json
Serena,WS5,trials[3],trials[3].right_threshold,2.0,,,ocr_output/Serena/Serena_Worksheet5.json
Serena,WS5,trials[3],trials[3].right_leaf_recommended,2,,,ocr_output/Serena/Serena_Worksheet5.json
Serena,WS5,trials[3],trials[3].right_leaf_not_recommended,4,,,ocr_output/Serena/Serena_Worksheet5.json
Serena,WS5,trials[3],trials[3].student_error_count,,,,ocr_output/Serena/Serena_Worksheet5.json
Serena,WS5,trials[3],trials[3].student_mcr,,,,ocr_output/Serena/Serena_Worksheet5.json
Serena,WS5,final_decision_raw,final_decision_raw,Enerji ve Şeker değişkeni için hangi eşik değerini seçiyorsunuz? Çünkü 2 hata var ikisinde de,,,ocr_output/Serena/Serena_Worksheet5.json
Serena,WS14,DTI_01,DTI_01,"Kök düğüm 26 vaka içermekte. %46,2 sick",True,,ocr_output/Serena/Serena_Worksheet_Xeno.json
Serena,WS14,DTI_02,DTI_02,Mavi saçlı kutuda 14 vaka var 0 tane sick. Bu grup %100 sağlıklı,True,,ocr_output/Serena/Serena_Worksheet_Xeno.json
Serena,WS14,DTI_03,DTI_03,Pembe saçlı kutuda 12 vaka var. Bu vakaların 12 tanesi sick. Mavi saçlılar sağlıklı pembe saçlılar hasta,True,,ocr_output/Serena/Serena_Worksheet_Xeno.json
Serena,WS14,DTI_04,DTI_04,Pembe saçlı hasta olarak etiketlenmekte. Bu kararı verirken hair olayını kullandım.,True,,ocr_output/Serena/Serena_Worksheet_Xeno.json
Serena,WS14,DTI_05,DTI_05,(bos),False,BLANK,ocr_output/Serena/Serena_Worksheet_Xeno.json
Serena,WS14,DTI_06,DTI_06,Evet. Çünkü Pembe saçlıların hepsi hasta mavi saçlıların hepsi sağlıklı,True,,ocr_output/Serena/Serena_Worksheet_Xeno.json
Serena,WS14,DTI_07,DTI_07,Yüksek ihtimalle doğru çıkardı ama güvenilirliği arttırmak için başka şeylere de bakabilirim.,True,,ocr_output/Serena/Serena_Worksheet_Xeno.json
Serena,WS14,DTI_08,DTI_08,Bence FN (Yanlış Negatif) çünkü hasta olan birine müdahale edilmesi gerekir aksi takdirde ölebilir.,True,,ocr_output/Serena/Serena_Worksheet_Xeno.json
Serena,WS14,DTI_09,DTI_09,Hata payı oluşmadı.,True,,ocr_output/Serena/Serena_Worksheet_Xeno.json
Serena,WS14,DTI_10,DTI_10,17,True,,ocr_output/Serena/Serena_Worksheet_Xeno.json
Serena,WS14,DTI_11,DTI_11,Doğru karar,True,,ocr_output/Serena/Serena_Worksheet_Xeno.json
Serena,WS14,DTI_12,DTI_12,20,True,,ocr_output/Serena/Serena_Worksheet_Xeno.json
Serena,WS14,DTI_13,DTI_13,Doğru karar,True,,ocr_output/Serena/Serena_Worksheet_Xeno.json
Serena,WS14,DTI_14,DTI_14,0,True,,ocr_output/Serena/Serena_Worksheet_Xeno.json
Serena,WS14,DTI_15,DTI_15,Gerçekte sağlıklı olmasına rağmen hasta teşhisi kondu yanlış karar,True,,ocr_output/Serena/Serena_Worksheet_Xeno.json
Serena,WS14,DTI_16,DTI_16,0,True,,ocr_output/Serena/Serena_Worksheet_Xeno.json
Serena,WS14,DTI_17,DTI_17,Gerçekte hasta olmasına rağmen sağlıklı teşhisi kondu yanlış karar,True,,ocr_output/Serena/Serena_Worksheet_Xeno.json
Serena,WS14,DTI_18,DTI_18,37,True,,ocr_output/Serena/Serena_Worksheet_Xeno.json
Serena,WS14,DTI_19,DTI_19,(bos),False,BLANK,ocr_output/Serena/Serena_Worksheet_Xeno.json
Serena,WS14,DTI_20,DTI_20,(17 + 20) / 37,True,,ocr_output/Serena/Serena_Worksheet_Xeno.json
Serena,WS14,DTI_21,DTI_21,1,True,,ocr_output/Serena/Serena_Worksheet_Xeno.json
Serena,WS14,DTI_22,DTI_22,17 / (17 + 0),True,,ocr_output/Serena/Serena_Worksheet_Xeno.json
Serena,WS14,DTI_23,DTI_23,1,True,,ocr_output/Serena/Serena_Worksheet_Xeno.json
Serena,WS14,DTI_24,DTI_24,20 / (20 + 0),True,,ocr_output/Serena/Serena_Worksheet_Xeno.json
Serena,WS14,DTI_25,DTI_25,1,True,,ocr_output/Serena/Serena_Worksheet_Xeno.json
Serena,WS14,DTI_26,DTI_26,17 / (17 + 0),True,,ocr_output/Serena/Serena_Worksheet_Xeno.json
Serena,WS14,DTI_27,DTI_27,1,True,,ocr_output/Serena/Serena_Worksheet_Xeno.json
Serena,WS14,DTI_28,DTI_28,[corrected: Saç rengini → Hepsini] kullanırım çünkü hepsinde 1 sonucuna ulaştım ve hepsi doğru,True,,ocr_output/Serena/Serena_Worksheet_Xeno.json
Serena,WS14,DTI_29,DTI_29,TP / |TP - FP|,True,,ocr_output/Serena/Serena_Worksheet_Xeno.json
Serena,WS14,DTI_30,DTI_30,Hasta denen vakaların ne kadar hasta olduğu,True,,ocr_output/Serena/Serena_Worksheet_Xeno.json
Serena,WS14,DTI_31,DTI_31,Hasta olanları bulmada,True,,ocr_output/Serena/Serena_Worksheet_Xeno.json
Serena,WS14,DTI_32,DTI_32,(0 + 0) / 37,True,,ocr_output/Serena/Serena_Worksheet_Xeno.json
Serena,WS14,DTI_33,DTI_33,0 [arrow] yanlış karar,True,,ocr_output/Serena/Serena_Worksheet_Xeno.json
Serena,WS15,DTI_01,titanic_vs1_egitim.DTI_01,"812 yolcu var, %35.7 hayatta",True,,ocr_output/Serena/Serena_Worksheet_Titanic.json
Serena,WS15,DTI_02,titanic_vs1_egitim.DTI_02,290 kişi var %100 hayatta,True,,ocr_output/Serena/Serena_Worksheet_Titanic.json
Serena,WS15,DTI_03,titanic_vs1_egitim.DTI_03,522 kişi var %0 hayatta,True,,ocr_output/Serena/Serena_Worksheet_Titanic.json
Serena,WS15,DTI_04,titanic_vs1_egitim.DTI_04,Female (kadın) kutusu,True,,ocr_output/Serena/Serena_Worksheet_Titanic.json
Serena,WS15,DTI_05,titanic_vs1_egitim.DTI_05,290+522 / 812 = 812/812 = 1,True,,ocr_output/Serena/Serena_Worksheet_Titanic.json
Serena,WS15,DTI_06,titanic_vs1_egitim.DTI_06,290 / 290+0 = 290/290 = 1,True,,ocr_output/Serena/Serena_Worksheet_Titanic.json
Serena,WS15,DTI_07,titanic_vs1_egitim.DTI_07,522 / 522+0 = 522/522 [= 1.00],True,,ocr_output/Serena/Serena_Worksheet_Titanic.json
Serena,WS15,DTI_08,titanic_vs1_egitim.DTI_08,290 / 290+0 = 290/290 = 1.00,True,,ocr_output/Serena/Serena_Worksheet_Titanic.json
Serena,WS15,DTI_09,titanic_vs1_egitim.DTI_09,0+0 / 812 = 0/812 = 0.00,True,,ocr_output/Serena/Serena_Worksheet_Titanic.json
Serena,WS15,DTI_10,titanic_vs1_test.DTI_10,231,True,,ocr_output/Serena/Serena_Worksheet_Titanic.json
Serena,WS15,DTI_11,titanic_vs1_test.DTI_11,96 var %58.3,True,,ocr_output/Serena/Serena_Worksheet_Titanic.json
Serena,WS15,DTI_12,titanic_vs1_test.DTI_12,135 var %36.3,True,,ocr_output/Serena/Serena_Worksheet_Titanic.json
Serena,WS15,DTI_13,titanic_vs1_test.DTI_13,kadın,True,,ocr_output/Serena/Serena_Worksheet_Titanic.json
Serena,WS15,DTI_14,titanic_vs1_test.DTI_14,56+86 / 231,True,,ocr_output/Serena/Serena_Worksheet_Titanic.json
Serena,WS15,DTI_15,titanic_vs1_test.DTI_15,56 / 56+49,True,,ocr_output/Serena/Serena_Worksheet_Titanic.json
Serena,WS15,DTI_16,titanic_vs1_test.DTI_16,86 / 86+40,True,,ocr_output/Serena/Serena_Worksheet_Titanic.json
Serena,WS15,DTI_17,titanic_vs1_test.DTI_17,56 / (56+40),True,,ocr_output/Serena/Serena_Worksheet_Titanic.json
Serena,WS15,DTI_18,titanic_vs1_test.DTI_18,40+49 / 231,True,,ocr_output/Serena/Serena_Worksheet_Titanic.json
Serena,WS15,DTI_19,titanic_vs1_interpretation.DTI_19,Evet eğitim ve test seti metrikleri arasında fark vardır. Bu farkın nedeni: modelin eğitim verisine çok iyi uyum sağlaması ancak test verisine aynı başarıyla genelleyememesi,True,,ocr_output/Serena/Serena_Worksheet_Titanic.json
Serena,WS15,DTI_20,titanic_vs1_interpretation.DTI_20,Bu duruma aşırı öğrenme denir. Model eğitim verisini ezberlediği için yeni verilerde başarılı olamaz. Genellikle modelin çok karmaşık olması veya veri setinin yetersiz olması bu durumun nedeni olur.,True,,ocr_output/Serena/Serena_Worksheet_Titanic.json
Serena,WS15,DTI_21,titanic_vs1_interpretation.DTI_21,Bu senaryoda model sadece cinsiyet değişkenine bakarak karar verdiği için tüm durumu doğru temsil edememiş ve test verisinde başarısı düşmüştür,True,,ocr_output/Serena/Serena_Worksheet_Titanic.json
Serena,WS15,DTI_22,titanic_vs1_interpretation.DTI_22,Eğitim verisinde az hata yaptığını ancak test verisinde hata oranının arttığını gösterir. Bu da modelin genelleme yeteneğinin zayıf olduğunu ve aşırı öğrenme yaptığını gösterir,True,,ocr_output/Serena/Serena_Worksheet_Titanic.json
Serena,WS15,DTI_23,titanic_vs2_egitim.DTI_23,834,True,,ocr_output/Serena/Serena_Worksheet_Titanic.json
Serena,WS15,DTI_24,titanic_vs2_egitim.DTI_24,304 var 128 hayatta,True,,ocr_output/Serena/Serena_Worksheet_Titanic.json
Serena,WS15,DTI_25,titanic_vs2_egitim.DTI_25,530 var 202 hayatta [corrected: 328 → 202],True,,ocr_output/Serena/Serena_Worksheet_Titanic.json
Serena,WS15,DTI_26,titanic_vs2_egitim.DTI_26,kadın,True,,ocr_output/Serena/Serena_Worksheet_Titanic.json
Serena,WS15,DTI_27,titanic_vs2_egitim.DTI_27,128 + 202 / 834,True,,ocr_output/Serena/Serena_Worksheet_Titanic.json
Serena,WS15,DTI_28,titanic_vs2_egitim.DTI_28,128 / 128+328,True,,ocr_output/Serena/Serena_Worksheet_Titanic.json
Serena,WS15,DTI_29,titanic_vs2_egitim.DTI_29,202 / 202+176,True,,ocr_output/Serena/Serena_Worksheet_Titanic.json
Serena,WS15,DTI_30,titanic_vs2_egitim.DTI_30,128 / 128+176,True,,ocr_output/Serena/Serena_Worksheet_Titanic.json
Serena,WS15,DTI_31,titanic_vs2_egitim.DTI_31,176+328 / 834,True,,ocr_output/Serena/Serena_Worksheet_Titanic.json
Serena,WS15,DTI_32,titanic_vs2_test.DTI_32,209,True,,ocr_output/Serena/Serena_Worksheet_Titanic.json
Serena,WS15,DTI_33,titanic_vs2_test.DTI_33,82 var 61,True,,ocr_output/Serena/Serena_Worksheet_Titanic.json
Serena,WS15,DTI_34,titanic_vs2_test.DTI_34,127 var 103 hayatta,True,,ocr_output/Serena/Serena_Worksheet_Titanic.json
Serena,WS15,DTI_35,titanic_vs2_test.DTI_35,kadın,True,,ocr_output/Serena/Serena_Worksheet_Titanic.json
Serena,WS15,DTI_36,titanic_vs2_test.DTI_36,61+103 / 209,True,,ocr_output/Serena/Serena_Worksheet_Titanic.json
Serena,WS15,DTI_37,titanic_vs2_test.DTI_37,61 / 61+24,True,,ocr_output/Serena/Serena_Worksheet_Titanic.json
Serena,WS15,DTI_38,titanic_vs2_test.DTI_38,103 / 103+21,True,,ocr_output/Serena/Serena_Worksheet_Titanic.json
Serena,WS15,DTI_39,titanic_vs2_test.DTI_39,61 / 61+21,True,,ocr_output/Serena/Serena_Worksheet_Titanic.json
Serena,WS15,DTI_40,titanic_vs2_test.DTI_40,21+24 / 209,True,,ocr_output/Serena/Serena_Worksheet_Titanic.json
Serena,WS15,DTI_41,titanic_vs2_interpretation.DTI_41,Büyük bir fark yok.,True,,ocr_output/Serena/Serena_Worksheet_Titanic.json
Serena,WS15,DTI_42,titanic_vs2_interpretation.DTI_42,Model hem eğitimde hem test setinde yetersiz bir durumda.,True,,ocr_output/Serena/Serena_Worksheet_Titanic.json
Serena,WS15,DTI_43,titanic_vs2_interpretation.DTI_43,Modelin performansı düşüktür.,False,TRAP_NOT_RECOGNIZED,ocr_output/Serena/Serena_Worksheet_Titanic.json
Serena,WS15,DTI_44,titanic_vs2_interpretation.DTI_44,Modelin performansı yüksektir.,False,TRAP_NOT_RECOGNIZED,ocr_output/Serena/Serena_Worksheet_Titanic.json
Serena,WS15,DTI_45,genel_sorular.DTI_45,İyi bir model dengeli olmalıdır.,True,,ocr_output/Serena/Serena_Worksheet_Titanic.json
Serena,WS15,DTI_46,genel_sorular.DTI_46,Çünkü modelin performansı gereğinden yüksek,True,,ocr_output/Serena/Serena_Worksheet_Titanic.json
Serena,WS15,DTI_47,genel_sorular.DTI_47,Mümkün değildir. Çünkü veriler birbirinden farklı olur.,True,,ocr_output/Serena/Serena_Worksheet_Titanic.json
Shana,WS1,WS1_B1,WS1_B1,Etiket,True,,ocr_output/Shana/Shana_Worksheet1.json
Shana,WS1,WS1_B2,WS1_B2,Nesne,True,,ocr_output/Shana/Shana_Worksheet1.json
Shana,WS1,WS1_B3,WS1_B3,Özellik,True,,ocr_output/Shana/Shana_Worksheet1.json
Shana,WS1,WS1_B4,WS1_B4,Değişken,False,feature_term_instead_of_value_term,ocr_output/Shana/Shana_Worksheet1.json
Shana,WS1,WS1_B5,WS1_B5,Nesne,True,,ocr_output/Shana/Shana_Worksheet1.json
Shana,WS1,WS1_B6,WS1_B6,nesne,True,,ocr_output/Shana/Shana_Worksheet1.json
Shana,WS1,WS1_B7,WS1_B7,değişken,True,,ocr_output/Shana/Shana_Worksheet1.json
Shana,WS1,WS1_B8,WS1_B8,(bos),False,blank,ocr_output/Shana/Shana_Worksheet1.json
Shana,WS1,WS1_B9,WS1_B9,"enerji, yağ, doymuş yağ, karbonhidrat, şeker, protein, tuz",True,,ocr_output/Shana/Shana_Worksheet1.json
Shana,WS1,WS1_B10,WS1_B10,nesne,False,abstract_term_instead_of_example,ocr_output/Shana/Shana_Worksheet1.json
Shana,WS1,WS1_B11,WS1_B11,etiket,True,,ocr_output/Shana/Shana_Worksheet1.json
Shana,WS3,WS3_B1,WS3_B1,tavsiye edilemez,True,,ocr_output/Shana/Shana_Worksheet3.json
Shana,WS3,WS3_B2,WS3_B2,"> 8,0 g",,,ocr_output/Shana/Shana_Worksheet3.json
Shana,WS3,WS3_B3,WS3_B3,tavsiye edilebilir,True,,ocr_output/Shana/Shana_Worksheet3.json
Shana,WS3,WS3_B4,WS3_B4,"< 8,0 g",,,ocr_output/Shana/Shana_Worksheet3.json
Shana,WS3,WS3_B5,WS3_B5,tavsiye edilemez,True,,ocr_output/Shana/Shana_Worksheet3.json
Shana,WS3,WS3_B6,WS3_B6,"> 8,0 g",,,ocr_output/Shana/Shana_Worksheet3.json
Shana,WS3,WS3_B7,WS3_B7,< 100 kcal,True,,ocr_output/Shana/Shana_Worksheet3.json
Shana,WS3,WS3_B8,WS3_B8,> 100 kcal,True,,ocr_output/Shana/Shana_Worksheet3.json
Shana,WS4,WS4_B1,WS4_B1.threshold_value_raw,"not numeric, drawn as thick arrow/line between yulaf-kraker and avokado cards",False,wrong_threshold_placement,ocr_output/Shana/Shana_Worksheet4.json
Shana,WS4,WS4_B1,WS4_B1.threshold_value_parsed,,False,wrong_threshold_placement,ocr_output/Shana/Shana_Worksheet4.json
Shana,WS4,WS4_B1,WS4_B1.placement_description,"A bold horizontal arrow is drawn under the cards spanning from jelibon to avokado, seemingly marking a dividing line in that region rather than a clean vertical split between avocado and fries.",False,wrong_threshold_placement,ocr_output/Shana/Shana_Worksheet4.json
Shana,WS4,WS4_B2,WS4_B2.detection_method,circle,False,"missing_foods: avokado, kraker, yulaf",ocr_output/Shana/Shana_Worksheet4.json
Shana,WS4,WS4_B2,WS4_B2.circled_cards,"ahududu reçeli, elma, jelibon, sütlü çikolata",False,"missing_foods: avokado, kraker, yulaf",ocr_output/Shana/Shana_Worksheet4.json
Shana,WS4,WS4_B2,WS4_B2.written_foods,,False,"missing_foods: avokado, kraker, yulaf",ocr_output/Shana/Shana_Worksheet4.json
Shana,WS4,WS4_B2,WS4_B2.foods_parsed,"ahududu reçeli, elma, jelibon, sütlü çikolata",False,"missing_foods: avokado, kraker, yulaf",ocr_output/Shana/Shana_Worksheet4.json
Shana,WS4,WS4_B3,WS4_B3.response_raw,(bos),False,missing_error_reduction_rationale,ocr_output/Shana/Shana_Worksheet4.json
Shana,WS4,WS4_B4,WS4_B4.agrees_with_pia,,,unclear_pia_response,ocr_output/Shana/Shana_Worksheet4.json
Shana,WS4,WS4_B4,WS4_B4.response_raw,(bos),,unclear_pia_response,ocr_output/Shana/Shana_Worksheet4.json
Shana,WS4,WS4_B5,WS4_B5.threshold_value_raw,avokado ve ahududu reçeli / avokado ve patates kızartması kullanmayı / 200kcal,True,,ocr_output/Shana/Shana_Worksheet4.json
Shana,WS4,WS4_B5,WS4_B5.threshold_value_parsed,200.0,True,,ocr_output/Shana/Shana_Worksheet4.json
Shana,WS5,trials[1],trials[1].trial_id,1,,,ocr_output/Shana/Shana_Worksheet5.json
Shana,WS5,trials[1],trials[1].parsed_feature,enerji,,,ocr_output/Shana/Shana_Worksheet5.json
Shana,WS5,trials[1],trials[1].left_operator,≤,,,ocr_output/Shana/Shana_Worksheet5.json
Shana,WS5,trials[1],trials[1].left_threshold,200.0,,,ocr_output/Shana/Shana_Worksheet5.json
Shana,WS5,trials[1],trials[1].left_leaf_recommended,4,,,ocr_output/Shana/Shana_Worksheet5.json
Shana,WS5,trials[1],trials[1].left_leaf_not_recommended,0,,,ocr_output/Shana/Shana_Worksheet5.json
Shana,WS5,trials[1],trials[1].right_operator,>,,,ocr_output/Shana/Shana_Worksheet5.json
Shana,WS5,trials[1],trials[1].right_threshold,200.0,,,ocr_output/Shana/Shana_Worksheet5.json
Shana,WS5,trials[1],trials[1].right_leaf_recommended,2,,,ocr_output/Shana/Shana_Worksheet5.json
Shana,WS5,trials[1],trials[1].right_leaf_not_recommended,5,,,ocr_output/Shana/Shana_Worksheet5.json
Shana,WS5,trials[1],trials[1].student_error_count,2,,,ocr_output/Shana/Shana_Worksheet5.json
Shana,WS5,trials[1],trials[1].student_mcr,,,,ocr_output/Shana/Shana_Worksheet5.json
Shana,WS5,trials[2],trials[2].trial_id,2,,,ocr_output/Shana/Shana_Worksheet5.json
Shana,WS5,trials[2],trials[2].parsed_feature,karbonhidrat,,,ocr_output/Shana/Shana_Worksheet5.json
Shana,WS5,trials[2],trials[2].left_operator,≤,,,ocr_output/Shana/Shana_Worksheet5.json
Shana,WS5,trials[2],trials[2].left_threshold,25.0,,,ocr_output/Shana/Shana_Worksheet5.json
Shana,WS5,trials[2],trials[2].left_leaf_recommended,4,,,ocr_output/Shana/Shana_Worksheet5.json
Shana,WS5,trials[2],trials[2].left_leaf_not_recommended,0,,,ocr_output/Shana/Shana_Worksheet5.json
Shana,WS5,trials[2],trials[2].right_operator,>,,,ocr_output/Shana/Shana_Worksheet5.json
Shana,WS5,trials[2],trials[2].right_threshold,25.0,,,ocr_output/Shana/Shana_Worksheet5.json
Shana,WS5,trials[2],trials[2].right_leaf_recommended,2,,,ocr_output/Shana/Shana_Worksheet5.json
Shana,WS5,trials[2],trials[2].right_leaf_not_recommended,5,,,ocr_output/Shana/Shana_Worksheet5.json
Shana,WS5,trials[2],trials[2].student_error_count,2,,,ocr_output/Shana/Shana_Worksheet5.json
Shana,WS5,trials[2],trials[2].student_mcr,,,,ocr_output/Shana/Shana_Worksheet5.json
Shana,WS5,trials[3],trials[3].trial_id,3,,,ocr_output/Shana/Shana_Worksheet5.json
Shana,WS5,trials[3],trials[3].parsed_feature,protein,,,ocr_output/Shana/Shana_Worksheet5.json
Shana,WS5,trials[3],trials[3].left_operator,≤,,,ocr_output/Shana/Shana_Worksheet5.json
Shana,WS5,trials[3],trials[3].left_threshold,3.0,,,ocr_output/Shana/Shana_Worksheet5.json
Shana,WS5,trials[3],trials[3].left_leaf_recommended,4,,,ocr_output/Shana/Shana_Worksheet5.json
Shana,WS5,trials[3],trials[3].left_leaf_not_recommended,1,,,ocr_output/Shana/Shana_Worksheet5.json
Shana,WS5,trials[3],trials[3].right_operator,>,,,ocr_output/Shana/Shana_Worksheet5.json
Shana,WS5,trials[3],trials[3].right_threshold,3.0,,,ocr_output/Shana/Shana_Worksheet5.json
Shana,WS5,trials[3],trials[3].right_leaf_recommended,2,,,ocr_output/Shana/Shana_Worksheet5.json
Shana,WS5,trials[3],trials[3].right_leaf_not_recommended,4,,,ocr_output/Shana/Shana_Worksheet5.json
Shana,WS5,trials[3],trials[3].student_error_count,3,,,ocr_output/Shana/Shana_Worksheet5.json
Shana,WS5,trials[3],trials[3].student_mcr,,,,ocr_output/Shana/Shana_Worksheet5.json
Shana,WS5,final_decision_raw,final_decision_raw,karbonhidrat değişkeni için hangi eşik değerini seçiyorsunuz? Not alın:,,,ocr_output/Shana/Shana_Worksheet5.json
Shana,WS6,tree_structure,tree_structure.depth_0.parsed_feature,Yağ,,,ocr_output/Shana/Shana_Worksheet6.json
Shana,WS6,tree_structure,tree_structure.depth_0.left_operator,≤,,,ocr_output/Shana/Shana_Worksheet6.json
Shana,WS6,tree_structure,tree_structure.depth_0.left_threshold_value,13.5,,,ocr_output/Shana/Shana_Worksheet6.json
Shana,WS6,tree_structure,tree_structure.depth_0.right_operator,<,,,ocr_output/Shana/Shana_Worksheet6.json
Shana,WS6,tree_structure,tree_structure.depth_0.right_threshold_value,13.5,,,ocr_output/Shana/Shana_Worksheet6.json
Shana,WS6,tree_structure,tree_structure.depth_1.left_child.parsed_feature,Şeker,,,ocr_output/Shana/Shana_Worksheet6.json
Shana,WS6,tree_structure,tree_structure.depth_1.left_child.node_recommended_count,6,,,ocr_output/Shana/Shana_Worksheet6.json
Shana,WS6,tree_structure,tree_structure.depth_1.left_child.node_not_recommended_count,2,,,ocr_output/Shana/Shana_Worksheet6.json
Shana,WS6,tree_structure,tree_structure.depth_1.left_child.left_operator,<,,,ocr_output/Shana/Shana_Worksheet6.json
Shana,WS6,tree_structure,tree_structure.depth_1.left_child.left_threshold_value,11.0,,,ocr_output/Shana/Shana_Worksheet6.json
Shana,WS6,tree_structure,tree_structure.depth_1.left_child.right_operator,>,,,ocr_output/Shana/Shana_Worksheet6.json
Shana,WS6,tree_structure,tree_structure.depth_1.left_child.right_threshold_value,11.0,,,ocr_output/Shana/Shana_Worksheet6.json
Shana,WS6,tree_structure,tree_structure.depth_1.right_child.parsed_feature,Enerji,,,ocr_output/Shana/Shana_Worksheet6.json
Shana,WS6,tree_structure,tree_structure.depth_1.right_child.node_recommended_count,0,,,ocr_output/Shana/Shana_Worksheet6.json
Shana,WS6,tree_structure,tree_structure.depth_1.right_child.node_not_recommended_count,3,,,ocr_output/Shana/Shana_Worksheet6.json
Shana,WS6,tree_structure,tree_structure.depth_1.right_child.left_operator,<,,,ocr_output/Shana/Shana_Worksheet6.json
Shana,WS6,tree_structure,tree_structure.depth_1.right_child.left_threshold_value,200.0,,,ocr_output/Shana/Shana_Worksheet6.json
Shana,WS6,tree_structure,tree_structure.depth_1.right_child.right_operator,>,,,ocr_output/Shana/Shana_Worksheet6.json
Shana,WS6,tree_structure,tree_structure.depth_1.right_child.right_threshold_value,200.0,,,ocr_output/Shana/Shana_Worksheet6.json
Shana,WS6,tree_structure,tree_structure.depth_2.leaf_nodes.left_left_leaf.leaf_label,,,,ocr_output/Shana/Shana_Worksheet6.json
Shana,WS6,tree_structure,tree_structure.depth_2.leaf_nodes.left_left_leaf.leaf_recommended_count,0,,,ocr_output/Shana/Shana_Worksheet6.json
Shana,WS6,tree_structure,tree_structure.depth_2.leaf_nodes.left_left_leaf.leaf_not_recommended_count,2,,,ocr_output/Shana/Shana_Worksheet6.json
Shana,WS6,tree_structure,tree_structure.depth_2.leaf_nodes.left_right_leaf.leaf_label,,,,ocr_output/Shana/Shana_Worksheet6.json
Shana,WS6,tree_structure,tree_structure.depth_2.leaf_nodes.left_right_leaf.leaf_recommended_count,0,,,ocr_output/Shana/Shana_Worksheet6.json
Shana,WS6,tree_structure,tree_structure.depth_2.leaf_nodes.left_right_leaf.leaf_not_recommended_count,0,,,ocr_output/Shana/Shana_Worksheet6.json
Shana,WS6,tree_structure,tree_structure.depth_2.leaf_nodes.right_left_leaf.leaf_label,,,,ocr_output/Shana/Shana_Worksheet6.json
Shana,WS6,tree_structure,tree_structure.depth_2.leaf_nodes.right_left_leaf.leaf_recommended_count,0,,,ocr_output/Shana/Shana_Worksheet6.json
Shana,WS6,tree_structure,tree_structure.depth_2.leaf_nodes.right_left_leaf.leaf_not_recommended_count,0,,,ocr_output/Shana/Shana_Worksheet6.json
Shana,WS6,tree_structure,tree_structure.depth_2.leaf_nodes.right_right_leaf.leaf_label,,,,ocr_output/Shana/Shana_Worksheet6.json
Shana,WS6,tree_structure,tree_structure.depth_2.leaf_nodes.right_right_leaf.leaf_recommended_count,0,,,ocr_output/Shana/Shana_Worksheet6.json
Shana,WS6,tree_structure,tree_structure.depth_2.leaf_nodes.right_right_leaf.leaf_not_recommended_count,3,,,ocr_output/Shana/Shana_Worksheet6.json
Shana,WS7,tree_structure,tree_structure.depth_0.left_operator,≤,,,ocr_output/Shana/Shana_Worksheet7.json
Shana,WS7,tree_structure,tree_structure.depth_0.left_threshold_value,200.0,,,ocr_output/Shana/Shana_Worksheet7.json
Shana,WS7,tree_structure,tree_structure.depth_0.right_operator,>,,,ocr_output/Shana/Shana_Worksheet7.json
Shana,WS7,tree_structure,tree_structure.depth_0.right_threshold_value,200.0,,,ocr_output/Shana/Shana_Worksheet7.json
Shana,WS7,tree_structure,tree_structure.depth_1.left_child.path_label,A,,,ocr_output/Shana/Shana_Worksheet7.json
Shana,WS7,tree_structure,tree_structure.depth_1.left_child.node_recommended_count,,,,ocr_output/Shana/Shana_Worksheet7.json
Shana,WS7,tree_structure,tree_structure.depth_1.left_child.node_not_recommended_count,,,,ocr_output/Shana/Shana_Worksheet7.json
Shana,WS7,tree_structure,tree_structure.depth_1.right_child.parsed_feature,Protein,,,ocr_output/Shana/Shana_Worksheet7.json
Shana,WS7,tree_structure,tree_structure.depth_1.right_child.node_recommended_count,,,,ocr_output/Shana/Shana_Worksheet7.json
Shana,WS7,tree_structure,tree_structure.depth_1.right_child.node_not_recommended_count,,,,ocr_output/Shana/Shana_Worksheet7.json
Shana,WS7,tree_structure,tree_structure.depth_1.right_child.left_operator,≤,,,ocr_output/Shana/Shana_Worksheet7.json
Shana,WS7,tree_structure,tree_structure.depth_1.right_child.left_threshold_value,11.0,,,ocr_output/Shana/Shana_Worksheet7.json
Shana,WS7,tree_structure,tree_structure.depth_1.right_child.right_operator,>,,,ocr_output/Shana/Shana_Worksheet7.json
Shana,WS7,tree_structure,tree_structure.depth_1.right_child.right_threshold_value,11.0,,,ocr_output/Shana/Shana_Worksheet7.json
Shana,WS7,tree_structure,tree_structure.depth_2.leaf_nodes.right_left_leaf.path_label,B,,,ocr_output/Shana/Shana_Worksheet7.json
Shana,WS7,tree_structure,tree_structure.depth_2.leaf_nodes.right_left_leaf.leaf_recommended_count,,,,ocr_output/Shana/Shana_Worksheet7.json
Shana,WS7,tree_structure,tree_structure.depth_2.leaf_nodes.right_left_leaf.leaf_not_recommended_count,,,,ocr_output/Shana/Shana_Worksheet7.json
Shana,WS7,tree_structure,tree_structure.depth_2.leaf_nodes.right_right_leaf.path_label,C,,,ocr_output/Shana/Shana_Worksheet7.json
Shana,WS7,tree_structure,tree_structure.depth_2.leaf_nodes.right_right_leaf.leaf_recommended_count,,,,ocr_output/Shana/Shana_Worksheet7.json
Shana,WS7,tree_structure,tree_structure.depth_2.leaf_nodes.right_right_leaf.leaf_not_recommended_count,,,,ocr_output/Shana/Shana_Worksheet7.json
Shana,WS7,rule_matching,rule_matching.rule_1_box,,,,ocr_output/Shana/Shana_Worksheet7.json
Shana,WS7,rule_matching,rule_matching.rule_2_box,,,,ocr_output/Shana/Shana_Worksheet7.json
Shana,WS7,rule_matching,rule_matching.rule_3_box,,,,ocr_output/Shana/Shana_Worksheet7.json
Shana,WS10,WS10_B1,threshold_error_table.WS10_B1.error_count_parsed,4,True,,ocr_output/Shana/Shana_Worksheet10.json
Shana,WS10,WS10_B2,threshold_error_table.WS10_B2.error_count_parsed,3,True,,ocr_output/Shana/Shana_Worksheet10.json
Shana,WS10,WS10_B3,threshold_error_table.WS10_B3.error_count_parsed,2,True,,ocr_output/Shana/Shana_Worksheet10.json
Shana,WS10,WS10_B4,threshold_error_table.WS10_B4.error_count_parsed,3,True,,ocr_output/Shana/Shana_Worksheet10.json
Shana,WS10,WS10_B5,threshold_error_table.WS10_B5.error_count_parsed,2,True,,ocr_output/Shana/Shana_Worksheet10.json
Shana,WS10,WS10_B6,threshold_error_table.WS10_B6.error_count_parsed,1,True,,ocr_output/Shana/Shana_Worksheet10.json
Shana,WS10,WS10_B7,threshold_error_table.WS10_B7.error_count_parsed,2,True,,ocr_output/Shana/Shana_Worksheet10.json
Shana,WS10,optimal_threshold,optimal_threshold.value_parsed,408.0,,,ocr_output/Shana/Shana_Worksheet10.json
Shana,WS14,DTI_01,DTI_01,"10 kişi var, %50'si hasta. Hasta ve sağlıklı oranı aynı",True,,ocr_output/Shana/Shana_Worksheet_Xeno.json
Shana,WS14,DTI_02,DTI_02,5 kişi mavi saçlıdır. Bu vakaların [circled: 0]'ı hastadır. Bu grubun hastalık oranı %0'dır,True,,ocr_output/Shana/Shana_Worksheet_Xeno.json
Shana,WS14,DTI_03,DTI_03,Pembe saçlı 5 vaka vardır. Bu vakaların hepsi hastadır. Pembe saçlı olanların hepsi hastadır,True,,ocr_output/Shana/Shana_Worksheet_Xeno.json
Shana,WS14,DTI_04,DTI_04,Pembe saçlı olanların olduğu sağ kutu hasta olarak etiketlenir,True,,ocr_output/Shana/Shana_Worksheet_Xeno.json
Shana,WS14,DTI_05,DTI_05,Pembe saçlı kutuda 5 vaka vardır. Hepsi yani 5 kişi hastadır. Pembe saçlıların hepsi hastadır,True,,ocr_output/Shana/Shana_Worksheet_Xeno.json
Shana,WS14,DTI_06,DTI_06,Bu veri seti için iyi bir ayırıcıdır,True,,ocr_output/Shana/Shana_Worksheet_Xeno.json
Shana,WS14,DTI_07,DTI_07,%100 doğru olması beklenir,True,,ocr_output/Shana/Shana_Worksheet_Xeno.json
Shana,WS14,DTI_08,DTI_08,Sağlıklı bir birey hasta olarak değerlendirildiğinde yanlış tedavi uygulanıp gereğinde hasta olmasına neden olabilir. Hasta bir bireyin sağlıklı olarak değerlendirilmesi tedavisi geciktirilip bireyin sağlığında olmasına neden olabilir,True,,ocr_output/Shana/Shana_Worksheet_Xeno.json
Shana,WS14,DTI_09,DTI_09,[corrected: struck-through text] Tahminler hala doğru tahmin etmekte,True,,ocr_output/Shana/Shana_Worksheet_Xeno.json
Shana,WS14,DTI_10,DTI_10,9,True,,ocr_output/Shana/Shana_Worksheet_Xeno.json
Shana,WS14,DTI_11,DTI_11,Test tüm hastaları doğru tahmin etti,True,,ocr_output/Shana/Shana_Worksheet_Xeno.json
Shana,WS14,DTI_12,DTI_12,11,True,,ocr_output/Shana/Shana_Worksheet_Xeno.json
Shana,WS14,DTI_13,DTI_13,Test hasta olmayanı doğru tahmin etti,True,,ocr_output/Shana/Shana_Worksheet_Xeno.json
Shana,WS14,DTI_14,DTI_14,0,True,,ocr_output/Shana/Shana_Worksheet_Xeno.json
Shana,WS14,DTI_15,DTI_15,test hatası yok,True,,ocr_output/Shana/Shana_Worksheet_Xeno.json
Shana,WS14,DTI_16,DTI_16,0,True,,ocr_output/Shana/Shana_Worksheet_Xeno.json
Shana,WS14,DTI_17,DTI_17,test hatası yok,True,,ocr_output/Shana/Shana_Worksheet_Xeno.json
Shana,WS14,DTI_18,DTI_18,20,True,,ocr_output/Shana/Shana_Worksheet_Xeno.json
Shana,WS14,DTI_19,DTI_19,(bos),False,BLANK,ocr_output/Shana/Shana_Worksheet_Xeno.json
Shana,WS14,DTI_20,DTI_20,20 / 20 = 1,True,,ocr_output/Shana/Shana_Worksheet_Xeno.json
Shana,WS14,DTI_21,DTI_21,Doğru oranı emekle [okunamiyor],True,,ocr_output/Shana/Shana_Worksheet_Xeno.json
Shana,WS14,DTI_22,DTI_22,9 / 9 = 1,True,,ocr_output/Shana/Shana_Worksheet_Xeno.json
Shana,WS14,DTI_23,DTI_23,Gerçekten hasta olanı doğru tespit etti,True,,ocr_output/Shana/Shana_Worksheet_Xeno.json
Shana,WS14,DTI_24,DTI_24,11 / 11 = 1,True,,ocr_output/Shana/Shana_Worksheet_Xeno.json
Shana,WS14,DTI_25,DTI_25,Gerçekten sağlıklı olan bireyi doğru buluyor,True,,ocr_output/Shana/Shana_Worksheet_Xeno.json
Shana,WS14,DTI_26,DTI_26,9 / 9 = 1,True,,ocr_output/Shana/Shana_Worksheet_Xeno.json
Shana,WS14,DTI_27,DTI_27,Ne kadar hasta olduğunu hesaplıyor,True,,ocr_output/Shana/Shana_Worksheet_Xeno.json
Shana,WS14,DTI_28,DTI_28,"Duyarlılığı, sanırım doğru tahmin etme oranını verdiği için",True,,ocr_output/Shana/Shana_Worksheet_Xeno.json
Shana,WS14,DTI_29,DTI_29,|TP + TN| / |TN + FP| =,True,,ocr_output/Shana/Shana_Worksheet_Xeno.json
Shana,WS14,DTI_30,DTI_30,Hastaları ve doğru olanların oranını verdiğini olduğundan,True,,ocr_output/Shana/Shana_Worksheet_Xeno.json
Shana,WS14,DTI_31,DTI_31,Doğru olmasını tahmin etmek istediğinde,True,,ocr_output/Shana/Shana_Worksheet_Xeno.json
Shana,WS14,DTI_32,DTI_32,0 + 0 / 10 = 0    1 - 0 = 1,True,,ocr_output/Shana/Shana_Worksheet_Xeno.json
Shana,WS14,DTI_33,DTI_33,Hata oranı çok düşük hata yok. Bu da bunu gösterir,True,,ocr_output/Shana/Shana_Worksheet_Xeno.json
Shana,WS15,DTI_01,titanic_vs1_egitim.DTI_01,(bos),False,BLANK,ocr_output/Shana/Shana_Worksheet_Titanic.json
Shana,WS15,DTI_02,titanic_vs1_egitim.DTI_02,(bos),False,BLANK,ocr_output/Shana/Shana_Worksheet_Titanic.json
Shana,WS15,DTI_03,titanic_vs1_egitim.DTI_03,(bos),False,BLANK,ocr_output/Shana/Shana_Worksheet_Titanic.json
Shana,WS15,DTI_04,titanic_vs1_egitim.DTI_04,(bos),False,BLANK,ocr_output/Shana/Shana_Worksheet_Titanic.json
Shana,WS15,DTI_05,titanic_vs1_egitim.DTI_05,290 + 522 / 812 = 812 / 812 = 1,True,,ocr_output/Shana/Shana_Worksheet_Titanic.json
Shana,WS15,DTI_06,titanic_vs1_egitim.DTI_06,290 / (290 + 0) = 1,True,,ocr_output/Shana/Shana_Worksheet_Titanic.json
Shana,WS15,DTI_07,titanic_vs1_egitim.DTI_07,522 / (522 + 0) = 1,True,,ocr_output/Shana/Shana_Worksheet_Titanic.json
Shana,WS15,DTI_08,titanic_vs1_egitim.DTI_08,290 / (290 + 0) = 1,True,,ocr_output/Shana/Shana_Worksheet_Titanic.json
Shana,WS15,DTI_09,titanic_vs1_egitim.DTI_09,(0+0) / 812 = 0,True,,ocr_output/Shana/Shana_Worksheet_Titanic.json
Shana,WS15,DTI_10,titanic_vs1_test.DTI_10,105 [corrected: 49+56 / 231],True,,ocr_output/Shana/Shana_Worksheet_Titanic.json
Shana,WS15,DTI_11,titanic_vs1_test.DTI_11,56 of 96,True,,ocr_output/Shana/Shana_Worksheet_Titanic.json
Shana,WS15,DTI_12,titanic_vs1_test.DTI_12,49 of 135,True,,ocr_output/Shana/Shana_Worksheet_Titanic.json
Shana,WS15,DTI_13,titanic_vs1_test.DTI_13,female,True,,ocr_output/Shana/Shana_Worksheet_Titanic.json
Shana,WS15,DTI_14,titanic_vs1_test.DTI_14,56 + 86 / 231 = 142 / 231,True,,ocr_output/Shana/Shana_Worksheet_Titanic.json
Shana,WS15,DTI_15,titanic_vs1_test.DTI_15,56 / (56+49) = 56 / 105,True,,ocr_output/Shana/Shana_Worksheet_Titanic.json
Shana,WS15,DTI_16,titanic_vs1_test.DTI_16,86 / (86 + 40) = 86 / 126,True,,ocr_output/Shana/Shana_Worksheet_Titanic.json
Shana,WS15,DTI_17,titanic_vs1_test.DTI_17,56 / (56 + 40) = 56 / 96,True,,ocr_output/Shana/Shana_Worksheet_Titanic.json
Shana,WS15,DTI_18,titanic_vs1_test.DTI_18,(40 + 49) / 231 = 89 / 231,True,,ocr_output/Shana/Shana_Worksheet_Titanic.json
Shana,WS15,DTI_19,titanic_vs1_interpretation.DTI_19,yanlış tespitler arttı. Fark öncekine göre fazla,True,,ocr_output/Shana/Shana_Worksheet_Titanic.json
Shana,WS15,DTI_20,titanic_vs1_interpretation.DTI_20,(bos),False,BLANK,ocr_output/Shana/Shana_Worksheet_Titanic.json
Shana,WS15,DTI_21,titanic_vs1_interpretation.DTI_21,(bos),False,BLANK,ocr_output/Shana/Shana_Worksheet_Titanic.json
Shana,WS15,DTI_22,titanic_vs1_interpretation.DTI_22,Test edilince eğitimdeki gibi kusursuz sonuç alınması normaldir.,True,,ocr_output/Shana/Shana_Worksheet_Titanic.json
Shana,WS15,DTI_23,titanic_vs2_egitim.DTI_23,456 of 834,True,,ocr_output/Shana/Shana_Worksheet_Titanic.json
Shana,WS15,DTI_24,titanic_vs2_egitim.DTI_24,128 of 304,True,,ocr_output/Shana/Shana_Worksheet_Titanic.json
Shana,WS15,DTI_25,titanic_vs2_egitim.DTI_25,328 of 530,True,,ocr_output/Shana/Shana_Worksheet_Titanic.json
Shana,WS15,DTI_26,titanic_vs2_egitim.DTI_26,female,True,,ocr_output/Shana/Shana_Worksheet_Titanic.json
Shana,WS15,DTI_27,titanic_vs2_egitim.DTI_27,128 + 202 / 834,True,,ocr_output/Shana/Shana_Worksheet_Titanic.json
Shana,WS15,DTI_28,titanic_vs2_egitim.DTI_28,128 / (128 + 328),True,,ocr_output/Shana/Shana_Worksheet_Titanic.json
Shana,WS15,DTI_29,titanic_vs2_egitim.DTI_29,202 / (202 + 176),True,,ocr_output/Shana/Shana_Worksheet_Titanic.json
Shana,WS15,DTI_30,titanic_vs2_egitim.DTI_30,128 / (128 + 176),True,,ocr_output/Shana/Shana_Worksheet_Titanic.json
Shana,WS15,DTI_31,titanic_vs2_egitim.DTI_31,(176 + 328) / 834,True,,ocr_output/Shana/Shana_Worksheet_Titanic.json
Shana,WS15,DTI_32,titanic_vs2_test.DTI_32,209/124,True,,ocr_output/Shana/Shana_Worksheet_Titanic.json
Shana,WS15,DTI_33,titanic_vs2_test.DTI_33,82/61,True,,ocr_output/Shana/Shana_Worksheet_Titanic.json
Shana,WS15,DTI_34,titanic_vs2_test.DTI_34,127/24,True,,ocr_output/Shana/Shana_Worksheet_Titanic.json
Shana,WS15,DTI_35,titanic_vs2_test.DTI_35,female,True,,ocr_output/Shana/Shana_Worksheet_Titanic.json
Shana,WS15,DTI_36,titanic_vs2_test.DTI_36,(21 + 24) / 209,False,NUMERIC_TOLERANCE,ocr_output/Shana/Shana_Worksheet_Titanic.json
Shana,WS15,DTI_37,titanic_vs2_test.DTI_37,21 / (21 + 103),False,NUMERIC_TOLERANCE,ocr_output/Shana/Shana_Worksheet_Titanic.json
Shana,WS15,DTI_38,titanic_vs2_test.DTI_38,24 / (24 + 61),False,NUMERIC_TOLERANCE,ocr_output/Shana/Shana_Worksheet_Titanic.json
Shana,WS15,DTI_39,titanic_vs2_test.DTI_39,21 / (21 + 61),False,NUMERIC_TOLERANCE,ocr_output/Shana/Shana_Worksheet_Titanic.json
Shana,WS15,DTI_40,titanic_vs2_test.DTI_40,(61 + 103) / 209,False,NUMERIC_TOLERANCE,ocr_output/Shana/Shana_Worksheet_Titanic.json
Shana,WS15,DTI_41,titanic_vs2_interpretation.DTI_41,eğitimde olduğundan fark yok,True,,ocr_output/Shana/Shana_Worksheet_Titanic.json
Shana,WS15,DTI_42,titanic_vs2_interpretation.DTI_42,hayır,True,,ocr_output/Shana/Shana_Worksheet_Titanic.json
Shana,WS15,DTI_43,titanic_vs2_interpretation.DTI_43,yeter kadar örnek çalışılmamış,False,TRAP_NOT_RECOGNIZED,ocr_output/Shana/Shana_Worksheet_Titanic.json
Shana,WS15,DTI_44,titanic_vs2_interpretation.DTI_44,performansı kötüdür,False,TRAP_NOT_RECOGNIZED,ocr_output/Shana/Shana_Worksheet_Titanic.json
Shana,WS15,DTI_45,genel_sorular.DTI_45,model sınıflandırmada eksiktir,True,,ocr_output/Shana/Shana_Worksheet_Titanic.json
Shana,WS15,DTI_46,genel_sorular.DTI_46,Dengeli olmalıdır,True,,ocr_output/Shana/Shana_Worksheet_Titanic.json
Shana,WS15,DTI_47,genel_sorular.DTI_47,farklılık ortaya çıkıyor | Değil dir. Ancak doğruluğu yüksek olup ancak hassasiyeti düşük bunu isteriz,True,,ocr_output/Shana/Shana_Worksheet_Titanic.json
Sheila,WS1,WS1_B1,WS1_B1,Etiket,True,,ocr_output/Sheila/Sheila_Worksheet1.json
Sheila,WS1,WS1_B2,WS1_B2,Nesne,True,,ocr_output/Sheila/Sheila_Worksheet1.json
Sheila,WS1,WS1_B3,WS1_B3,Etiket,False,wrong_term: 'Etiket',ocr_output/Sheila/Sheila_Worksheet1.json
Sheila,WS1,WS1_B4,WS1_B4,Özellik,False,feature_term_instead_of_value_term,ocr_output/Sheila/Sheila_Worksheet1.json
Sheila,WS1,WS1_B5,WS1_B5,Nesne,True,,ocr_output/Sheila/Sheila_Worksheet1.json
Sheila,WS1,WS1_B6,WS1_B6,Nesne,True,,ocr_output/Sheila/Sheila_Worksheet1.json
Sheila,WS1,WS1_B7,WS1_B7,Değişken,True,,ocr_output/Sheila/Sheila_Worksheet1.json
Sheila,WS1,WS1_B8,WS1_B8,Karakteristik,False,wrote_term_instead_of_count,ocr_output/Sheila/Sheila_Worksheet1.json
Sheila,WS1,WS1_B9,WS1_B9,"Enerji, yağ, Doymuş yağ, Karbonhidrat, Şeker, Protein, Tuz",True,,ocr_output/Sheila/Sheila_Worksheet1.json
Sheila,WS1,WS1_B10,WS1_B10,Fındıklı gofret,True,,ocr_output/Sheila/Sheila_Worksheet1.json
Sheila,WS1,WS1_B11,WS1_B11,Etiket,True,,ocr_output/Sheila/Sheila_Worksheet1.json
Sheila,WS3,WS3_B1,WS3_B1,tavsiye edilemez,True,,ocr_output/Sheila/Sheila_Worksheet3.json
Sheila,WS3,WS3_B2,WS3_B2,"23 g > 8,0 g",True,,ocr_output/Sheila/Sheila_Worksheet3.json
Sheila,WS3,WS3_B3,WS3_B3,tavsiye edilebilir,True,,ocr_output/Sheila/Sheila_Worksheet3.json
Sheila,WS3,WS3_B4,WS3_B4,"0,2 < 8,0 g",True,,ocr_output/Sheila/Sheila_Worksheet3.json
Sheila,WS3,WS3_B5,WS3_B5,tavsiye edilemez,True,,ocr_output/Sheila/Sheila_Worksheet3.json
Sheila,WS3,WS3_B6,WS3_B6,"260 g > 8,0 g",,,ocr_output/Sheila/Sheila_Worksheet3.json
Sheila,WS3,WS3_B7,WS3_B7,≤ 74,True,,ocr_output/Sheila/Sheila_Worksheet3.json
Sheila,WS3,WS3_B8,WS3_B8,≥ 74,True,,ocr_output/Sheila/Sheila_Worksheet3.json
Sheila,WS4,WS4_B1,WS4_B1.threshold_value_raw,"3,5",False,threshold_value_out_of_range,ocr_output/Sheila/Sheila_Worksheet4.json
Sheila,WS4,WS4_B1,WS4_B1.threshold_value_parsed,3.5,False,threshold_value_out_of_range,ocr_output/Sheila/Sheila_Worksheet4.json
Sheila,WS4,WS4_B1,WS4_B1.placement_description,"A thick vertical line is drawn between avokado and patates kızartması cards, with '(3,5)' written above in the margin near kraker/avokado boundary.",False,threshold_value_out_of_range,ocr_output/Sheila/Sheila_Worksheet4.json
Sheila,WS4,WS4_B2,WS4_B2.detection_method,none_detected,False,"missing_foods: avokado, jelibon, kraker, yulaf",ocr_output/Sheila/Sheila_Worksheet4.json
Sheila,WS4,WS4_B2,WS4_B2.circled_cards,[],False,"missing_foods: avokado, jelibon, kraker, yulaf",ocr_output/Sheila/Sheila_Worksheet4.json
Sheila,WS4,WS4_B2,WS4_B2.written_foods,,False,"missing_foods: avokado, jelibon, kraker, yulaf",ocr_output/Sheila/Sheila_Worksheet4.json
Sheila,WS4,WS4_B2,WS4_B2.foods_parsed,,False,"missing_foods: avokado, jelibon, kraker, yulaf",ocr_output/Sheila/Sheila_Worksheet4.json
Sheila,WS4,WS4_B3,WS4_B3.response_raw,Hata 2'ye düşer,True,,ocr_output/Sheila/Sheila_Worksheet4.json
Sheila,WS4,WS4_B4,WS4_B4.agrees_with_pia,True,False,missing_equal_fat_explanation,ocr_output/Sheila/Sheila_Worksheet4.json
Sheila,WS4,WS4_B4,WS4_B4.response_raw,Evet hata oranı yüksek,False,missing_equal_fat_explanation,ocr_output/Sheila/Sheila_Worksheet4.json
Sheila,WS4,WS4_B5,WS4_B5.threshold_value_raw,161,True,,ocr_output/Sheila/Sheila_Worksheet4.json
Sheila,WS4,WS4_B5,WS4_B5.threshold_value_parsed,161.0,True,,ocr_output/Sheila/Sheila_Worksheet4.json
Sheila,WS5,trials[1],trials[1].trial_id,1,,,ocr_output/Sheila/Sheila_Worksheet5.json
Sheila,WS5,trials[1],trials[1].parsed_feature,enerji,,,ocr_output/Sheila/Sheila_Worksheet5.json
Sheila,WS5,trials[1],trials[1].left_operator,<,,,ocr_output/Sheila/Sheila_Worksheet5.json
Sheila,WS5,trials[1],trials[1].left_threshold,161.0,,,ocr_output/Sheila/Sheila_Worksheet5.json
Sheila,WS5,trials[1],trials[1].left_leaf_recommended,4,,,ocr_output/Sheila/Sheila_Worksheet5.json
Sheila,WS5,trials[1],trials[1].left_leaf_not_recommended,0,,,ocr_output/Sheila/Sheila_Worksheet5.json
Sheila,WS5,trials[1],trials[1].right_operator,>,,,ocr_output/Sheila/Sheila_Worksheet5.json
Sheila,WS5,trials[1],trials[1].right_threshold,161.0,,,ocr_output/Sheila/Sheila_Worksheet5.json
Sheila,WS5,trials[1],trials[1].right_leaf_recommended,2,,,ocr_output/Sheila/Sheila_Worksheet5.json
Sheila,WS5,trials[1],trials[1].right_leaf_not_recommended,5,,,ocr_output/Sheila/Sheila_Worksheet5.json
Sheila,WS5,trials[1],trials[1].student_error_count,2,,,ocr_output/Sheila/Sheila_Worksheet5.json
Sheila,WS5,trials[1],trials[1].student_mcr,,,,ocr_output/Sheila/Sheila_Worksheet5.json
Sheila,WS5,trials[2],trials[2].trial_id,2,,,ocr_output/Sheila/Sheila_Worksheet5.json
Sheila,WS5,trials[2],trials[2].parsed_feature,karbonhidrat,,,ocr_output/Sheila/Sheila_Worksheet5.json
Sheila,WS5,trials[2],trials[2].left_operator,<,,,ocr_output/Sheila/Sheila_Worksheet5.json
Sheila,WS5,trials[2],trials[2].left_threshold,16.0,,,ocr_output/Sheila/Sheila_Worksheet5.json
Sheila,WS5,trials[2],trials[2].left_leaf_recommended,4,,,ocr_output/Sheila/Sheila_Worksheet5.json
Sheila,WS5,trials[2],trials[2].left_leaf_not_recommended,0,,,ocr_output/Sheila/Sheila_Worksheet5.json
Sheila,WS5,trials[2],trials[2].right_operator,<,,,ocr_output/Sheila/Sheila_Worksheet5.json
Sheila,WS5,trials[2],trials[2].right_threshold,16.0,,,ocr_output/Sheila/Sheila_Worksheet5.json
Sheila,WS5,trials[2],trials[2].right_leaf_recommended,2,,,ocr_output/Sheila/Sheila_Worksheet5.json
Sheila,WS5,trials[2],trials[2].right_leaf_not_recommended,5,,,ocr_output/Sheila/Sheila_Worksheet5.json
Sheila,WS5,trials[2],trials[2].student_error_count,,,,ocr_output/Sheila/Sheila_Worksheet5.json
Sheila,WS5,trials[2],trials[2].student_mcr,,,,ocr_output/Sheila/Sheila_Worksheet5.json
Sheila,WS5,trials[3],trials[3].trial_id,3,,,ocr_output/Sheila/Sheila_Worksheet5.json
Sheila,WS5,trials[3],trials[3].parsed_feature,şeker,,,ocr_output/Sheila/Sheila_Worksheet5.json
Sheila,WS5,trials[3],trials[3].left_operator,<,,,ocr_output/Sheila/Sheila_Worksheet5.json
Sheila,WS5,trials[3],trials[3].left_threshold,12.0,,,ocr_output/Sheila/Sheila_Worksheet5.json
Sheila,WS5,trials[3],trials[3].left_leaf_recommended,6,,,ocr_output/Sheila/Sheila_Worksheet5.json
Sheila,WS5,trials[3],trials[3].left_leaf_not_recommended,2,,,ocr_output/Sheila/Sheila_Worksheet5.json
Sheila,WS5,trials[3],trials[3].right_operator,<,,,ocr_output/Sheila/Sheila_Worksheet5.json
Sheila,WS5,trials[3],trials[3].right_threshold,12.0,,,ocr_output/Sheila/Sheila_Worksheet5.json
Sheila,WS5,trials[3],trials[3].right_leaf_recommended,0,,,ocr_output/Sheila/Sheila_Worksheet5.json
Sheila,WS5,trials[3],trials[3].right_leaf_not_recommended,3,,,ocr_output/Sheila/Sheila_Worksheet5.json
Sheila,WS5,trials[3],trials[3].student_error_count,,,,ocr_output/Sheila/Sheila_Worksheet5.json
Sheila,WS5,trials[3],trials[3].student_mcr,,,,ocr_output/Sheila/Sheila_Worksheet5.json
Sheila,WS5,final_decision_raw,final_decision_raw,enerji değişkeni için hangi eşik değerini seçiyorsunuz? Not alın: eski bilgilerime göre daha değer sonucu verdiğini düşünüyorum,,,ocr_output/Sheila/Sheila_Worksheet5.json
Sheila,WS6,tree_structure,tree_structure.depth_0.parsed_feature,Enerji,,,ocr_output/Sheila/Sheila_Worksheet6.json
Sheila,WS6,tree_structure,tree_structure.depth_0.left_operator,≤,,,ocr_output/Sheila/Sheila_Worksheet6.json
Sheila,WS6,tree_structure,tree_structure.depth_0.left_threshold_value,160.0,,,ocr_output/Sheila/Sheila_Worksheet6.json
Sheila,WS6,tree_structure,tree_structure.depth_0.right_operator,<,,,ocr_output/Sheila/Sheila_Worksheet6.json
Sheila,WS6,tree_structure,tree_structure.depth_0.right_threshold_value,160.0,,,ocr_output/Sheila/Sheila_Worksheet6.json
Sheila,WS6,tree_structure,tree_structure.depth_1.left_child.parsed_feature,Protein,,,ocr_output/Sheila/Sheila_Worksheet6.json
Sheila,WS6,tree_structure,tree_structure.depth_1.left_child.node_recommended_count,,,,ocr_output/Sheila/Sheila_Worksheet6.json
Sheila,WS6,tree_structure,tree_structure.depth_1.left_child.node_not_recommended_count,,,,ocr_output/Sheila/Sheila_Worksheet6.json
Sheila,WS6,tree_structure,tree_structure.depth_1.left_child.left_operator,,,,ocr_output/Sheila/Sheila_Worksheet6.json
Sheila,WS6,tree_structure,tree_structure.depth_1.left_child.left_threshold_value,,,,ocr_output/Sheila/Sheila_Worksheet6.json
Sheila,WS6,tree_structure,tree_structure.depth_1.left_child.right_operator,,,,ocr_output/Sheila/Sheila_Worksheet6.json
Sheila,WS6,tree_structure,tree_structure.depth_1.left_child.right_threshold_value,,,,ocr_output/Sheila/Sheila_Worksheet6.json
Sheila,WS6,tree_structure,tree_structure.depth_1.right_child.is_direct_leaf,False,,,ocr_output/Sheila/Sheila_Worksheet6.json
Sheila,WS6,tree_structure,tree_structure.depth_1.right_child.parsed_feature,,,,ocr_output/Sheila/Sheila_Worksheet6.json
Sheila,WS6,tree_structure,tree_structure.depth_1.right_child.node_recommended_count,,,,ocr_output/Sheila/Sheila_Worksheet6.json
Sheila,WS6,tree_structure,tree_structure.depth_1.right_child.node_not_recommended_count,,,,ocr_output/Sheila/Sheila_Worksheet6.json
Sheila,WS6,tree_structure,tree_structure.depth_1.right_child.left_operator,,,,ocr_output/Sheila/Sheila_Worksheet6.json
Sheila,WS6,tree_structure,tree_structure.depth_1.right_child.left_threshold_value,,,,ocr_output/Sheila/Sheila_Worksheet6.json
Sheila,WS6,tree_structure,tree_structure.depth_1.right_child.right_operator,,,,ocr_output/Sheila/Sheila_Worksheet6.json
Sheila,WS6,tree_structure,tree_structure.depth_1.right_child.right_threshold_value,,,,ocr_output/Sheila/Sheila_Worksheet6.json
Sheila,WS6,tree_structure,tree_structure.depth_2.leaf_nodes.right_left_leaf.leaf_label,tavsiye edilebilir,,,ocr_output/Sheila/Sheila_Worksheet6.json
Sheila,WS6,tree_structure,tree_structure.depth_2.leaf_nodes.right_left_leaf.leaf_recommended_count,,,,ocr_output/Sheila/Sheila_Worksheet6.json
Sheila,WS6,tree_structure,tree_structure.depth_2.leaf_nodes.right_left_leaf.leaf_not_recommended_count,,,,ocr_output/Sheila/Sheila_Worksheet6.json
Sheila,WS6,tree_structure,tree_structure.depth_2.leaf_nodes.right_right_leaf.leaf_label,tavsiye edilemez,,,ocr_output/Sheila/Sheila_Worksheet6.json
Sheila,WS6,tree_structure,tree_structure.depth_2.leaf_nodes.right_right_leaf.leaf_recommended_count,,,,ocr_output/Sheila/Sheila_Worksheet6.json
Sheila,WS6,tree_structure,tree_structure.depth_2.leaf_nodes.right_right_leaf.leaf_not_recommended_count,,,,ocr_output/Sheila/Sheila_Worksheet6.json
Sheila,WS6,tree_structure,tree_structure.depth_2.leaf_nodes.left_left_leaf.leaf_label,,,,ocr_output/Sheila/Sheila_Worksheet6.json
Sheila,WS6,tree_structure,tree_structure.depth_2.leaf_nodes.left_left_leaf.leaf_recommended_count,,,,ocr_output/Sheila/Sheila_Worksheet6.json
Sheila,WS6,tree_structure,tree_structure.depth_2.leaf_nodes.left_left_leaf.leaf_not_recommended_count,,,,ocr_output/Sheila/Sheila_Worksheet6.json
Sheila,WS6,tree_structure,tree_structure.depth_2.leaf_nodes.left_right_leaf.leaf_label,,,,ocr_output/Sheila/Sheila_Worksheet6.json
Sheila,WS6,tree_structure,tree_structure.depth_2.leaf_nodes.left_right_leaf.leaf_recommended_count,,,,ocr_output/Sheila/Sheila_Worksheet6.json
Sheila,WS6,tree_structure,tree_structure.depth_2.leaf_nodes.left_right_leaf.leaf_not_recommended_count,,,,ocr_output/Sheila/Sheila_Worksheet6.json
Sheila,WS7,tree_structure,tree_structure.depth_0.left_operator,<,,,ocr_output/Sheila/Sheila_Worksheet7.json
Sheila,WS7,tree_structure,tree_structure.depth_0.left_threshold_value,180.0,,,ocr_output/Sheila/Sheila_Worksheet7.json
Sheila,WS7,tree_structure,tree_structure.depth_0.right_operator,≥,,,ocr_output/Sheila/Sheila_Worksheet7.json
Sheila,WS7,tree_structure,tree_structure.depth_0.right_threshold_value,180.0,,,ocr_output/Sheila/Sheila_Worksheet7.json
Sheila,WS7,tree_structure,tree_structure.depth_1.left_child.path_label,A,,,ocr_output/Sheila/Sheila_Worksheet7.json
Sheila,WS7,tree_structure,tree_structure.depth_1.left_child.node_recommended_count,,,,ocr_output/Sheila/Sheila_Worksheet7.json
Sheila,WS7,tree_structure,tree_structure.depth_1.left_child.node_not_recommended_count,,,,ocr_output/Sheila/Sheila_Worksheet7.json
Sheila,WS7,tree_structure,tree_structure.depth_1.right_child.parsed_feature,Protein,,,ocr_output/Sheila/Sheila_Worksheet7.json
Sheila,WS7,tree_structure,tree_structure.depth_1.right_child.node_recommended_count,,,,ocr_output/Sheila/Sheila_Worksheet7.json
Sheila,WS7,tree_structure,tree_structure.depth_1.right_child.node_not_recommended_count,,,,ocr_output/Sheila/Sheila_Worksheet7.json
Sheila,WS7,tree_structure,tree_structure.depth_1.right_child.left_operator,≤,,,ocr_output/Sheila/Sheila_Worksheet7.json
Sheila,WS7,tree_structure,tree_structure.depth_1.right_child.left_threshold_value,11.0,,,ocr_output/Sheila/Sheila_Worksheet7.json
Sheila,WS7,tree_structure,tree_structure.depth_1.right_child.right_operator,>,,,ocr_output/Sheila/Sheila_Worksheet7.json
Sheila,WS7,tree_structure,tree_structure.depth_1.right_child.right_threshold_value,11.0,,,ocr_output/Sheila/Sheila_Worksheet7.json
Sheila,WS7,tree_structure,tree_structure.depth_2.leaf_nodes.right_left_leaf.path_label,B,,,ocr_output/Sheila/Sheila_Worksheet7.json
Sheila,WS7,tree_structure,tree_structure.depth_2.leaf_nodes.right_left_leaf.leaf_recommended_count,,,,ocr_output/Sheila/Sheila_Worksheet7.json
Sheila,WS7,tree_structure,tree_structure.depth_2.leaf_nodes.right_left_leaf.leaf_not_recommended_count,,,,ocr_output/Sheila/Sheila_Worksheet7.json
Sheila,WS7,tree_structure,tree_structure.depth_2.leaf_nodes.right_right_leaf.path_label,C,,,ocr_output/Sheila/Sheila_Worksheet7.json
Sheila,WS7,tree_structure,tree_structure.depth_2.leaf_nodes.right_right_leaf.leaf_recommended_count,,,,ocr_output/Sheila/Sheila_Worksheet7.json
Sheila,WS7,tree_structure,tree_structure.depth_2.leaf_nodes.right_right_leaf.leaf_not_recommended_count,,,,ocr_output/Sheila/Sheila_Worksheet7.json
Sheila,WS7,rule_matching,rule_matching.rule_1_box,,,,ocr_output/Sheila/Sheila_Worksheet7.json
Sheila,WS7,rule_matching,rule_matching.rule_2_box,,,,ocr_output/Sheila/Sheila_Worksheet7.json
Sheila,WS7,rule_matching,rule_matching.rule_3_box,,,,ocr_output/Sheila/Sheila_Worksheet7.json
Sheila,WS10,WS10_B1,threshold_error_table.WS10_B1.error_count_parsed,4,True,,ocr_output/Sheila/Sheila_Worksheet10.json
Sheila,WS10,WS10_B2,threshold_error_table.WS10_B2.error_count_parsed,3,True,,ocr_output/Sheila/Sheila_Worksheet10.json
Sheila,WS10,WS10_B3,threshold_error_table.WS10_B3.error_count_parsed,2,True,,ocr_output/Sheila/Sheila_Worksheet10.json
Sheila,WS10,WS10_B4,threshold_error_table.WS10_B4.error_count_parsed,3,True,,ocr_output/Sheila/Sheila_Worksheet10.json
Sheila,WS10,WS10_B5,threshold_error_table.WS10_B5.error_count_parsed,2,True,,ocr_output/Sheila/Sheila_Worksheet10.json
Sheila,WS10,WS10_B6,threshold_error_table.WS10_B6.error_count_parsed,1,True,,ocr_output/Sheila/Sheila_Worksheet10.json
Sheila,WS10,WS10_B7,threshold_error_table.WS10_B7.error_count_parsed,2,True,,ocr_output/Sheila/Sheila_Worksheet10.json
Sheila,WS10,optimal_threshold,optimal_threshold.value_parsed,,,,ocr_output/Sheila/Sheila_Worksheet10.json
Sheila,WS14,DTI_01,DTI_01,24 vaka içermekte %41.7 si hasta,True,,ocr_output/Sheila/Sheila_Worksheet_Xeno.json
Sheila,WS14,DTI_02,DTI_02,Bu vakaların 14 ü mavi saçlı,True,,ocr_output/Sheila/Sheila_Worksheet_Xeno.json
Sheila,WS14,DTI_03,DTI_03,10 tanesi pembe saçlı,True,,ocr_output/Sheila/Sheila_Worksheet_Xeno.json
Sheila,WS14,DTI_04,DTI_04,pink hair | pozitif [corrected: negatif → pozitif],True,,ocr_output/Sheila/Sheila_Worksheet_Xeno.json
Sheila,WS14,DTI_05,DTI_05,10 tanesi hasta sick yazıyor %100 hasta,True,,ocr_output/Sheila/Sheila_Worksheet_Xeno.json
Sheila,WS14,DTI_06,DTI_06,Evet pembe renk saç hepsinde hasta,True,,ocr_output/Sheila/Sheila_Worksheet_Xeno.json
Sheila,WS14,DTI_07,DTI_07,%100 doğru çıkıyor yapabiliriz.,True,,ocr_output/Sheila/Sheila_Worksheet_Xeno.json
Sheila,WS14,DTI_08,DTI_08,FN (Yanlış) Çünkü hasta olana müdahale edilmeli,True,,ocr_output/Sheila/Sheila_Worksheet_Xeno.json
Sheila,WS14,DTI_09,DTI_09,Hata payı yok,True,,ocr_output/Sheila/Sheila_Worksheet_Xeno.json
Sheila,WS14,DTI_10,DTI_10,10,True,,ocr_output/Sheila/Sheila_Worksheet_Xeno.json
Sheila,WS14,DTI_11,DTI_11,Doğru karar,True,,ocr_output/Sheila/Sheila_Worksheet_Xeno.json
Sheila,WS14,DTI_12,DTI_12,0,True,,ocr_output/Sheila/Sheila_Worksheet_Xeno.json
Sheila,WS14,DTI_13,DTI_13,Doğru karar,True,,ocr_output/Sheila/Sheila_Worksheet_Xeno.json
Sheila,WS14,DTI_14,DTI_14,14,False,INVARIANT_FP_FN_NONZERO,ocr_output/Sheila/Sheila_Worksheet_Xeno.json
Sheila,WS14,DTI_15,DTI_15,Hasta dedi ama sağlıklı,True,,ocr_output/Sheila/Sheila_Worksheet_Xeno.json
Sheila,WS14,DTI_16,DTI_16,0,False,INVARIANT_FP_FN_NONZERO,ocr_output/Sheila/Sheila_Worksheet_Xeno.json
Sheila,WS14,DTI_17,DTI_17,Sağlıklı dedi ama hasta,True,,ocr_output/Sheila/Sheila_Worksheet_Xeno.json
Sheila,WS14,DTI_18,DTI_18,24,True,,ocr_output/Sheila/Sheila_Worksheet_Xeno.json
Sheila,WS14,DTI_19,DTI_19,toplam vaka,True,,ocr_output/Sheila/Sheila_Worksheet_Xeno.json
Sheila,WS14,DTI_20,DTI_20,(10+0) / 24 = 5/12,True,,ocr_output/Sheila/Sheila_Worksheet_Xeno.json
Sheila,WS14,DTI_21,DTI_21,Doğruluk oranım 5/12 dir,True,,ocr_output/Sheila/Sheila_Worksheet_Xeno.json
Sheila,WS14,DTI_22,DTI_22,10 / 24,True,,ocr_output/Sheila/Sheila_Worksheet_Xeno.json
Sheila,WS14,DTI_23,DTI_23,Oran yarısından daha az,True,,ocr_output/Sheila/Sheila_Worksheet_Xeno.json
Sheila,WS14,DTI_24,DTI_24,0 / 0+0 = 0,True,,ocr_output/Sheila/Sheila_Worksheet_Xeno.json
Sheila,WS14,DTI_25,DTI_25,Oran sıfır,True,,ocr_output/Sheila/Sheila_Worksheet_Xeno.json
Sheila,WS14,DTI_26,DTI_26,10 / 24,True,,ocr_output/Sheila/Sheila_Worksheet_Xeno.json
Sheila,WS14,DTI_27,DTI_27,Oran yarıdan daha az,True,,ocr_output/Sheila/Sheila_Worksheet_Xeno.json
Sheila,WS14,DTI_28,DTI_28,Özgüllük hariç hepsi eşit o yüzden diğerleride kullanılır.,True,,ocr_output/Sheila/Sheila_Worksheet_Xeno.json
Sheila,WS14,DTI_29,DTI_29,Kesinlik = Duyarlılık | TP+TN / FP+FN = 10+0 / 14+0 = 10/14,True,,ocr_output/Sheila/Sheila_Worksheet_Xeno.json
Sheila,WS14,DTI_30,DTI_30,Çünkü bu ölçü daha iyi teşhis ediyor,True,,ocr_output/Sheila/Sheila_Worksheet_Xeno.json
Sheila,WS14,DTI_31,DTI_31,Hem yanlış pozitifler hem yanlış negatifler önemliyse ör: Hastalık tespiti gibi durumlarda tercih edilir,True,,ocr_output/Sheila/Sheila_Worksheet_Xeno.json
Sheila,WS14,DTI_32,DTI_32,(bos),False,BLANK,ocr_output/Sheila/Sheila_Worksheet_Xeno.json
Sheila,WS14,DTI_33,DTI_33,(bos),False,BLANK,ocr_output/Sheila/Sheila_Worksheet_Xeno.json
Sheila,WS15,DTI_01,titanic_vs1_egitim.DTI_01,82 kök 290 kişi hayatta,True,,ocr_output/Sheila/Sheila_Worksheet_Titanic.json
Sheila,WS15,DTI_02,titanic_vs1_egitim.DTI_02,290 kişi var 290'ı hayatta,True,,ocr_output/Sheila/Sheila_Worksheet_Titanic.json
Sheila,WS15,DTI_03,titanic_vs1_egitim.DTI_03,522 kişi var hepsi ölmüş olmalı,True,,ocr_output/Sheila/Sheila_Worksheet_Titanic.json
Sheila,WS15,DTI_04,titanic_vs1_egitim.DTI_04,female,True,,ocr_output/Sheila/Sheila_Worksheet_Titanic.json
Sheila,WS15,DTI_05,titanic_vs1_egitim.DTI_05,290 + 522 / 812 = 1,True,,ocr_output/Sheila/Sheila_Worksheet_Titanic.json
Sheila,WS15,DTI_06,titanic_vs1_egitim.DTI_06,290 / 290+0 = 1,True,,ocr_output/Sheila/Sheila_Worksheet_Titanic.json
Sheila,WS15,DTI_07,titanic_vs1_egitim.DTI_07,522 / 522+0 = 1,True,,ocr_output/Sheila/Sheila_Worksheet_Titanic.json
Sheila,WS15,DTI_08,titanic_vs1_egitim.DTI_08,290 / 290+0 = 1,True,,ocr_output/Sheila/Sheila_Worksheet_Titanic.json
Sheila,WS15,DTI_09,titanic_vs1_egitim.DTI_09,0 + 0 / 812 = 0,True,,ocr_output/Sheila/Sheila_Worksheet_Titanic.json
Sheila,WS15,DTI_10,titanic_vs1_test.DTI_10,231 kişi 105'i hayatta,True,,ocr_output/Sheila/Sheila_Worksheet_Titanic.json
Sheila,WS15,DTI_11,titanic_vs1_test.DTI_11,96 kişinin 56'sı hayatta,True,,ocr_output/Sheila/Sheila_Worksheet_Titanic.json
Sheila,WS15,DTI_12,titanic_vs1_test.DTI_12,135 kişinin 49'u hayatta,True,,ocr_output/Sheila/Sheila_Worksheet_Titanic.json
Sheila,WS15,DTI_13,titanic_vs1_test.DTI_13,female,True,,ocr_output/Sheila/Sheila_Worksheet_Titanic.json
Sheila,WS15,DTI_14,titanic_vs1_test.DTI_14,56 + 86 + 40 [corrected] 56 + 86 / 231 =,False,NUMERIC_TOLERANCE,ocr_output/Sheila/Sheila_Worksheet_Titanic.json
Sheila,WS15,DTI_15,titanic_vs1_test.DTI_15,56 / 56 + 49 =,True,,ocr_output/Sheila/Sheila_Worksheet_Titanic.json
Sheila,WS15,DTI_16,titanic_vs1_test.DTI_16,86 / 86 + 40,True,,ocr_output/Sheila/Sheila_Worksheet_Titanic.json
Sheila,WS15,DTI_17,titanic_vs1_test.DTI_17,56 / 56 + 40,True,,ocr_output/Sheila/Sheila_Worksheet_Titanic.json
Sheila,WS15,DTI_18,titanic_vs1_test.DTI_18,40 + 49 / 231,True,,ocr_output/Sheila/Sheila_Worksheet_Titanic.json
Sheila,WS15,DTI_19,titanic_vs1_interpretation.DTI_19,Var veri setinin dengesizliğinden,True,,ocr_output/Sheila/Sheila_Worksheet_Titanic.json
Sheila,WS15,DTI_20,titanic_vs1_interpretation.DTI_20,model hem eğitimde hem de test setinde yetersiz,True,,ocr_output/Sheila/Sheila_Worksheet_Titanic.json
Sheila,WS15,DTI_21,titanic_vs1_interpretation.DTI_21,Modelin performansı verimli çok performansı değildir,True,,ocr_output/Sheila/Sheila_Worksheet_Titanic.json
Sheila,WS15,DTI_22,titanic_vs1_interpretation.DTI_22,Modelin performansı orta düzeyde,True,,ocr_output/Sheila/Sheila_Worksheet_Titanic.json
Sheila,WS15,DTI_23,titanic_vs2_egitim.DTI_23,834 456 hayatta,True,,ocr_output/Sheila/Sheila_Worksheet_Titanic.json
Sheila,WS15,DTI_24,titanic_vs2_egitim.DTI_24,304 kişi 128'i hayatta,True,,ocr_output/Sheila/Sheila_Worksheet_Titanic.json
Sheila,WS15,DTI_25,titanic_vs2_egitim.DTI_25,530 kişi bunda 328'i ölmüş,True,,ocr_output/Sheila/Sheila_Worksheet_Titanic.json
Sheila,WS15,DTI_26,titanic_vs2_egitim.DTI_26,female,True,,ocr_output/Sheila/Sheila_Worksheet_Titanic.json
Sheila,WS15,DTI_27,titanic_vs2_egitim.DTI_27,128 + 202 / 834,True,,ocr_output/Sheila/Sheila_Worksheet_Titanic.json
Sheila,WS15,DTI_28,titanic_vs2_egitim.DTI_28,128 / 128 + 328,True,,ocr_output/Sheila/Sheila_Worksheet_Titanic.json
Sheila,WS15,DTI_29,titanic_vs2_egitim.DTI_29,202 / 202 + 128,False,NUMERIC_TOLERANCE,ocr_output/Sheila/Sheila_Worksheet_Titanic.json
Sheila,WS15,DTI_30,titanic_vs2_egitim.DTI_30,128 / 128 + 128,False,NUMERIC_TOLERANCE,ocr_output/Sheila/Sheila_Worksheet_Titanic.json
Sheila,WS15,DTI_31,titanic_vs2_egitim.DTI_31,176 + 328 / 834,True,,ocr_output/Sheila/Sheila_Worksheet_Titanic.json
Sheila,WS15,DTI_32,titanic_vs2_test.DTI_32,209,True,,ocr_output/Sheila/Sheila_Worksheet_Titanic.json
Sheila,WS15,DTI_33,titanic_vs2_test.DTI_33,82 kişi 61'i hayatta,True,,ocr_output/Sheila/Sheila_Worksheet_Titanic.json
Sheila,WS15,DTI_34,titanic_vs2_test.DTI_34,127 kişi 24'ü hayatta,True,,ocr_output/Sheila/Sheila_Worksheet_Titanic.json
Sheila,WS15,DTI_35,titanic_vs2_test.DTI_35,female,True,,ocr_output/Sheila/Sheila_Worksheet_Titanic.json
Sheila,WS15,DTI_36,titanic_vs2_test.DTI_36,61 + 103 / 209,True,,ocr_output/Sheila/Sheila_Worksheet_Titanic.json
Sheila,WS15,DTI_37,titanic_vs2_test.DTI_37,61 / 61 + 24,True,,ocr_output/Sheila/Sheila_Worksheet_Titanic.json
Sheila,WS15,DTI_38,titanic_vs2_test.DTI_38,103 / 103 + 21,True,,ocr_output/Sheila/Sheila_Worksheet_Titanic.json
Sheila,WS15,DTI_39,titanic_vs2_test.DTI_39,61 / 61 + 21,True,,ocr_output/Sheila/Sheila_Worksheet_Titanic.json
Sheila,WS15,DTI_40,titanic_vs2_test.DTI_40,61 + 24 / 209,False,NUMERIC_TOLERANCE,ocr_output/Sheila/Sheila_Worksheet_Titanic.json
Sheila,WS15,DTI_41,titanic_vs2_interpretation.DTI_41,Büyük fark var kurgulanmış olduğu için olabilir,True,,ocr_output/Sheila/Sheila_Worksheet_Titanic.json
Sheila,WS15,DTI_42,titanic_vs2_interpretation.DTI_42,"yanlılık, verilerle oynama",True,,ocr_output/Sheila/Sheila_Worksheet_Titanic.json
Sheila,WS15,DTI_43,titanic_vs2_interpretation.DTI_43,yanlılık var da [okunamiyor],False,TRAP_NOT_RECOGNIZED,ocr_output/Sheila/Sheila_Worksheet_Titanic.json
Sheila,WS15,DTI_44,titanic_vs2_interpretation.DTI_44,yanlılık var da,False,TRAP_NOT_RECOGNIZED,ocr_output/Sheila/Sheila_Worksheet_Titanic.json
Sheila,WS15,DTI_45,genel_sorular.DTI_45,Çünkü fazla öğrendiği için çok fazla düşünüp çok farklı yönlerin düşünebilir,True,,ocr_output/Sheila/Sheila_Worksheet_Titanic.json
Sheila,WS15,DTI_46,genel_sorular.DTI_46,(bos),False,BLANK,ocr_output/Sheila/Sheila_Worksheet_Titanic.json
Sheila,WS15,DTI_47,genel_sorular.DTI_47,(bos),False,BLANK,ocr_output/Sheila/Sheila_Worksheet_Titanic.json
Ulysses,WS1,WS1_B1,WS1_B1,Etiket,True,,ocr_output/Ulysses/Ulysses_Worksheet1.json
Ulysses,WS1,WS1_B2,WS1_B2,Nesne,True,,ocr_output/Ulysses/Ulysses_Worksheet1.json
Ulysses,WS1,WS1_B3,WS1_B3,Etiket,False,wrong_term: 'Etiket',ocr_output/Ulysses/Ulysses_Worksheet1.json
Ulysses,WS1,WS1_B4,WS1_B4,Değişken,False,feature_term_instead_of_value_term,ocr_output/Ulysses/Ulysses_Worksheet1.json
Ulysses,WS1,WS1_B5,WS1_B5,nesne,True,,ocr_output/Ulysses/Ulysses_Worksheet1.json
Ulysses,WS1,WS1_B6,WS1_B6,nesne,True,,ocr_output/Ulysses/Ulysses_Worksheet1.json
Ulysses,WS1,WS1_B7,WS1_B7,değişkenler,True,,ocr_output/Ulysses/Ulysses_Worksheet1.json
Ulysses,WS1,WS1_B8,WS1_B8,değişken,False,wrote_term_instead_of_count,ocr_output/Ulysses/Ulysses_Worksheet1.json
Ulysses,WS1,WS1_B9,WS1_B9,(bos),False,blank,ocr_output/Ulysses/Ulysses_Worksheet1.json
Ulysses,WS1,WS1_B10,WS1_B10,nesne,False,abstract_term_instead_of_example,ocr_output/Ulysses/Ulysses_Worksheet1.json
Ulysses,WS1,WS1_B11,WS1_B11,nesne,False,wrong_term: 'nesne',ocr_output/Ulysses/Ulysses_Worksheet1.json
Ulysses,WS3,WS3_B1,WS3_B1,tavsiye edilemez,True,,ocr_output/Ulysses/Ulysses_Worksheet3.json
Ulysses,WS3,WS3_B2,WS3_B2,23 > 8,True,,ocr_output/Ulysses/Ulysses_Worksheet3.json
Ulysses,WS3,WS3_B3,WS3_B3,tavsiye edilebilir,True,,ocr_output/Ulysses/Ulysses_Worksheet3.json
Ulysses,WS3,WS3_B4,WS3_B4,"8 > 0,2",True,,ocr_output/Ulysses/Ulysses_Worksheet3.json
Ulysses,WS3,WS3_B5,WS3_B5,tavsiye edilemez,True,,ocr_output/Ulysses/Ulysses_Worksheet3.json
Ulysses,WS3,WS3_B6,WS3_B6,14 > 8,True,,ocr_output/Ulysses/Ulysses_Worksheet3.json
Ulysses,WS3,WS3_B7,WS3_B7,≤ 100,True,,ocr_output/Ulysses/Ulysses_Worksheet3.json
Ulysses,WS3,WS3_B8,WS3_B8,> 100,True,,ocr_output/Ulysses/Ulysses_Worksheet3.json
Ulysses,WS4,WS4_B1,WS4_B1.threshold_value_raw,patates ile avokado arası,True,,ocr_output/Ulysses/Ulysses_Worksheet4.json
Ulysses,WS4,WS4_B1,WS4_B1.threshold_value_parsed,,True,,ocr_output/Ulysses/Ulysses_Worksheet4.json
Ulysses,WS4,WS4_B1,WS4_B1.placement_description,Patates kızartması ile avokado kartları arasına kalın bir dikey çizgi çizilmiş.,True,,ocr_output/Ulysses/Ulysses_Worksheet4.json
Ulysses,WS4,WS4_B2,WS4_B2.detection_method,circle,,"missing_foods: jelibon, yulaf",ocr_output/Ulysses/Ulysses_Worksheet4.json
Ulysses,WS4,WS4_B2,WS4_B2.circled_cards,"kraker, avokado, patates kızartması",,"missing_foods: jelibon, yulaf",ocr_output/Ulysses/Ulysses_Worksheet4.json
Ulysses,WS4,WS4_B2,WS4_B2.written_foods,,,"missing_foods: jelibon, yulaf",ocr_output/Ulysses/Ulysses_Worksheet4.json
Ulysses,WS4,WS4_B2,WS4_B2.foods_parsed,"kraker, avokado, patates kızartması",,"missing_foods: jelibon, yulaf",ocr_output/Ulysses/Ulysses_Worksheet4.json
Ulysses,WS4,WS4_B3,WS4_B3.response_raw,patates ile avokado arası,False,missing_error_reduction_rationale,ocr_output/Ulysses/Ulysses_Worksheet4.json
Ulysses,WS4,WS4_B4,WS4_B4.agrees_with_pia,True,False,missing_equal_fat_explanation,ocr_output/Ulysses/Ulysses_Worksheet4.json
Ulysses,WS4,WS4_B4,WS4_B4.response_raw,haklı,False,missing_equal_fat_explanation,ocr_output/Ulysses/Ulysses_Worksheet4.json
Ulysses,WS4,WS4_B5,WS4_B5.threshold_value_raw,170 kcal,True,,ocr_output/Ulysses/Ulysses_Worksheet4.json
Ulysses,WS4,WS4_B5,WS4_B5.threshold_value_parsed,170.0,True,,ocr_output/Ulysses/Ulysses_Worksheet4.json
Ulysses,WS5,trials[1],trials[1].trial_id,1,,,ocr_output/Ulysses/Ulysses_Worksheet5.json
Ulysses,WS5,trials[1],trials[1].parsed_feature,karbonhidrat,,,ocr_output/Ulysses/Ulysses_Worksheet5.json
Ulysses,WS5,trials[1],trials[1].left_operator,≤,,,ocr_output/Ulysses/Ulysses_Worksheet5.json
Ulysses,WS5,trials[1],trials[1].left_threshold,20.0,,,ocr_output/Ulysses/Ulysses_Worksheet5.json
Ulysses,WS5,trials[1],trials[1].left_leaf_recommended,4,,,ocr_output/Ulysses/Ulysses_Worksheet5.json
Ulysses,WS5,trials[1],trials[1].left_leaf_not_recommended,0,,,ocr_output/Ulysses/Ulysses_Worksheet5.json
Ulysses,WS5,trials[1],trials[1].right_operator,>,,,ocr_output/Ulysses/Ulysses_Worksheet5.json
Ulysses,WS5,trials[1],trials[1].right_threshold,20.0,,,ocr_output/Ulysses/Ulysses_Worksheet5.json
Ulysses,WS5,trials[1],trials[1].right_leaf_recommended,2,,,ocr_output/Ulysses/Ulysses_Worksheet5.json
Ulysses,WS5,trials[1],trials[1].right_leaf_not_recommended,5,,,ocr_output/Ulysses/Ulysses_Worksheet5.json
Ulysses,WS5,trials[1],trials[1].student_error_count,2,,,ocr_output/Ulysses/Ulysses_Worksheet5.json
Ulysses,WS5,trials[1],trials[1].student_mcr,,,,ocr_output/Ulysses/Ulysses_Worksheet5.json
Ulysses,WS5,trials[2],trials[2].trial_id,2,,,ocr_output/Ulysses/Ulysses_Worksheet5.json
Ulysses,WS5,trials[2],trials[2].parsed_feature,şeker,,,ocr_output/Ulysses/Ulysses_Worksheet5.json
Ulysses,WS5,trials[2],trials[2].left_operator,≤,,,ocr_output/Ulysses/Ulysses_Worksheet5.json
Ulysses,WS5,trials[2],trials[2].left_threshold,2.0,,,ocr_output/Ulysses/Ulysses_Worksheet5.json
Ulysses,WS5,trials[2],trials[2].left_leaf_recommended,5,,,ocr_output/Ulysses/Ulysses_Worksheet5.json
Ulysses,WS5,trials[2],trials[2].left_leaf_not_recommended,1,,,ocr_output/Ulysses/Ulysses_Worksheet5.json
Ulysses,WS5,trials[2],trials[2].right_operator,>,,,ocr_output/Ulysses/Ulysses_Worksheet5.json
Ulysses,WS5,trials[2],trials[2].right_threshold,2.0,,,ocr_output/Ulysses/Ulysses_Worksheet5.json
Ulysses,WS5,trials[2],trials[2].right_leaf_recommended,1,,,ocr_output/Ulysses/Ulysses_Worksheet5.json
Ulysses,WS5,trials[2],trials[2].right_leaf_not_recommended,4,,,ocr_output/Ulysses/Ulysses_Worksheet5.json
Ulysses,WS5,trials[2],trials[2].student_error_count,2,,,ocr_output/Ulysses/Ulysses_Worksheet5.json
Ulysses,WS5,trials[2],trials[2].student_mcr,,,,ocr_output/Ulysses/Ulysses_Worksheet5.json
Ulysses,WS5,trials[3],trials[3].trial_id,3,,,ocr_output/Ulysses/Ulysses_Worksheet5.json
Ulysses,WS5,trials[3],trials[3].parsed_feature,protein,,,ocr_output/Ulysses/Ulysses_Worksheet5.json
Ulysses,WS5,trials[3],trials[3].left_operator,≤,,,ocr_output/Ulysses/Ulysses_Worksheet5.json
Ulysses,WS5,trials[3],trials[3].left_threshold,2.0,,,ocr_output/Ulysses/Ulysses_Worksheet5.json
Ulysses,WS5,trials[3],trials[3].left_leaf_recommended,4,,,ocr_output/Ulysses/Ulysses_Worksheet5.json
Ulysses,WS5,trials[3],trials[3].left_leaf_not_recommended,1,,,ocr_output/Ulysses/Ulysses_Worksheet5.json
Ulysses,WS5,trials[3],trials[3].right_operator,>,,,ocr_output/Ulysses/Ulysses_Worksheet5.json
Ulysses,WS5,trials[3],trials[3].right_threshold,2.0,,,ocr_output/Ulysses/Ulysses_Worksheet5.json
Ulysses,WS5,trials[3],trials[3].right_leaf_recommended,2,,,ocr_output/Ulysses/Ulysses_Worksheet5.json
Ulysses,WS5,trials[3],trials[3].right_leaf_not_recommended,4,,,ocr_output/Ulysses/Ulysses_Worksheet5.json
Ulysses,WS5,trials[3],trials[3].student_error_count,5,,,ocr_output/Ulysses/Ulysses_Worksheet5.json
Ulysses,WS5,trials[3],trials[3].student_mcr,,,,ocr_output/Ulysses/Ulysses_Worksheet5.json
Ulysses,WS5,final_decision_raw,final_decision_raw,protein değişkeni için hangi eşik değerini seçiyorsunuz? Not alın: 2,,,ocr_output/Ulysses/Ulysses_Worksheet5.json
Ulysses,WS6,tree_structure,tree_structure.depth_0.parsed_feature,Enerji,,,ocr_output/Ulysses/Ulysses_Worksheet6.json
Ulysses,WS6,tree_structure,tree_structure.depth_0.left_operator,<,,,ocr_output/Ulysses/Ulysses_Worksheet6.json
Ulysses,WS6,tree_structure,tree_structure.depth_0.left_threshold_value,161.0,,,ocr_output/Ulysses/Ulysses_Worksheet6.json
Ulysses,WS6,tree_structure,tree_structure.depth_0.right_operator,≥,,,ocr_output/Ulysses/Ulysses_Worksheet6.json
Ulysses,WS6,tree_structure,tree_structure.depth_0.right_threshold_value,161.0,,,ocr_output/Ulysses/Ulysses_Worksheet6.json
Ulysses,WS6,tree_structure,tree_structure.depth_1.left_child.parsed_feature,,,,ocr_output/Ulysses/Ulysses_Worksheet6.json
Ulysses,WS6,tree_structure,tree_structure.depth_1.left_child.node_recommended_count,,,,ocr_output/Ulysses/Ulysses_Worksheet6.json
Ulysses,WS6,tree_structure,tree_structure.depth_1.left_child.node_not_recommended_count,,,,ocr_output/Ulysses/Ulysses_Worksheet6.json
Ulysses,WS6,tree_structure,tree_structure.depth_1.left_child.left_operator,,,,ocr_output/Ulysses/Ulysses_Worksheet6.json
Ulysses,WS6,tree_structure,tree_structure.depth_1.left_child.left_threshold_value,,,,ocr_output/Ulysses/Ulysses_Worksheet6.json
Ulysses,WS6,tree_structure,tree_structure.depth_1.left_child.right_operator,,,,ocr_output/Ulysses/Ulysses_Worksheet6.json
Ulysses,WS6,tree_structure,tree_structure.depth_1.left_child.right_threshold_value,,,,ocr_output/Ulysses/Ulysses_Worksheet6.json
Ulysses,WS6,tree_structure,tree_structure.depth_1.right_child.parsed_feature,Yağ,,,ocr_output/Ulysses/Ulysses_Worksheet6.json
Ulysses,WS6,tree_structure,tree_structure.depth_1.right_child.node_recommended_count,,,,ocr_output/Ulysses/Ulysses_Worksheet6.json
Ulysses,WS6,tree_structure,tree_structure.depth_1.right_child.node_not_recommended_count,,,,ocr_output/Ulysses/Ulysses_Worksheet6.json
Ulysses,WS6,tree_structure,tree_structure.depth_1.right_child.left_operator,,,,ocr_output/Ulysses/Ulysses_Worksheet6.json
Ulysses,WS6,tree_structure,tree_structure.depth_1.right_child.left_threshold_value,,,,ocr_output/Ulysses/Ulysses_Worksheet6.json
Ulysses,WS6,tree_structure,tree_structure.depth_1.right_child.right_operator,,,,ocr_output/Ulysses/Ulysses_Worksheet6.json
Ulysses,WS6,tree_structure,tree_structure.depth_1.right_child.right_threshold_value,,,,ocr_output/Ulysses/Ulysses_Worksheet6.json
Ulysses,WS6,tree_structure,tree_structure.depth_2.leaf_nodes.left_left_leaf,,,,ocr_output/Ulysses/Ulysses_Worksheet6.json
Ulysses,WS6,tree_structure,tree_structure.depth_2.leaf_nodes.left_right_leaf,,,,ocr_output/Ulysses/Ulysses_Worksheet6.json
Ulysses,WS6,tree_structure,tree_structure.depth_2.leaf_nodes.right_left_leaf.leaf_label,Şeker - Tavsiye edilemez,,,ocr_output/Ulysses/Ulysses_Worksheet6.json
Ulysses,WS6,tree_structure,tree_structure.depth_2.leaf_nodes.right_left_leaf.leaf_recommended_count,,,,ocr_output/Ulysses/Ulysses_Worksheet6.json
Ulysses,WS6,tree_structure,tree_structure.depth_2.leaf_nodes.right_left_leaf.leaf_not_recommended_count,,,,ocr_output/Ulysses/Ulysses_Worksheet6.json
Ulysses,WS6,tree_structure,tree_structure.depth_2.leaf_nodes.right_right_leaf.leaf_label,Protein - tavsiye edilemez,,,ocr_output/Ulysses/Ulysses_Worksheet6.json
Ulysses,WS6,tree_structure,tree_structure.depth_2.leaf_nodes.right_right_leaf.leaf_recommended_count,,,,ocr_output/Ulysses/Ulysses_Worksheet6.json
Ulysses,WS6,tree_structure,tree_structure.depth_2.leaf_nodes.right_right_leaf.leaf_not_recommended_count,,,,ocr_output/Ulysses/Ulysses_Worksheet6.json
Ulysses,WS7,tree_structure,tree_structure.depth_0.left_operator,≤,,,ocr_output/Ulysses/Ulysses_Worksheet7.json
Ulysses,WS7,tree_structure,tree_structure.depth_0.left_threshold_value,160.0,,,ocr_output/Ulysses/Ulysses_Worksheet7.json
Ulysses,WS7,tree_structure,tree_structure.depth_0.right_operator,>,,,ocr_output/Ulysses/Ulysses_Worksheet7.json
Ulysses,WS7,tree_structure,tree_structure.depth_0.right_threshold_value,160.0,,,ocr_output/Ulysses/Ulysses_Worksheet7.json
Ulysses,WS7,tree_structure,tree_structure.depth_1.left_child.path_label,A,,,ocr_output/Ulysses/Ulysses_Worksheet7.json
Ulysses,WS7,tree_structure,tree_structure.depth_1.left_child.node_recommended_count,yes,,,ocr_output/Ulysses/Ulysses_Worksheet7.json
Ulysses,WS7,tree_structure,tree_structure.depth_1.left_child.node_not_recommended_count,,,,ocr_output/Ulysses/Ulysses_Worksheet7.json
Ulysses,WS7,tree_structure,tree_structure.depth_1.right_child.parsed_feature,Protein,,,ocr_output/Ulysses/Ulysses_Worksheet7.json
Ulysses,WS7,tree_structure,tree_structure.depth_1.right_child.node_recommended_count,,,,ocr_output/Ulysses/Ulysses_Worksheet7.json
Ulysses,WS7,tree_structure,tree_structure.depth_1.right_child.node_not_recommended_count,yes,,,ocr_output/Ulysses/Ulysses_Worksheet7.json
Ulysses,WS7,tree_structure,tree_structure.depth_1.right_child.left_operator,≤,,,ocr_output/Ulysses/Ulysses_Worksheet7.json
Ulysses,WS7,tree_structure,tree_structure.depth_1.right_child.left_threshold_value,7.0,,,ocr_output/Ulysses/Ulysses_Worksheet7.json
Ulysses,WS7,tree_structure,tree_structure.depth_1.right_child.right_operator,>,,,ocr_output/Ulysses/Ulysses_Worksheet7.json
Ulysses,WS7,tree_structure,tree_structure.depth_1.right_child.right_threshold_value,7.0,,,ocr_output/Ulysses/Ulysses_Worksheet7.json
Ulysses,WS7,tree_structure,tree_structure.depth_2.leaf_nodes.right_left_leaf.path_label,B,,,ocr_output/Ulysses/Ulysses_Worksheet7.json
Ulysses,WS7,tree_structure,tree_structure.depth_2.leaf_nodes.right_left_leaf.leaf_recommended_count,,,,ocr_output/Ulysses/Ulysses_Worksheet7.json
Ulysses,WS7,tree_structure,tree_structure.depth_2.leaf_nodes.right_left_leaf.leaf_not_recommended_count,yes,,,ocr_output/Ulysses/Ulysses_Worksheet7.json
Ulysses,WS7,tree_structure,tree_structure.depth_2.leaf_nodes.right_right_leaf.path_label,C,,,ocr_output/Ulysses/Ulysses_Worksheet7.json
Ulysses,WS7,tree_structure,tree_structure.depth_2.leaf_nodes.right_right_leaf.leaf_recommended_count,yes,,,ocr_output/Ulysses/Ulysses_Worksheet7.json
Ulysses,WS7,tree_structure,tree_structure.depth_2.leaf_nodes.right_right_leaf.leaf_not_recommended_count,,,,ocr_output/Ulysses/Ulysses_Worksheet7.json
Ulysses,WS7,rule_matching,rule_matching.rule_1_box,,,,ocr_output/Ulysses/Ulysses_Worksheet7.json
Ulysses,WS7,rule_matching,rule_matching.rule_2_box,,,,ocr_output/Ulysses/Ulysses_Worksheet7.json
Ulysses,WS7,rule_matching,rule_matching.rule_3_box,,,,ocr_output/Ulysses/Ulysses_Worksheet7.json
Ulysses,WS10,WS10_B1,threshold_error_table.WS10_B1.error_count_parsed,4,True,,ocr_output/Ulysses/Ulysses_Worksheet10.json
Ulysses,WS10,WS10_B2,threshold_error_table.WS10_B2.error_count_parsed,3,True,,ocr_output/Ulysses/Ulysses_Worksheet10.json
Ulysses,WS10,WS10_B3,threshold_error_table.WS10_B3.error_count_parsed,2,True,,ocr_output/Ulysses/Ulysses_Worksheet10.json
Ulysses,WS10,WS10_B4,threshold_error_table.WS10_B4.error_count_parsed,3,True,,ocr_output/Ulysses/Ulysses_Worksheet10.json
Ulysses,WS10,WS10_B5,threshold_error_table.WS10_B5.error_count_parsed,2,True,,ocr_output/Ulysses/Ulysses_Worksheet10.json
Ulysses,WS10,WS10_B6,threshold_error_table.WS10_B6.error_count_parsed,1,True,,ocr_output/Ulysses/Ulysses_Worksheet10.json
Ulysses,WS10,WS10_B7,threshold_error_table.WS10_B7.error_count_parsed,2,True,,ocr_output/Ulysses/Ulysses_Worksheet10.json
Ulysses,WS10,optimal_threshold,optimal_threshold.value_parsed,408.0,,,ocr_output/Ulysses/Ulysses_Worksheet10.json
Ulysses,WS14,DTI_01,DTI_01,"22 vaka içermekte. %54,5 hasta. Hastaların yarıdan fazlası hasta",True,,ocr_output/Ulysses/Ulysses_Worksheet_Xeno.json
Ulysses,WS14,DTI_02,DTI_02,Mavi saçlı 10 vaka var hiçbiri hasta değil. Hastalık oranı 0. Mavi saçlı olunca hasta olmuyor.,True,,ocr_output/Ulysses/Ulysses_Worksheet_Xeno.json
Ulysses,WS14,DTI_03,DTI_03,Pembe saçlı 12 vaka var ve hepsi hasta. Hastalık oranı 100. Pembe saçlı olunca hasta oluyor.,True,,ocr_output/Ulysses/Ulysses_Worksheet_Xeno.json
Ulysses,WS14,DTI_04,DTI_04,Pembe saçlılar hasta (+) mavi saçlılar (-) olarak etiketlenmiştir,True,,ocr_output/Ulysses/Ulysses_Worksheet_Xeno.json
Ulysses,WS14,DTI_05,DTI_05,(bos),False,BLANK,ocr_output/Ulysses/Ulysses_Worksheet_Xeno.json
Ulysses,WS14,DTI_06,DTI_06,Evet incelediğimiz tüm vakalarda saç rengi iyi bir ayırıcı hata vermiyor.,True,,ocr_output/Ulysses/Ulysses_Worksheet_Xeno.json
Ulysses,WS14,DTI_07,DTI_07,Saç rengi %100 doğru bir değişken olduğu için direkt olarak tahmin yapabiliriz.,True,,ocr_output/Ulysses/Ulysses_Worksheet_Xeno.json
Ulysses,WS14,DTI_08,DTI_08,"Tabiki FN (yanlış negatif), hasta birisi sonu ölümle bile sonuçlanabilecek bir hastalıktaysa onu sağlıklı nitelendirip iyileştirmemek büyük suçtur.",True,,ocr_output/Ulysses/Ulysses_Worksheet_Xeno.json
Ulysses,WS14,DTI_09,DTI_09,Aynı şekilde sağa göre kesin sonuç veren yeni hastalar gördük.,True,,ocr_output/Ulysses/Ulysses_Worksheet_Xeno.json
Ulysses,WS14,DTI_10,DTI_10,17,True,,ocr_output/Ulysses/Ulysses_Worksheet_Xeno.json
Ulysses,WS14,DTI_11,DTI_11,Hastayken hasta dediğimiz,True,,ocr_output/Ulysses/Ulysses_Worksheet_Xeno.json
Ulysses,WS14,DTI_12,DTI_12,15,True,,ocr_output/Ulysses/Ulysses_Worksheet_Xeno.json
Ulysses,WS14,DTI_13,DTI_13,Sağlıklıyken sağlıklı dediğimiz,True,,ocr_output/Ulysses/Ulysses_Worksheet_Xeno.json
Ulysses,WS14,DTI_14,DTI_14,0,True,,ocr_output/Ulysses/Ulysses_Worksheet_Xeno.json
Ulysses,WS14,DTI_15,DTI_15,sağlıklıyken hasta dediğimiz,True,,ocr_output/Ulysses/Ulysses_Worksheet_Xeno.json
Ulysses,WS14,DTI_16,DTI_16,0,True,,ocr_output/Ulysses/Ulysses_Worksheet_Xeno.json
Ulysses,WS14,DTI_17,DTI_17,hastayken sağlıklı dediğimiz,True,,ocr_output/Ulysses/Ulysses_Worksheet_Xeno.json
Ulysses,WS14,DTI_18,DTI_18,32,True,,ocr_output/Ulysses/Ulysses_Worksheet_Xeno.json
Ulysses,WS14,DTI_19,DTI_19,hasta ve sağlıklı toplam,True,,ocr_output/Ulysses/Ulysses_Worksheet_Xeno.json
Ulysses,WS14,DTI_20,DTI_20,17+15 / 32 = 32/32,True,,ocr_output/Ulysses/Ulysses_Worksheet_Xeno.json
Ulysses,WS14,DTI_21,DTI_21,tahminlerdeki doğru oranı,True,,ocr_output/Ulysses/Ulysses_Worksheet_Xeno.json
Ulysses,WS14,DTI_22,DTI_22,17 / (17+0) = 17/17,True,,ocr_output/Ulysses/Ulysses_Worksheet_Xeno.json
Ulysses,WS14,DTI_23,DTI_23,hastaların doğru şekilde hasta tespit edildiğini gösterir,True,,ocr_output/Ulysses/Ulysses_Worksheet_Xeno.json
Ulysses,WS14,DTI_24,DTI_24,15 / (15+0) = 15/15,True,,ocr_output/Ulysses/Ulysses_Worksheet_Xeno.json
Ulysses,WS14,DTI_25,DTI_25,sağlıklıların doğru şekilde sağlıklı tespit edildiğini gösterir,True,,ocr_output/Ulysses/Ulysses_Worksheet_Xeno.json
Ulysses,WS14,DTI_26,DTI_26,17/(17+0) = 17/17,True,,ocr_output/Ulysses/Ulysses_Worksheet_Xeno.json
Ulysses,WS14,DTI_27,DTI_27,hastaların gerçekte ne kadarı hasta,True,,ocr_output/Ulysses/Ulysses_Worksheet_Xeno.json
Ulysses,WS14,DTI_28,DTI_28,[corrected: struck-through text → Duyarlılığı kullanırım. Tüm hastalar içinde gerçekten doğru şekilde hasta olanları tespit ederim.],True,,ocr_output/Ulysses/Ulysses_Worksheet_Xeno.json
Ulysses,WS14,DTI_29,DTI_29,TP / TN,True,,ocr_output/Ulysses/Ulysses_Worksheet_Xeno.json
Ulysses,WS14,DTI_30,DTI_30,Hastaların sağlıklılara oranını verir. Hangisinin daha çok olduğunu görebiliriz.,True,,ocr_output/Ulysses/Ulysses_Worksheet_Xeno.json
Ulysses,WS14,DTI_31,DTI_31,Karşılaştırma yaparken tercih edilebilir.,True,,ocr_output/Ulysses/Ulysses_Worksheet_Xeno.json
Ulysses,WS14,DTI_32,DTI_32,0+0 / 32 = 0,True,,ocr_output/Ulysses/Ulysses_Worksheet_Xeno.json
Ulysses,WS14,DTI_33,DTI_33,yanlış tespit ettiğimiz biri yok,True,,ocr_output/Ulysses/Ulysses_Worksheet_Xeno.json
Ulysses,WS15,DTI_01,titanic_vs1_egitim.DTI_01,290,True,,ocr_output/Ulysses/Ulysses_Worksheet_Titanic.json
Ulysses,WS15,DTI_02,titanic_vs1_egitim.DTI_02,290,True,,ocr_output/Ulysses/Ulysses_Worksheet_Titanic.json
Ulysses,WS15,DTI_03,titanic_vs1_egitim.DTI_03,522,True,,ocr_output/Ulysses/Ulysses_Worksheet_Titanic.json
Ulysses,WS15,DTI_04,titanic_vs1_egitim.DTI_04,290,True,,ocr_output/Ulysses/Ulysses_Worksheet_Titanic.json
Ulysses,WS15,DTI_05,titanic_vs1_egitim.DTI_05,(290+522) / (290+522),True,,ocr_output/Ulysses/Ulysses_Worksheet_Titanic.json
Ulysses,WS15,DTI_06,titanic_vs1_egitim.DTI_06,290/(290+0),True,,ocr_output/Ulysses/Ulysses_Worksheet_Titanic.json
Ulysses,WS15,DTI_07,titanic_vs1_egitim.DTI_07,522/(522+0),True,,ocr_output/Ulysses/Ulysses_Worksheet_Titanic.json
Ulysses,WS15,DTI_08,titanic_vs1_egitim.DTI_08,290/(290+0),True,,ocr_output/Ulysses/Ulysses_Worksheet_Titanic.json
Ulysses,WS15,DTI_09,titanic_vs1_egitim.DTI_09,(0+0)/(522+290),True,,ocr_output/Ulysses/Ulysses_Worksheet_Titanic.json
Ulysses,WS15,DTI_10,titanic_vs1_test.DTI_10,250,True,,ocr_output/Ulysses/Ulysses_Worksheet_Titanic.json
Ulysses,WS15,DTI_11,titanic_vs1_test.DTI_11,450,True,,ocr_output/Ulysses/Ulysses_Worksheet_Titanic.json
Ulysses,WS15,DTI_12,titanic_vs1_test.DTI_12,12,True,,ocr_output/Ulysses/Ulysses_Worksheet_Titanic.json
Ulysses,WS15,DTI_13,titanic_vs1_test.DTI_13,27,True,,ocr_output/Ulysses/Ulysses_Worksheet_Titanic.json
Ulysses,WS15,DTI_14,titanic_vs1_test.DTI_14,(56+86),False,UNPARSEABLE,ocr_output/Ulysses/Ulysses_Worksheet_Titanic.json
Ulysses,WS15,DTI_15,titanic_vs1_test.DTI_15,(bos),False,BLANK,ocr_output/Ulysses/Ulysses_Worksheet_Titanic.json
Ulysses,WS15,DTI_16,titanic_vs1_test.DTI_16,(bos),False,BLANK,ocr_output/Ulysses/Ulysses_Worksheet_Titanic.json
Ulysses,WS15,DTI_17,titanic_vs1_test.DTI_17,(bos),False,BLANK,ocr_output/Ulysses/Ulysses_Worksheet_Titanic.json
Ulysses,WS15,DTI_18,titanic_vs1_test.DTI_18,(bos),False,BLANK,ocr_output/Ulysses/Ulysses_Worksheet_Titanic.json
Ulysses,WS15,DTI_19,titanic_vs1_interpretation.DTI_19,"çok da büyük bir fark yok, bazı farklar mevcuttur.",True,,ocr_output/Ulysses/Ulysses_Worksheet_Titanic.json
Ulysses,WS15,DTI_20,titanic_vs1_interpretation.DTI_20,(bos),False,BLANK,ocr_output/Ulysses/Ulysses_Worksheet_Titanic.json
Ulysses,WS15,DTI_21,titanic_vs1_interpretation.DTI_21,(bos),False,BLANK,ocr_output/Ulysses/Ulysses_Worksheet_Titanic.json
Ulysses,WS15,DTI_22,titanic_vs1_interpretation.DTI_22,(bos),False,BLANK,ocr_output/Ulysses/Ulysses_Worksheet_Titanic.json
Ulysses,WS15,DTI_23,titanic_vs2_egitim.DTI_23,(bos),False,BLANK,ocr_output/Ulysses/Ulysses_Worksheet_Titanic.json
Ulysses,WS15,DTI_24,titanic_vs2_egitim.DTI_24,(bos),False,BLANK,ocr_output/Ulysses/Ulysses_Worksheet_Titanic.json
Ulysses,WS15,DTI_25,titanic_vs2_egitim.DTI_25,(bos),False,BLANK,ocr_output/Ulysses/Ulysses_Worksheet_Titanic.json
Ulysses,WS15,DTI_26,titanic_vs2_egitim.DTI_26,(bos),False,BLANK,ocr_output/Ulysses/Ulysses_Worksheet_Titanic.json
Ulysses,WS15,DTI_27,titanic_vs2_egitim.DTI_27,(bos),False,BLANK,ocr_output/Ulysses/Ulysses_Worksheet_Titanic.json
Ulysses,WS15,DTI_28,titanic_vs2_egitim.DTI_28,(bos),False,BLANK,ocr_output/Ulysses/Ulysses_Worksheet_Titanic.json
Ulysses,WS15,DTI_29,titanic_vs2_egitim.DTI_29,(bos),False,BLANK,ocr_output/Ulysses/Ulysses_Worksheet_Titanic.json
Ulysses,WS15,DTI_30,titanic_vs2_egitim.DTI_30,(bos),False,BLANK,ocr_output/Ulysses/Ulysses_Worksheet_Titanic.json
Ulysses,WS15,DTI_31,titanic_vs2_egitim.DTI_31,(bos),False,BLANK,ocr_output/Ulysses/Ulysses_Worksheet_Titanic.json
Ulysses,WS15,DTI_32,titanic_vs2_test.DTI_32,(bos),False,BLANK,ocr_output/Ulysses/Ulysses_Worksheet_Titanic.json
Ulysses,WS15,DTI_33,titanic_vs2_test.DTI_33,(bos),False,BLANK,ocr_output/Ulysses/Ulysses_Worksheet_Titanic.json
Ulysses,WS15,DTI_34,titanic_vs2_test.DTI_34,(bos),False,BLANK,ocr_output/Ulysses/Ulysses_Worksheet_Titanic.json
Ulysses,WS15,DTI_35,titanic_vs2_test.DTI_35,(bos),False,BLANK,ocr_output/Ulysses/Ulysses_Worksheet_Titanic.json
Ulysses,WS15,DTI_36,titanic_vs2_test.DTI_36,(bos),False,BLANK,ocr_output/Ulysses/Ulysses_Worksheet_Titanic.json
Ulysses,WS15,DTI_37,titanic_vs2_test.DTI_37,(bos),False,BLANK,ocr_output/Ulysses/Ulysses_Worksheet_Titanic.json
Ulysses,WS15,DTI_38,titanic_vs2_test.DTI_38,(bos),False,BLANK,ocr_output/Ulysses/Ulysses_Worksheet_Titanic.json
Ulysses,WS15,DTI_39,titanic_vs2_test.DTI_39,(bos),False,BLANK,ocr_output/Ulysses/Ulysses_Worksheet_Titanic.json
Ulysses,WS15,DTI_40,titanic_vs2_test.DTI_40,(bos),False,BLANK,ocr_output/Ulysses/Ulysses_Worksheet_Titanic.json
Ulysses,WS15,DTI_41,titanic_vs2_interpretation.DTI_41,"var, eğitimden geçemedi",True,,ocr_output/Ulysses/Ulysses_Worksheet_Titanic.json
Ulysses,WS15,DTI_42,titanic_vs2_interpretation.DTI_42,model hem eğitim hem test durumunda yanlış sergiledi underfitting durumu oldu.,True,,ocr_output/Ulysses/Ulysses_Worksheet_Titanic.json
Ulysses,WS15,DTI_43,titanic_vs2_interpretation.DTI_43,veri setiyle alakalı bir durum.,False,TRAP_NOT_RECOGNIZED,ocr_output/Ulysses/Ulysses_Worksheet_Titanic.json
Ulysses,WS15,DTI_44,titanic_vs2_interpretation.DTI_44,(bos),False,BLANK,ocr_output/Ulysses/Ulysses_Worksheet_Titanic.json
Ulysses,WS15,DTI_45,genel_sorular.DTI_45,Dengeli olmalıdır.,True,,ocr_output/Ulysses/Ulysses_Worksheet_Titanic.json
Ulysses,WS15,DTI_46,genel_sorular.DTI_46,Test ettiğimizde diğer değerleri karşılaştırdığımızda yeni yanlışlar çıkması gerçek olarak her şeyin mükemmel olmadığını gösterir.,True,,ocr_output/Ulysses/Ulysses_Worksheet_Titanic.json
Ulysses,WS15,DTI_47,genel_sorular.DTI_47,(bos),False,BLANK,ocr_output/Ulysses/Ulysses_Worksheet_Titanic.json
Zara,WS1,WS1_B1,WS1_B1,Etiket,True,,ocr_output/Zara/Zara_Worksheet1.json
Zara,WS1,WS1_B2,WS1_B2,Nesne,True,,ocr_output/Zara/Zara_Worksheet1.json
Zara,WS1,WS1_B3,WS1_B3,Karakteristik,True,,ocr_output/Zara/Zara_Worksheet1.json
Zara,WS1,WS1_B4,WS1_B4,Karakteristik,False,feature_term_instead_of_value_term,ocr_output/Zara/Zara_Worksheet1.json
Zara,WS1,WS1_B5,WS1_B5,nesne,True,,ocr_output/Zara/Zara_Worksheet1.json
Zara,WS1,WS1_B6,WS1_B6,nesne,True,,ocr_output/Zara/Zara_Worksheet1.json
Zara,WS1,WS1_B7,WS1_B7,değişken,True,,ocr_output/Zara/Zara_Worksheet1.json
Zara,WS1,WS1_B8,WS1_B8,7 tane,True,,ocr_output/Zara/Zara_Worksheet1.json
Zara,WS1,WS1_B9,WS1_B9,"Enerji, Yağ, Doymuş Yağ, Karbonhidrat, Şeker, Protein, Tuz",True,,ocr_output/Zara/Zara_Worksheet1.json
Zara,WS1,WS1_B10,WS1_B10,nesne,False,abstract_term_instead_of_example,ocr_output/Zara/Zara_Worksheet1.json
Zara,WS1,WS1_B11,WS1_B11,etiket,True,,ocr_output/Zara/Zara_Worksheet1.json
Zara,WS3,WS3_B1,WS3_B1,tavsiye edilemez,True,,ocr_output/Zara/Zara_Worksheet3.json
Zara,WS3,WS3_B2,WS3_B2,"23,0 > 8,0",True,,ocr_output/Zara/Zara_Worksheet3.json
Zara,WS3,WS3_B3,WS3_B3,tavsiye edilebilir,True,,ocr_output/Zara/Zara_Worksheet3.json
Zara,WS3,WS3_B4,WS3_B4,"0,2 < 8,0",True,,ocr_output/Zara/Zara_Worksheet3.json
Zara,WS3,WS3_B5,WS3_B5,tavsiye edilemez,True,,ocr_output/Zara/Zara_Worksheet3.json
Zara,WS3,WS3_B6,WS3_B6,"24,0 > 8,0",,,ocr_output/Zara/Zara_Worksheet3.json
Zara,WS3,WS3_B7,WS3_B7,10,False,,ocr_output/Zara/Zara_Worksheet3.json
Zara,WS3,WS3_B8,WS3_B8,250,False,,ocr_output/Zara/Zara_Worksheet3.json
Zara,WS4,WS4_B1,WS4_B1.threshold_value_raw,Yulaf ile Avokado arasında,False,wrong_threshold_placement,ocr_output/Zara/Zara_Worksheet4.json
Zara,WS4,WS4_B1,WS4_B1.threshold_value_parsed,,False,wrong_threshold_placement,ocr_output/Zara/Zara_Worksheet4.json
Zara,WS4,WS4_B1,WS4_B1.placement_description,"Yulaf ve Avokado kartları arasına yerleştirilmiş bir eşik değeri notu yazılmış, dikey çizgi net görünmüyor.",False,wrong_threshold_placement,ocr_output/Zara/Zara_Worksheet4.json
Zara,WS4,WS4_B2,WS4_B2.detection_method,both,True,,ocr_output/Zara/Zara_Worksheet4.json
Zara,WS4,WS4_B2,WS4_B2.circled_cards,"jelibon, kraker, yulaf, avokado",True,,ocr_output/Zara/Zara_Worksheet4.json
Zara,WS4,WS4_B2,WS4_B2.written_foods,,True,,ocr_output/Zara/Zara_Worksheet4.json
Zara,WS4,WS4_B2,WS4_B2.foods_parsed,"jelibon, kraker, yulaf, avokado",True,,ocr_output/Zara/Zara_Worksheet4.json
Zara,WS4,WS4_B3,WS4_B3.response_raw,Yulaf ile avokado arasında,False,missing_error_reduction_rationale,ocr_output/Zara/Zara_Worksheet4.json
Zara,WS4,WS4_B4,WS4_B4.agrees_with_pia,True,False,missing_equal_fat_explanation,ocr_output/Zara/Zara_Worksheet4.json
Zara,WS4,WS4_B4,WS4_B4.response_raw,Evet hata sayısı fazla,False,missing_equal_fat_explanation,ocr_output/Zara/Zara_Worksheet4.json
Zara,WS4,WS4_B5,WS4_B5.threshold_value_raw,200,True,,ocr_output/Zara/Zara_Worksheet4.json
Zara,WS4,WS4_B5,WS4_B5.threshold_value_parsed,200.0,True,,ocr_output/Zara/Zara_Worksheet4.json
Zara,WS5,trials[1],trials[1].trial_id,1,,,ocr_output/Zara/Zara_Worksheet5.json
Zara,WS5,trials[1],trials[1].parsed_feature,Enerji,,,ocr_output/Zara/Zara_Worksheet5.json
Zara,WS5,trials[1],trials[1].left_operator,<,,,ocr_output/Zara/Zara_Worksheet5.json
Zara,WS5,trials[1],trials[1].left_threshold,200.0,,,ocr_output/Zara/Zara_Worksheet5.json
Zara,WS5,trials[1],trials[1].left_leaf_recommended,4,,,ocr_output/Zara/Zara_Worksheet5.json
Zara,WS5,trials[1],trials[1].left_leaf_not_recommended,0,,,ocr_output/Zara/Zara_Worksheet5.json
Zara,WS5,trials[1],trials[1].right_operator,<,,,ocr_output/Zara/Zara_Worksheet5.json
Zara,WS5,trials[1],trials[1].right_threshold,200.0,,,ocr_output/Zara/Zara_Worksheet5.json
Zara,WS5,trials[1],trials[1].right_leaf_recommended,2,,,ocr_output/Zara/Zara_Worksheet5.json
Zara,WS5,trials[1],trials[1].right_leaf_not_recommended,5,,,ocr_output/Zara/Zara_Worksheet5.json
Zara,WS5,trials[1],trials[1].student_error_count,2,,,ocr_output/Zara/Zara_Worksheet5.json
Zara,WS5,trials[1],trials[1].student_mcr,,,,ocr_output/Zara/Zara_Worksheet5.json
Zara,WS5,trials[2],trials[2].trial_id,2,,,ocr_output/Zara/Zara_Worksheet5.json
Zara,WS5,trials[2],trials[2].parsed_feature,Protein,,,ocr_output/Zara/Zara_Worksheet5.json
Zara,WS5,trials[2],trials[2].left_operator,<,,,ocr_output/Zara/Zara_Worksheet5.json
Zara,WS5,trials[2],trials[2].left_threshold,2.0,,,ocr_output/Zara/Zara_Worksheet5.json
Zara,WS5,trials[2],trials[2].left_leaf_recommended,4,,,ocr_output/Zara/Zara_Worksheet5.json
Zara,WS5,trials[2],trials[2].left_leaf_not_recommended,1,,,ocr_output/Zara/Zara_Worksheet5.json
Zara,WS5,trials[2],trials[2].right_operator,<,,,ocr_output/Zara/Zara_Worksheet5.json
Zara,WS5,trials[2],trials[2].right_threshold,2.0,,,ocr_output/Zara/Zara_Worksheet5.json
Zara,WS5,trials[2],trials[2].right_leaf_recommended,2,,,ocr_output/Zara/Zara_Worksheet5.json
Zara,WS5,trials[2],trials[2].right_leaf_not_recommended,4,,,ocr_output/Zara/Zara_Worksheet5.json
Zara,WS5,trials[2],trials[2].student_error_count,3,,,ocr_output/Zara/Zara_Worksheet5.json
Zara,WS5,trials[2],trials[2].student_mcr,,,,ocr_output/Zara/Zara_Worksheet5.json
Zara,WS5,trials[3],trials[3].trial_id,3,,,ocr_output/Zara/Zara_Worksheet5.json
Zara,WS5,trials[3],trials[3].parsed_feature,Şeker,,,ocr_output/Zara/Zara_Worksheet5.json
Zara,WS5,trials[3],trials[3].left_operator,<,,,ocr_output/Zara/Zara_Worksheet5.json
Zara,WS5,trials[3],trials[3].left_threshold,2.0,,,ocr_output/Zara/Zara_Worksheet5.json
Zara,WS5,trials[3],trials[3].left_leaf_recommended,5,,,ocr_output/Zara/Zara_Worksheet5.json
Zara,WS5,trials[3],trials[3].left_leaf_not_recommended,1,,,ocr_output/Zara/Zara_Worksheet5.json
Zara,WS5,trials[3],trials[3].right_operator,<,,,ocr_output/Zara/Zara_Worksheet5.json
Zara,WS5,trials[3],trials[3].right_threshold,2.0,,,ocr_output/Zara/Zara_Worksheet5.json
Zara,WS5,trials[3],trials[3].right_leaf_recommended,1,,,ocr_output/Zara/Zara_Worksheet5.json
Zara,WS5,trials[3],trials[3].right_leaf_not_recommended,4,,,ocr_output/Zara/Zara_Worksheet5.json
Zara,WS5,trials[3],trials[3].student_error_count,2,,,ocr_output/Zara/Zara_Worksheet5.json
Zara,WS5,trials[3],trials[3].student_mcr,,,,ocr_output/Zara/Zara_Worksheet5.json
Zara,WS5,final_decision_raw,final_decision_raw,Şeker değişkeni için hangi eşik değerini seçiyorsunuz? Not alın: Hata Sayısı 2 daha kullanışlı.,,,ocr_output/Zara/Zara_Worksheet5.json
Zara,WS6,tree_structure,tree_structure.depth_0.parsed_feature,Enerji,,,ocr_output/Zara/Zara_Worksheet6.json
Zara,WS6,tree_structure,tree_structure.depth_0.left_operator,<,,,ocr_output/Zara/Zara_Worksheet6.json
Zara,WS6,tree_structure,tree_structure.depth_0.left_threshold_value,200.0,,,ocr_output/Zara/Zara_Worksheet6.json
Zara,WS6,tree_structure,tree_structure.depth_0.right_operator,≤,,,ocr_output/Zara/Zara_Worksheet6.json
Zara,WS6,tree_structure,tree_structure.depth_0.right_threshold_value,200.0,,,ocr_output/Zara/Zara_Worksheet6.json
Zara,WS6,tree_structure,tree_structure.depth_1.left_child.parsed_feature,(bos),,,ocr_output/Zara/Zara_Worksheet6.json
Zara,WS6,tree_structure,tree_structure.depth_1.left_child.node_recommended_count,4,,,ocr_output/Zara/Zara_Worksheet6.json
Zara,WS6,tree_structure,tree_structure.depth_1.left_child.node_not_recommended_count,,,,ocr_output/Zara/Zara_Worksheet6.json
Zara,WS6,tree_structure,tree_structure.depth_1.left_child.left_operator,,,,ocr_output/Zara/Zara_Worksheet6.json
Zara,WS6,tree_structure,tree_structure.depth_1.left_child.left_threshold_value,,,,ocr_output/Zara/Zara_Worksheet6.json
Zara,WS6,tree_structure,tree_structure.depth_1.left_child.right_operator,,,,ocr_output/Zara/Zara_Worksheet6.json
Zara,WS6,tree_structure,tree_structure.depth_1.left_child.right_threshold_value,,,,ocr_output/Zara/Zara_Worksheet6.json
Zara,WS6,tree_structure,tree_structure.depth_1.right_child.parsed_feature,Şeker,,,ocr_output/Zara/Zara_Worksheet6.json
Zara,WS6,tree_structure,tree_structure.depth_1.right_child.node_recommended_count,2,,,ocr_output/Zara/Zara_Worksheet6.json
Zara,WS6,tree_structure,tree_structure.depth_1.right_child.node_not_recommended_count,5,,,ocr_output/Zara/Zara_Worksheet6.json
Zara,WS6,tree_structure,tree_structure.depth_1.right_child.left_operator,<,,,ocr_output/Zara/Zara_Worksheet6.json
Zara,WS6,tree_structure,tree_structure.depth_1.right_child.left_threshold_value,1.0,,,ocr_output/Zara/Zara_Worksheet6.json
Zara,WS6,tree_structure,tree_structure.depth_1.right_child.right_operator,≥,,,ocr_output/Zara/Zara_Worksheet6.json
Zara,WS6,tree_structure,tree_structure.depth_1.right_child.right_threshold_value,1.0,,,ocr_output/Zara/Zara_Worksheet6.json
Zara,WS6,tree_structure,tree_structure.depth_2.leaf_nodes.left_left_leaf.leaf_label,,,,ocr_output/Zara/Zara_Worksheet6.json
Zara,WS6,tree_structure,tree_structure.depth_2.leaf_nodes.left_left_leaf.leaf_recommended_count,,,,ocr_output/Zara/Zara_Worksheet6.json
Zara,WS6,tree_structure,tree_structure.depth_2.leaf_nodes.left_left_leaf.leaf_not_recommended_count,,,,ocr_output/Zara/Zara_Worksheet6.json
Zara,WS6,tree_structure,tree_structure.depth_2.leaf_nodes.left_right_leaf.leaf_label,,,,ocr_output/Zara/Zara_Worksheet6.json
Zara,WS6,tree_structure,tree_structure.depth_2.leaf_nodes.left_right_leaf.leaf_recommended_count,,,,ocr_output/Zara/Zara_Worksheet6.json
Zara,WS6,tree_structure,tree_structure.depth_2.leaf_nodes.left_right_leaf.leaf_not_recommended_count,,,,ocr_output/Zara/Zara_Worksheet6.json
Zara,WS6,tree_structure,tree_structure.depth_2.leaf_nodes.right_left_leaf.leaf_label,tavsiye edilir,,,ocr_output/Zara/Zara_Worksheet6.json
Zara,WS6,tree_structure,tree_structure.depth_2.leaf_nodes.right_left_leaf.leaf_recommended_count,2,,,ocr_output/Zara/Zara_Worksheet6.json
Zara,WS6,tree_structure,tree_structure.depth_2.leaf_nodes.right_left_leaf.leaf_not_recommended_count,,,,ocr_output/Zara/Zara_Worksheet6.json
Zara,WS6,tree_structure,tree_structure.depth_2.leaf_nodes.right_right_leaf.leaf_label,tavsiye edilemez,,,ocr_output/Zara/Zara_Worksheet6.json
Zara,WS6,tree_structure,tree_structure.depth_2.leaf_nodes.right_right_leaf.leaf_recommended_count,,,,ocr_output/Zara/Zara_Worksheet6.json
Zara,WS6,tree_structure,tree_structure.depth_2.leaf_nodes.right_right_leaf.leaf_not_recommended_count,4,,,ocr_output/Zara/Zara_Worksheet6.json
Zara,WS7,tree_structure,tree_structure.depth_0.left_operator,<,,,ocr_output/Zara/Zara_Worksheet7.json
Zara,WS7,tree_structure,tree_structure.depth_0.left_threshold_value,200.0,,,ocr_output/Zara/Zara_Worksheet7.json
Zara,WS7,tree_structure,tree_structure.depth_0.right_operator,≤,,,ocr_output/Zara/Zara_Worksheet7.json
Zara,WS7,tree_structure,tree_structure.depth_0.right_threshold_value,200.0,,,ocr_output/Zara/Zara_Worksheet7.json
Zara,WS7,tree_structure,tree_structure.depth_1.left_child.path_label,A,,,ocr_output/Zara/Zara_Worksheet7.json
Zara,WS7,tree_structure,tree_structure.depth_1.left_child.node_recommended_count,yes,,,ocr_output/Zara/Zara_Worksheet7.json
Zara,WS7,tree_structure,tree_structure.depth_1.left_child.node_not_recommended_count,,,,ocr_output/Zara/Zara_Worksheet7.json
Zara,WS7,tree_structure,tree_structure.depth_1.right_child.parsed_feature,Protein,,,ocr_output/Zara/Zara_Worksheet7.json
Zara,WS7,tree_structure,tree_structure.depth_1.right_child.node_recommended_count,,,,ocr_output/Zara/Zara_Worksheet7.json
Zara,WS7,tree_structure,tree_structure.depth_1.right_child.node_not_recommended_count,yes,,,ocr_output/Zara/Zara_Worksheet7.json
Zara,WS7,tree_structure,tree_structure.depth_1.right_child.left_operator,<,,,ocr_output/Zara/Zara_Worksheet7.json
Zara,WS7,tree_structure,tree_structure.depth_1.right_child.left_threshold_value,11.0,,,ocr_output/Zara/Zara_Worksheet7.json
Zara,WS7,tree_structure,tree_structure.depth_1.right_child.right_operator,≤,,,ocr_output/Zara/Zara_Worksheet7.json
Zara,WS7,tree_structure,tree_structure.depth_1.right_child.right_threshold_value,11.0,,,ocr_output/Zara/Zara_Worksheet7.json
Zara,WS7,tree_structure,tree_structure.depth_2.leaf_nodes.right_left_leaf.path_label,B,,,ocr_output/Zara/Zara_Worksheet7.json
Zara,WS7,tree_structure,tree_structure.depth_2.leaf_nodes.right_left_leaf.leaf_recommended_count,,,,ocr_output/Zara/Zara_Worksheet7.json
Zara,WS7,tree_structure,tree_structure.depth_2.leaf_nodes.right_left_leaf.leaf_not_recommended_count,,,,ocr_output/Zara/Zara_Worksheet7.json
Zara,WS7,tree_structure,tree_structure.depth_2.leaf_nodes.right_right_leaf.path_label,C,,,ocr_output/Zara/Zara_Worksheet7.json
Zara,WS7,tree_structure,tree_structure.depth_2.leaf_nodes.right_right_leaf.leaf_recommended_count,,,,ocr_output/Zara/Zara_Worksheet7.json
Zara,WS7,tree_structure,tree_structure.depth_2.leaf_nodes.right_right_leaf.leaf_not_recommended_count,,,,ocr_output/Zara/Zara_Worksheet7.json
Zara,WS7,rule_matching,rule_matching.rule_1_box,,,,ocr_output/Zara/Zara_Worksheet7.json
Zara,WS7,rule_matching,rule_matching.rule_2_box,,,,ocr_output/Zara/Zara_Worksheet7.json
Zara,WS7,rule_matching,rule_matching.rule_3_box,,,,ocr_output/Zara/Zara_Worksheet7.json
Zara,WS10,WS10_B1,threshold_error_table.WS10_B1.error_count_parsed,4,True,,ocr_output/Zara/Zara_Worksheet10.json
Zara,WS10,WS10_B2,threshold_error_table.WS10_B2.error_count_parsed,3,True,,ocr_output/Zara/Zara_Worksheet10.json
Zara,WS10,WS10_B3,threshold_error_table.WS10_B3.error_count_parsed,2,True,,ocr_output/Zara/Zara_Worksheet10.json
Zara,WS10,WS10_B4,threshold_error_table.WS10_B4.error_count_parsed,3,True,,ocr_output/Zara/Zara_Worksheet10.json
Zara,WS10,WS10_B5,threshold_error_table.WS10_B5.error_count_parsed,2,True,,ocr_output/Zara/Zara_Worksheet10.json
Zara,WS10,WS10_B6,threshold_error_table.WS10_B6.error_count_parsed,1,True,,ocr_output/Zara/Zara_Worksheet10.json
Zara,WS10,WS10_B7,threshold_error_table.WS10_B7.error_count_parsed,2,True,,ocr_output/Zara/Zara_Worksheet10.json
Zara,WS10,optimal_threshold,optimal_threshold.value_parsed,408.0,,,ocr_output/Zara/Zara_Worksheet10.json
Zara,WS14,DTI_01,DTI_01,"10 vaka, %50 hasta",True,,ocr_output/Zara/Zara_Worksheet_Xeno.json
Zara,WS14,DTI_02,DTI_02,"5 vaka, 0 tanesi hasta, Mavi saçlı sağlıklıdır",True,,ocr_output/Zara/Zara_Worksheet_Xeno.json
Zara,WS14,DTI_03,DTI_03,"5 vaka, 5'i hasta, Pembe saçlı olan hastadır",True,,ocr_output/Zara/Zara_Worksheet_Xeno.json
Zara,WS14,DTI_04,DTI_04,Pembe saçlı kutu hasta,True,,ocr_output/Zara/Zara_Worksheet_Xeno.json
Zara,WS14,DTI_05,DTI_05,(bos),False,BLANK,ocr_output/Zara/Zara_Worksheet_Xeno.json
Zara,WS14,DTI_06,DTI_06,"Evet, hata oranı olarak daha az hata verdi",True,,ocr_output/Zara/Zara_Worksheet_Xeno.json
Zara,WS14,DTI_07,DTI_07,%90 derdim.,True,,ocr_output/Zara/Zara_Worksheet_Xeno.json
Zara,WS14,DTI_08,DTI_08,"FN daha tehlikelidir, çünkü hasta bireyin hastalığına çözüm bulunmazsa hastanın hayatı tehlikeye girer.",True,,ocr_output/Zara/Zara_Worksheet_Xeno.json
Zara,WS14,DTI_09,DTI_09,1 tane hata verdi,True,,ocr_output/Zara/Zara_Worksheet_Xeno.json
Zara,WS14,DTI_10,DTI_10,13,True,,ocr_output/Zara/Zara_Worksheet_Xeno.json
Zara,WS14,DTI_11,DTI_11,Model hasta dedi gerçekten hasta,True,,ocr_output/Zara/Zara_Worksheet_Xeno.json
Zara,WS14,DTI_12,DTI_12,12,True,,ocr_output/Zara/Zara_Worksheet_Xeno.json
Zara,WS14,DTI_13,DTI_13,Model sağlıklı dedi gerçekten sağlıklı,True,,ocr_output/Zara/Zara_Worksheet_Xeno.json
Zara,WS14,DTI_14,DTI_14,0,True,,ocr_output/Zara/Zara_Worksheet_Xeno.json
Zara,WS14,DTI_15,DTI_15,Model hasta dedi ama sağlıklı,True,,ocr_output/Zara/Zara_Worksheet_Xeno.json
Zara,WS14,DTI_16,DTI_16,0,True,,ocr_output/Zara/Zara_Worksheet_Xeno.json
Zara,WS14,DTI_17,DTI_17,Model sağlıklı dedi ama hasta,True,,ocr_output/Zara/Zara_Worksheet_Xeno.json
Zara,WS14,DTI_18,DTI_18,25,True,,ocr_output/Zara/Zara_Worksheet_Xeno.json
Zara,WS14,DTI_19,DTI_19,Toplam sayı,True,,ocr_output/Zara/Zara_Worksheet_Xeno.json
Zara,WS14,DTI_20,DTI_20,13+12 / 25 = 1,True,,ocr_output/Zara/Zara_Worksheet_Xeno.json
Zara,WS14,DTI_21,DTI_21,Doğruluk oranı iyi hata miktarı az.,True,,ocr_output/Zara/Zara_Worksheet_Xeno.json
Zara,WS14,DTI_22,DTI_22,13 / 13+0 = 1,True,,ocr_output/Zara/Zara_Worksheet_Xeno.json
Zara,WS14,DTI_23,DTI_23,Gerçekten hasta olan bireylerin hasta olduğu oranı 1,True,,ocr_output/Zara/Zara_Worksheet_Xeno.json
Zara,WS14,DTI_24,DTI_24,12 / 12+0 = 1,True,,ocr_output/Zara/Zara_Worksheet_Xeno.json
Zara,WS14,DTI_25,DTI_25,Gerçekten sağlıklı olan bireylerin sağlıklı olduğu oranı 1,True,,ocr_output/Zara/Zara_Worksheet_Xeno.json
Zara,WS14,DTI_26,DTI_26,13 / 13+0 = 1,True,,ocr_output/Zara/Zara_Worksheet_Xeno.json
Zara,WS14,DTI_27,DTI_27,Modelin hasta dediği vakaların ne kadarı gerçekten hasta,True,,ocr_output/Zara/Zara_Worksheet_Xeno.json
Zara,WS14,DTI_28,DTI_28,"Doğruluk metriğini kullanırım, Tüm tahminlerin içinde doğru olanın oranını verir.",True,,ocr_output/Zara/Zara_Worksheet_Xeno.json
Zara,WS14,DTI_29,DTI_29,(TP+TN) / N / TP / (TP+FN) = 13+12/25 / 13/13+0 = 1,True,,ocr_output/Zara/Zara_Worksheet_Xeno.json
Zara,WS14,DTI_30,DTI_30,TN/(TN+FP) . (TP+FP)/TP = 12/12+0 . 13+0/13 = 1,True,,ocr_output/Zara/Zara_Worksheet_Xeno.json
Zara,WS14,DTI_31,DTI_31,Ekstra hata payının aza inmesi için kullanılabilir,True,,ocr_output/Zara/Zara_Worksheet_Xeno.json
Zara,WS14,DTI_32,DTI_32,(0) / 25 = 0,True,,ocr_output/Zara/Zara_Worksheet_Xeno.json
Zara,WS14,DTI_33,DTI_33,Hata oranı yok.,True,,ocr_output/Zara/Zara_Worksheet_Xeno.json
Zara,WS15,DTI_01,titanic_vs1_egitim.DTI_01,812   290'ı hayatta,True,,ocr_output/Zara/Zara_Worksheet_Titanic.json
Zara,WS15,DTI_02,titanic_vs1_egitim.DTI_02,290   290'ı hayatta,True,,ocr_output/Zara/Zara_Worksheet_Titanic.json
Zara,WS15,DTI_03,titanic_vs1_egitim.DTI_03,522   0'ı hayatta,True,,ocr_output/Zara/Zara_Worksheet_Titanic.json
Zara,WS15,DTI_04,titanic_vs1_egitim.DTI_04,Female,True,,ocr_output/Zara/Zara_Worksheet_Titanic.json
Zara,WS15,DTI_05,titanic_vs1_egitim.DTI_05,(290+522) / 812 = 1,True,,ocr_output/Zara/Zara_Worksheet_Titanic.json
Zara,WS15,DTI_06,titanic_vs1_egitim.DTI_06,(290) / 290+0 = 1,True,,ocr_output/Zara/Zara_Worksheet_Titanic.json
Zara,WS15,DTI_07,titanic_vs1_egitim.DTI_07,522 / 522+0 = 1,True,,ocr_output/Zara/Zara_Worksheet_Titanic.json
Zara,WS15,DTI_08,titanic_vs1_egitim.DTI_08,290 / 290+0 = 1,True,,ocr_output/Zara/Zara_Worksheet_Titanic.json
Zara,WS15,DTI_09,titanic_vs1_egitim.DTI_09,0 / 812 = 0,True,,ocr_output/Zara/Zara_Worksheet_Titanic.json
Zara,WS15,DTI_10,titanic_vs1_test.DTI_10,231   96'sı hayatta,True,,ocr_output/Zara/Zara_Worksheet_Titanic.json
Zara,WS15,DTI_11,titanic_vs1_test.DTI_11,96   56'sı hayatta,True,,ocr_output/Zara/Zara_Worksheet_Titanic.json
Zara,WS15,DTI_12,titanic_vs1_test.DTI_12,135   40'ı hayatta,True,,ocr_output/Zara/Zara_Worksheet_Titanic.json
Zara,WS15,DTI_13,titanic_vs1_test.DTI_13,Female,True,,ocr_output/Zara/Zara_Worksheet_Titanic.json
Zara,WS15,DTI_14,titanic_vs1_test.DTI_14,56+86 / 231 = 142 / 231,True,,ocr_output/Zara/Zara_Worksheet_Titanic.json
Zara,WS15,DTI_15,titanic_vs1_test.DTI_15,56 / 56+49 = 56 / 105,True,,ocr_output/Zara/Zara_Worksheet_Titanic.json
Zara,WS15,DTI_16,titanic_vs1_test.DTI_16,86 / 86+40 = 86 / 126,True,,ocr_output/Zara/Zara_Worksheet_Titanic.json
Zara,WS15,DTI_17,titanic_vs1_test.DTI_17,56 / 56+40 = 56 / 96,True,,ocr_output/Zara/Zara_Worksheet_Titanic.json
Zara,WS15,DTI_18,titanic_vs1_test.DTI_18,40+49 / 231 = 89 / 231,True,,ocr_output/Zara/Zara_Worksheet_Titanic.json
Zara,WS15,DTI_19,titanic_vs1_interpretation.DTI_19,Model daha önce görmediği bir veride başarısız oldu.,True,,ocr_output/Zara/Zara_Worksheet_Titanic.json
Zara,WS15,DTI_20,titanic_vs1_interpretation.DTI_20,Model daha önce görmediği test verisinde başarısız oldu.,True,,ocr_output/Zara/Zara_Worksheet_Titanic.json
Zara,WS15,DTI_21,titanic_vs1_interpretation.DTI_21,Modelin hayatta kalma oranını düşürdü. Model geliştirilmeli,True,,ocr_output/Zara/Zara_Worksheet_Titanic.json
Zara,WS15,DTI_22,titanic_vs1_interpretation.DTI_22,Hata oranı artmış bu modelin performansını düşürmüştür.,True,,ocr_output/Zara/Zara_Worksheet_Titanic.json
Zara,WS15,DTI_23,titanic_vs2_egitim.DTI_23,834,True,,ocr_output/Zara/Zara_Worksheet_Titanic.json
Zara,WS15,DTI_24,titanic_vs2_egitim.DTI_24,(bos),False,BLANK,ocr_output/Zara/Zara_Worksheet_Titanic.json
Zara,WS15,DTI_25,titanic_vs2_egitim.DTI_25,(bos),False,BLANK,ocr_output/Zara/Zara_Worksheet_Titanic.json
Zara,WS15,DTI_26,titanic_vs2_egitim.DTI_26,(bos),False,BLANK,ocr_output/Zara/Zara_Worksheet_Titanic.json
Zara,WS15,DTI_27,titanic_vs2_egitim.DTI_27,(bos),False,BLANK,ocr_output/Zara/Zara_Worksheet_Titanic.json
Zara,WS15,DTI_28,titanic_vs2_egitim.DTI_28,(bos),False,BLANK,ocr_output/Zara/Zara_Worksheet_Titanic.json
Zara,WS15,DTI_29,titanic_vs2_egitim.DTI_29,(bos),False,BLANK,ocr_output/Zara/Zara_Worksheet_Titanic.json
Zara,WS15,DTI_30,titanic_vs2_egitim.DTI_30,(bos),False,BLANK,ocr_output/Zara/Zara_Worksheet_Titanic.json
Zara,WS15,DTI_31,titanic_vs2_egitim.DTI_31,(bos),False,BLANK,ocr_output/Zara/Zara_Worksheet_Titanic.json
Zara,WS15,DTI_32,titanic_vs2_test.DTI_32,(bos),False,BLANK,ocr_output/Zara/Zara_Worksheet_Titanic.json
Zara,WS15,DTI_33,titanic_vs2_test.DTI_33,(bos),False,BLANK,ocr_output/Zara/Zara_Worksheet_Titanic.json
Zara,WS15,DTI_34,titanic_vs2_test.DTI_34,(bos),False,BLANK,ocr_output/Zara/Zara_Worksheet_Titanic.json
Zara,WS15,DTI_35,titanic_vs2_test.DTI_35,(bos),False,BLANK,ocr_output/Zara/Zara_Worksheet_Titanic.json
Zara,WS15,DTI_36,titanic_vs2_test.DTI_36,(bos),False,BLANK,ocr_output/Zara/Zara_Worksheet_Titanic.json
Zara,WS15,DTI_37,titanic_vs2_test.DTI_37,(bos),False,BLANK,ocr_output/Zara/Zara_Worksheet_Titanic.json
Zara,WS15,DTI_38,titanic_vs2_test.DTI_38,(bos),False,BLANK,ocr_output/Zara/Zara_Worksheet_Titanic.json
Zara,WS15,DTI_39,titanic_vs2_test.DTI_39,(bos),False,BLANK,ocr_output/Zara/Zara_Worksheet_Titanic.json
Zara,WS15,DTI_40,titanic_vs2_test.DTI_40,(bos),False,BLANK,ocr_output/Zara/Zara_Worksheet_Titanic.json
Zara,WS15,DTI_41,titanic_vs2_interpretation.DTI_41,(bos),False,BLANK,ocr_output/Zara/Zara_Worksheet_Titanic.json
Zara,WS15,DTI_42,titanic_vs2_interpretation.DTI_42,Model başarısız oldu.,True,,ocr_output/Zara/Zara_Worksheet_Titanic.json
Zara,WS15,DTI_43,titanic_vs2_interpretation.DTI_43,underfitting söz konusu oldu.,True,,ocr_output/Zara/Zara_Worksheet_Titanic.json
Zara,WS15,DTI_44,titanic_vs2_interpretation.DTI_44,Ne yazık ki istenilene ulaşılamadı,False,TRAP_NOT_RECOGNIZED,ocr_output/Zara/Zara_Worksheet_Titanic.json
Zara,WS15,DTI_45,genel_sorular.DTI_45,(bos),False,BLANK,ocr_output/Zara/Zara_Worksheet_Titanic.json
Zara,WS15,DTI_46,genel_sorular.DTI_46,(bos),False,BLANK,ocr_output/Zara/Zara_Worksheet_Titanic.json
Zara,WS15,DTI_47,genel_sorular.DTI_47,(bos),False,BLANK,ocr_output/Zara/Zara_Worksheet_Titanic.json
